{
    "dialogue-id": "1407214635", 
    "group-id": "subset_j", 
    "speaker-id": "01_01", 
    "turns": [
        {
            "annotations": [
                {
                    "annotator-id": "06_B", 
                    "breakdown": "O", 
                    "comment": "", 
                    "ungrammatical-sentence": "O"
                }, 
                {
                    "annotator-id": "14_A", 
                    "breakdown": "O", 
                    "comment": "", 
                    "ungrammatical-sentence": "O"
                }, 
                {
                    "annotator-id": "14_B", 
                    "breakdown": "O", 
                    "comment": "", 
                    "ungrammatical-sentence": "O"
                }
            ], 
            "speaker": "S", 
            "time": "2014-08-05 13:55:24", 
            "turn-index": 0, 
            "utterance": "こんにちは。ちょうど退屈してたんだ。"
        }, 
        {
            "annotations": [], 
            "speaker": "U", 
            "time": "2014-08-05 13:55:36", 
            "turn-index": 1, 
            "utterance": "パソコン，どんなのがいいかな"
        }, 
        {
            "annotations": [
                {
                    "annotator-id": "06_B", 
                    "breakdown": "O", 
                    "comment": "", 
                    "ungrammatical-sentence": "O"
                }, 
                {
                    "annotator-id": "14_A", 
                    "breakdown": "O", 
                    "comment": "", 
                    "ungrammatical-sentence": "O"
                }, 
                {
                    "annotator-id": "14_B", 
                    "breakdown": "O", 
                    "comment": "", 
                    "ungrammatical-sentence": "O"
                }
            ], 
            "speaker": "S", 
            "time": "2014-08-05 13:55:36", 
            "turn-index": 2, 
            "utterance": "Macがいいですね"
        }, 
        {
            "annotations": [], 
            "speaker": "U", 
            "time": "2014-08-05 13:55:51", 
            "turn-index": 3, 
            "utterance": "自分はMacは使ったことほとんどないです"
        }, 
        {
            "annotations": [
                {
                    "annotator-id": "06_B", 
                    "breakdown": "T", 
                    "comment": "", 
                    "ungrammatical-sentence": "O"
                }, 
                {
                    "annotator-id": "14_A", 
                    "breakdown": "O", 
                    "comment": "", 
                    "ungrammatical-sentence": "O"
                }, 
                {
                    "annotator-id": "14_B", 
                    "breakdown": "O", 
                    "comment": "", 
                    "ungrammatical-sentence": "O"
                }
            ], 
            "speaker": "S", 
            "time": "2014-08-05 13:55:51", 
            "turn-index": 4, 
            "utterance": "macはいいですね"
        }, 
        {
            "annotations": [], 
            "speaker": "U", 
            "time": "2014-08-05 13:55:55", 
            "turn-index": 5, 
            "utterance": "そうなの"
        }, 
        {
            "annotations": [
                {
                    "annotator-id": "06_B", 
                    "breakdown": "O", 
                    "comment": "", 
                    "ungrammatical-sentence": "O"
                }, 
                {
                    "annotator-id": "14_A", 
                    "breakdown": "O", 
                    "comment": "", 
                    "ungrammatical-sentence": "O"
                }, 
                {
                    "annotator-id": "14_B", 
                    "breakdown": "O", 
                    "comment": "", 
                    "ungrammatical-sentence": "O"
                }
            ], 
            "speaker": "S", 
            "time": "2014-08-05 13:55:55", 
            "turn-index": 6, 
            "utterance": "そうですよ"
        }, 
        {
            "annotations": [], 
            "speaker": "U", 
            "time": "2014-08-05 13:56:07", 
            "turn-index": 7, 
            "utterance": "Linuxがもっと便利になったらいいのに"
        }, 
        {
            "annotations": [
                {
                    "annotator-id": "06_B", 
                    "breakdown": "O", 
                    "comment": "", 
                    "ungrammatical-sentence": "O"
                }, 
                {
                    "annotator-id": "14_A", 
                    "breakdown": "O", 
                    "comment": "", 
                    "ungrammatical-sentence": "O"
                }, 
                {
                    "annotator-id": "14_B", 
                    "breakdown": "O", 
                    "comment": "", 
                    "ungrammatical-sentence": "O"
                }
            ], 
            "speaker": "S", 
            "time": "2014-08-05 13:56:07", 
            "turn-index": 8, 
            "utterance": "権限がめんどくさいですね"
        }, 
        {
            "annotations": [], 
            "speaker": "U", 
            "time": "2014-08-05 13:56:14", 
            "turn-index": 9, 
            "utterance": "そうでもないですよ"
        }, 
        {
            "annotations": [
                {
                    "annotator-id": "06_B", 
                    "breakdown": "O", 
                    "comment": "", 
                    "ungrammatical-sentence": "O"
                }, 
                {
                    "annotator-id": "14_A", 
                    "breakdown": "O", 
                    "comment": "", 
                    "ungrammatical-sentence": "O"
                }, 
                {
                    "annotator-id": "14_B", 
                    "breakdown": "O", 
                    "comment": "", 
                    "ungrammatical-sentence": "O"
                }
            ], 
            "speaker": "S", 
            "time": "2014-08-05 13:56:14", 
            "turn-index": 10, 
            "utterance": "えっ"
        }, 
        {
            "annotations": [], 
            "speaker": "U", 
            "time": "2014-08-05 13:56:30", 
            "turn-index": 11, 
            "utterance": "Windowsかなあ．Officeがあるし"
        }, 
        {
            "annotations": [
                {
                    "annotator-id": "06_B", 
                    "breakdown": "T", 
                    "comment": "", 
                    "ungrammatical-sentence": "O"
                }, 
                {
                    "annotator-id": "14_A", 
                    "breakdown": "O", 
                    "comment": "", 
                    "ungrammatical-sentence": "O"
                }, 
                {
                    "annotator-id": "14_B", 
                    "breakdown": "O", 
                    "comment": "", 
                    "ungrammatical-sentence": "O"
                }
            ], 
            "speaker": "S", 
            "time": "2014-08-05 13:56:30", 
            "turn-index": 12, 
            "utterance": "Windowsがいいですね"
        }, 
        {
            "annotations": [], 
            "speaker": "U", 
            "time": "2014-08-05 13:56:42", 
            "turn-index": 13, 
            "utterance": "まあしょうがないね"
        }, 
        {
            "annotations": [
                {
                    "annotator-id": "06_B", 
                    "breakdown": "O", 
                    "comment": "", 
                    "ungrammatical-sentence": "O"
                }, 
                {
                    "annotator-id": "14_A", 
                    "breakdown": "O", 
                    "comment": "", 
                    "ungrammatical-sentence": "O"
                }, 
                {
                    "annotator-id": "14_B", 
                    "breakdown": "O", 
                    "comment": "", 
                    "ungrammatical-sentence": "O"
                }
            ], 
            "speaker": "S", 
            "time": "2014-08-05 13:56:42", 
            "turn-index": 14, 
            "utterance": "WindowsはXPが使いやすいですね"
        }, 
        {
            "annotations": [], 
            "speaker": "U", 
            "time": "2014-08-05 13:56:53", 
            "turn-index": 15, 
            "utterance": "古いんじゃないですか"
        }, 
        {
            "annotations": [
                {
                    "annotator-id": "06_B", 
                    "breakdown": "X", 
                    "comment": "", 
                    "ungrammatical-sentence": "O"
                }, 
                {
                    "annotator-id": "14_A", 
                    "breakdown": "O", 
                    "comment": "", 
                    "ungrammatical-sentence": "O"
                }, 
                {
                    "annotator-id": "14_B", 
                    "breakdown": "T", 
                    "comment": "主題の変化", 
                    "ungrammatical-sentence": "O"
                }
            ], 
            "speaker": "S", 
            "time": "2014-08-05 13:56:53", 
            "turn-index": 16, 
            "utterance": "Macで使いますよねえ"
        }, 
        {
            "annotations": [], 
            "speaker": "U", 
            "time": "2014-08-05 13:57:01", 
            "turn-index": 17, 
            "utterance": "え"
        }, 
        {
            "annotations": [
                {
                    "annotator-id": "06_B", 
                    "breakdown": "T", 
                    "comment": "", 
                    "ungrammatical-sentence": "O"
                }, 
                {
                    "annotator-id": "14_A", 
                    "breakdown": "O", 
                    "comment": "", 
                    "ungrammatical-sentence": "O"
                }, 
                {
                    "annotator-id": "14_B", 
                    "breakdown": "O", 
                    "comment": "", 
                    "ungrammatical-sentence": "O"
                }
            ], 
            "speaker": "S", 
            "time": "2014-08-05 13:57:01", 
            "turn-index": 18, 
            "utterance": "あら"
        }, 
        {
            "annotations": [], 
            "speaker": "U", 
            "time": "2014-08-05 13:57:12", 
            "turn-index": 19, 
            "utterance": "Windows8 でしょ"
        }, 
        {
            "annotations": [
                {
                    "annotator-id": "06_B", 
                    "breakdown": "O", 
                    "comment": "", 
                    "ungrammatical-sentence": "O"
                }, 
                {
                    "annotator-id": "14_A", 
                    "breakdown": "O", 
                    "comment": "", 
                    "ungrammatical-sentence": "O"
                }, 
                {
                    "annotator-id": "14_B", 
                    "breakdown": "T", 
                    "comment": "ずれている", 
                    "ungrammatical-sentence": "O"
                }
            ], 
            "speaker": "S", 
            "time": "2014-08-05 13:57:12", 
            "turn-index": 20, 
            "utterance": "Windows8がでますか？？"
        }
    ]
}