{
    "dialogue-id": "1407836212", 
    "group-id": "subset_d", 
    "speaker-id": "01_03", 
    "turns": [
        {
            "annotations": [
                {
                    "annotator-id": "05_A", 
                    "breakdown": "O", 
                    "comment": "", 
                    "ungrammatical-sentence": "O"
                }, 
                {
                    "annotator-id": "07_A", 
                    "breakdown": "O", 
                    "comment": "", 
                    "ungrammatical-sentence": "O"
                }
            ], 
            "speaker": "S", 
            "time": "2014-08-12 18:32:02", 
            "turn-index": 0, 
            "utterance": "こんばんは！夏といえばスイカだね。"
        }, 
        {
            "annotations": [], 
            "speaker": "U", 
            "time": "2014-08-12 18:33:19", 
            "turn-index": 1, 
            "utterance": "今日は暑いから夏ですね"
        }, 
        {
            "annotations": [
                {
                    "annotator-id": "05_A", 
                    "breakdown": "X", 
                    "comment": "", 
                    "ungrammatical-sentence": "O"
                }, 
                {
                    "annotator-id": "07_A", 
                    "breakdown": "T", 
                    "comment": "この文はいつも出てくるが，話題の切り替わりがわかりにくく不適切である．", 
                    "ungrammatical-sentence": "O"
                }
            ], 
            "speaker": "S", 
            "time": "2014-08-12 18:33:19", 
            "turn-index": 2, 
            "utterance": "スイカで買い物できてるのですか？"
        }, 
        {
            "annotations": [], 
            "speaker": "U", 
            "time": "2014-08-12 18:33:37", 
            "turn-index": 3, 
            "utterance": "かき氷が食べたいですね"
        }, 
        {
            "annotations": [
                {
                    "annotator-id": "05_A", 
                    "breakdown": "O", 
                    "comment": "", 
                    "ungrammatical-sentence": "O"
                }, 
                {
                    "annotator-id": "07_A", 
                    "breakdown": "O", 
                    "comment": "", 
                    "ungrammatical-sentence": "O"
                }
            ], 
            "speaker": "S", 
            "time": "2014-08-12 18:33:37", 
            "turn-index": 4, 
            "utterance": "かき氷はイチゴ味が好きですね"
        }, 
        {
            "annotations": [], 
            "speaker": "U", 
            "time": "2014-08-12 18:33:52", 
            "turn-index": 5, 
            "utterance": "メロン味のほうが好きですね"
        }, 
        {
            "annotations": [
                {
                    "annotator-id": "05_A", 
                    "breakdown": "X", 
                    "comment": "", 
                    "ungrammatical-sentence": "O"
                }, 
                {
                    "annotator-id": "07_A", 
                    "breakdown": "T", 
                    "comment": "主張が変わっている", 
                    "ungrammatical-sentence": "O"
                }
            ], 
            "speaker": "S", 
            "time": "2014-08-12 18:33:52", 
            "turn-index": 6, 
            "utterance": "かき氷はレモン味が好きですね"
        }, 
        {
            "annotations": [], 
            "speaker": "U", 
            "time": "2014-08-12 18:34:10", 
            "turn-index": 7, 
            "utterance": "レモンもすっきりしていていいですね"
        }, 
        {
            "annotations": [
                {
                    "annotator-id": "05_A", 
                    "breakdown": "O", 
                    "comment": "", 
                    "ungrammatical-sentence": "O"
                }, 
                {
                    "annotator-id": "07_A", 
                    "breakdown": "O", 
                    "comment": "", 
                    "ungrammatical-sentence": "O"
                }
            ], 
            "speaker": "S", 
            "time": "2014-08-12 18:34:10", 
            "turn-index": 8, 
            "utterance": "香りが大好きですね"
        }, 
        {
            "annotations": [], 
            "speaker": "U", 
            "time": "2014-08-12 18:34:43", 
            "turn-index": 9, 
            "utterance": "夏は柑橘類の香りがいいですね"
        }, 
        {
            "annotations": [
                {
                    "annotator-id": "05_A", 
                    "breakdown": "O", 
                    "comment": "", 
                    "ungrammatical-sentence": "O"
                }, 
                {
                    "annotator-id": "07_A", 
                    "breakdown": "O", 
                    "comment": "", 
                    "ungrammatical-sentence": "O"
                }
            ], 
            "speaker": "S", 
            "time": "2014-08-12 18:34:43", 
            "turn-index": 10, 
            "utterance": "相性がいいですね"
        }, 
        {
            "annotations": [], 
            "speaker": "U", 
            "time": "2014-08-12 18:34:54", 
            "turn-index": 11, 
            "utterance": "後味がよくなります"
        }, 
        {
            "annotations": [
                {
                    "annotator-id": "05_A", 
                    "breakdown": "O", 
                    "comment": "", 
                    "ungrammatical-sentence": "O"
                }, 
                {
                    "annotator-id": "07_A", 
                    "breakdown": "O", 
                    "comment": "", 
                    "ungrammatical-sentence": "O"
                }
            ], 
            "speaker": "S", 
            "time": "2014-08-12 18:34:54", 
            "turn-index": 12, 
            "utterance": "後味が悪くないですね"
        }, 
        {
            "annotations": [], 
            "speaker": "U", 
            "time": "2014-08-12 18:35:17", 
            "turn-index": 13, 
            "utterance": "夏にあえて鍋をやるのもいいです"
        }, 
        {
            "annotations": [
                {
                    "annotator-id": "05_A", 
                    "breakdown": "O", 
                    "comment": "", 
                    "ungrammatical-sentence": "O"
                }, 
                {
                    "annotator-id": "07_A", 
                    "breakdown": "O", 
                    "comment": "", 
                    "ungrammatical-sentence": "O"
                }
            ], 
            "speaker": "S", 
            "time": "2014-08-12 18:35:17", 
            "turn-index": 14, 
            "utterance": "大勢がいいですね"
        }, 
        {
            "annotations": [], 
            "speaker": "U", 
            "time": "2014-08-12 18:35:27", 
            "turn-index": 15, 
            "utterance": "わいわいやりたいですね"
        }, 
        {
            "annotations": [
                {
                    "annotator-id": "05_A", 
                    "breakdown": "O", 
                    "comment": "", 
                    "ungrammatical-sentence": "O"
                }, 
                {
                    "annotator-id": "07_A", 
                    "breakdown": "O", 
                    "comment": "", 
                    "ungrammatical-sentence": "O"
                }
            ], 
            "speaker": "S", 
            "time": "2014-08-12 18:35:27", 
            "turn-index": 16, 
            "utterance": "ワイワイがいいですね"
        }, 
        {
            "annotations": [], 
            "speaker": "U", 
            "time": "2014-08-12 18:36:47", 
            "turn-index": 17, 
            "utterance": "夏はみんなで楽しいことがしたいです"
        }, 
        {
            "annotations": [
                {
                    "annotator-id": "05_A", 
                    "breakdown": "O", 
                    "comment": "", 
                    "ungrammatical-sentence": "O"
                }, 
                {
                    "annotator-id": "07_A", 
                    "breakdown": "O", 
                    "comment": "", 
                    "ungrammatical-sentence": "O"
                }
            ], 
            "speaker": "S", 
            "time": "2014-08-12 18:36:47", 
            "turn-index": 18, 
            "utterance": "大人数がいいですよねえ"
        }, 
        {
            "annotations": [], 
            "speaker": "U", 
            "time": "2014-08-12 18:36:48", 
            "turn-index": 19, 
            "utterance": "夏はみんなで楽しいことがしたいです"
        }, 
        {
            "annotations": [
                {
                    "annotator-id": "05_A", 
                    "breakdown": "O", 
                    "comment": "", 
                    "ungrammatical-sentence": "O"
                }, 
                {
                    "annotator-id": "07_A", 
                    "breakdown": "T", 
                    "comment": "前のキーワードを引きずりすぎている．", 
                    "ungrammatical-sentence": "O"
                }
            ], 
            "speaker": "S", 
            "time": "2014-08-12 18:36:48", 
            "turn-index": 20, 
            "utterance": "大人数が好きですよねー"
        }
    ]
}