{
    "dialogue-id": "1407473432", 
    "group-id": "subset_c", 
    "speaker-id": "03_02", 
    "turns": [
        {
            "annotations": [
                {
                    "annotator-id": "04_B", 
                    "breakdown": "O", 
                    "comment": "", 
                    "ungrammatical-sentence": "O"
                }, 
                {
                    "annotator-id": "06_A", 
                    "breakdown": "O", 
                    "comment": "", 
                    "ungrammatical-sentence": "O"
                }
            ], 
            "speaker": "S", 
            "time": "2014-08-08 13:43:01", 
            "turn-index": 0, 
            "utterance": "こんにちは！気軽に声かけてね。"
        }, 
        {
            "annotations": [], 
            "speaker": "U", 
            "time": "2014-08-08 13:43:25", 
            "turn-index": 1, 
            "utterance": "こんにちは。iPhoneは好きですか？"
        }, 
        {
            "annotations": [
                {
                    "annotator-id": "04_B", 
                    "breakdown": "O", 
                    "comment": "", 
                    "ungrammatical-sentence": "O"
                }, 
                {
                    "annotator-id": "06_A", 
                    "breakdown": "O", 
                    "comment": "", 
                    "ungrammatical-sentence": "O"
                }
            ], 
            "speaker": "S", 
            "time": "2014-08-08 13:43:25", 
            "turn-index": 2, 
            "utterance": "iphoneは出来がいいですね"
        }, 
        {
            "annotations": [], 
            "speaker": "U", 
            "time": "2014-08-08 13:44:05", 
            "turn-index": 3, 
            "utterance": "だれでも使えますし、出来はいいですよね。"
        }, 
        {
            "annotations": [
                {
                    "annotator-id": "04_B", 
                    "breakdown": "X", 
                    "comment": "直前の自分の発話と矛盾", 
                    "ungrammatical-sentence": "O"
                }, 
                {
                    "annotator-id": "06_A", 
                    "breakdown": "T", 
                    "comment": "", 
                    "ungrammatical-sentence": "O"
                }
            ], 
            "speaker": "S", 
            "time": "2014-08-08 13:44:05", 
            "turn-index": 4, 
            "utterance": "出来が良くないですね"
        }, 
        {
            "annotations": [], 
            "speaker": "U", 
            "time": "2014-08-08 13:44:53", 
            "turn-index": 5, 
            "utterance": "日本語入力の部分は出来が良くないですね。"
        }, 
        {
            "annotations": [
                {
                    "annotator-id": "04_B", 
                    "breakdown": "T", 
                    "comment": "Uが「日本語入力の部分は」と限定したことに対する同意なら許容", 
                    "ungrammatical-sentence": "O"
                }, 
                {
                    "annotator-id": "06_A", 
                    "breakdown": "O", 
                    "comment": "", 
                    "ungrammatical-sentence": "O"
                }
            ], 
            "speaker": "S", 
            "time": "2014-08-08 13:44:53", 
            "turn-index": 6, 
            "utterance": "出来が良くないですよねー"
        }, 
        {
            "annotations": [], 
            "speaker": "U", 
            "time": "2014-08-08 13:45:27", 
            "turn-index": 7, 
            "utterance": "そうですね。Androidはどう思いますか？"
        }, 
        {
            "annotations": [
                {
                    "annotator-id": "04_B", 
                    "breakdown": "O", 
                    "comment": "", 
                    "ungrammatical-sentence": "O"
                }, 
                {
                    "annotator-id": "06_A", 
                    "breakdown": "O", 
                    "comment": "", 
                    "ungrammatical-sentence": "O"
                }
            ], 
            "speaker": "S", 
            "time": "2014-08-08 13:45:27", 
            "turn-index": 8, 
            "utterance": "androidは自由度が高いですね"
        }, 
        {
            "annotations": [], 
            "speaker": "U", 
            "time": "2014-08-08 13:46:16", 
            "turn-index": 9, 
            "utterance": "確かに、いろいろとカスタマイズが出来ますし、自由度は高いです。"
        }, 
        {
            "annotations": [
                {
                    "annotator-id": "04_B", 
                    "breakdown": "O", 
                    "comment": "", 
                    "ungrammatical-sentence": "O"
                }, 
                {
                    "annotator-id": "06_A", 
                    "breakdown": "O", 
                    "comment": "", 
                    "ungrammatical-sentence": "O"
                }
            ], 
            "speaker": "S", 
            "time": "2014-08-08 13:46:16", 
            "turn-index": 10, 
            "utterance": "カスタマイズはいいですよねー"
        }, 
        {
            "annotations": [], 
            "speaker": "U", 
            "time": "2014-08-08 13:47:46", 
            "turn-index": 11, 
            "utterance": "確かにそうですね。Androidの日本語入力はiPhoneのものより賢いと思います。"
        }, 
        {
            "annotations": [
                {
                    "annotator-id": "04_B", 
                    "breakdown": "T", 
                    "comment": "10の繰り返しなのでしつこく感じる", 
                    "ungrammatical-sentence": "O"
                }, 
                {
                    "annotator-id": "06_A", 
                    "breakdown": "O", 
                    "comment": "", 
                    "ungrammatical-sentence": "O"
                }
            ], 
            "speaker": "S", 
            "time": "2014-08-08 13:47:46", 
            "turn-index": 12, 
            "utterance": "カスタマイズはいいですね"
        }, 
        {
            "annotations": [], 
            "speaker": "U", 
            "time": "2014-08-08 13:48:20", 
            "turn-index": 13, 
            "utterance": "そうですね。Xperiaはどう思いますか？"
        }, 
        {
            "annotations": [
                {
                    "annotator-id": "04_B", 
                    "breakdown": "O", 
                    "comment": "", 
                    "ungrammatical-sentence": "O"
                }, 
                {
                    "annotator-id": "06_A", 
                    "breakdown": "O", 
                    "comment": "", 
                    "ungrammatical-sentence": "O"
                }
            ], 
            "speaker": "S", 
            "time": "2014-08-08 13:48:20", 
            "turn-index": 14, 
            "utterance": "XPERIAは欲しいですね"
        }, 
        {
            "annotations": [], 
            "speaker": "U", 
            "time": "2014-08-08 13:48:53", 
            "turn-index": 15, 
            "utterance": "Xperiaはデザインがいいですしね。"
        }, 
        {
            "annotations": [
                {
                    "annotator-id": "04_B", 
                    "breakdown": "T", 
                    "comment": "14の繰り返しなのでしつこく感じる", 
                    "ungrammatical-sentence": "O"
                }, 
                {
                    "annotator-id": "06_A", 
                    "breakdown": "T", 
                    "comment": "", 
                    "ungrammatical-sentence": "O"
                }
            ], 
            "speaker": "S", 
            "time": "2014-08-08 13:48:53", 
            "turn-index": 16, 
            "utterance": "Xperiaは欲しいですね"
        }, 
        {
            "annotations": [], 
            "speaker": "U", 
            "time": "2014-08-08 13:49:44", 
            "turn-index": 17, 
            "utterance": "デザインがいですし、その気持ちはわかります。"
        }, 
        {
            "annotations": [
                {
                    "annotator-id": "04_B", 
                    "breakdown": "T", 
                    "comment": "欲しいと言っている割にはスペックが良くないとマイナス評価、真意を取りかねる", 
                    "ungrammatical-sentence": "O"
                }, 
                {
                    "annotator-id": "06_A", 
                    "breakdown": "X", 
                    "comment": "事実に反している", 
                    "ungrammatical-sentence": "O"
                }
            ], 
            "speaker": "S", 
            "time": "2014-08-08 13:49:44", 
            "turn-index": 18, 
            "utterance": "Xperiaはスペックが良くないですね"
        }, 
        {
            "annotations": [], 
            "speaker": "U", 
            "time": "2014-08-08 13:50:13", 
            "turn-index": 19, 
            "utterance": "最近のXperiaはよくなっていると思います。"
        }, 
        {
            "annotations": [
                {
                    "annotator-id": "04_B", 
                    "breakdown": "T", 
                    "comment": "14・16の繰り返しなのでしつこく感じる", 
                    "ungrammatical-sentence": "O"
                }, 
                {
                    "annotator-id": "06_A", 
                    "breakdown": "O", 
                    "comment": "", 
                    "ungrammatical-sentence": "O"
                }
            ], 
            "speaker": "S", 
            "time": "2014-08-08 13:50:13", 
            "turn-index": 20, 
            "utterance": "xperiaが欲しいですね"
        }
    ]
}