{
    "dialogue-id": "1407388943", 
    "group-id": "subset_a", 
    "speaker-id": "03_03", 
    "turns": [
        {
            "annotations": [
                {
                    "annotator-id": "01_A", 
                    "breakdown": "O", 
                    "comment": "", 
                    "ungrammatical-sentence": "O"
                }, 
                {
                    "annotator-id": "02_B", 
                    "breakdown": "O", 
                    "comment": "", 
                    "ungrammatical-sentence": "O"
                }
            ], 
            "speaker": "S", 
            "time": "2014-08-07 14:14:38", 
            "turn-index": 0, 
            "utterance": "こんにちは！声かけてくれるのを待ってたんだ。"
        }, 
        {
            "annotations": [], 
            "speaker": "U", 
            "time": "2014-08-07 14:14:43", 
            "turn-index": 1, 
            "utterance": "こんにちは。"
        }, 
        {
            "annotations": [
                {
                    "annotator-id": "01_A", 
                    "breakdown": "T", 
                    "comment": "前の発話と時間が矛盾している", 
                    "ungrammatical-sentence": "O"
                }, 
                {
                    "annotator-id": "02_B", 
                    "breakdown": "T", 
                    "comment": "", 
                    "ungrammatical-sentence": "O"
                }
            ], 
            "speaker": "S", 
            "time": "2014-08-07 14:14:43", 
            "turn-index": 2, 
            "utterance": "こんばんはー"
        }, 
        {
            "annotations": [], 
            "speaker": "U", 
            "time": "2014-08-07 14:15:00", 
            "turn-index": 3, 
            "utterance": "サッカーは好きですか？"
        }, 
        {
            "annotations": [
                {
                    "annotator-id": "01_A", 
                    "breakdown": "T", 
                    "comment": "質問に答えられていない", 
                    "ungrammatical-sentence": "O"
                }, 
                {
                    "annotator-id": "02_B", 
                    "breakdown": "T", 
                    "comment": "", 
                    "ungrammatical-sentence": "O"
                }
            ], 
            "speaker": "S", 
            "time": "2014-08-07 14:15:00", 
            "turn-index": 4, 
            "utterance": "サッカーは欲しいですね"
        }, 
        {
            "annotations": [], 
            "speaker": "U", 
            "time": "2014-08-07 14:15:31", 
            "turn-index": 5, 
            "utterance": "私はサッカー観戦によく行きます。"
        }, 
        {
            "annotations": [
                {
                    "annotator-id": "01_A", 
                    "breakdown": "O", 
                    "comment": "", 
                    "ungrammatical-sentence": "O"
                }, 
                {
                    "annotator-id": "02_B", 
                    "breakdown": "O", 
                    "comment": "", 
                    "ungrammatical-sentence": "O"
                }
            ], 
            "speaker": "S", 
            "time": "2014-08-07 14:15:31", 
            "turn-index": 6, 
            "utterance": "サッカーはおもろいですね"
        }, 
        {
            "annotations": [], 
            "speaker": "U", 
            "time": "2014-08-07 14:16:18", 
            "turn-index": 7, 
            "utterance": "そうですね。ワールドカップ負けてしまったので残念でした。"
        }, 
        {
            "annotations": [
                {
                    "annotator-id": "01_A", 
                    "breakdown": "O", 
                    "comment": "", 
                    "ungrammatical-sentence": "O"
                }, 
                {
                    "annotator-id": "02_B", 
                    "breakdown": "T", 
                    "comment": "", 
                    "ungrammatical-sentence": "O"
                }
            ], 
            "speaker": "S", 
            "time": "2014-08-07 14:16:18", 
            "turn-index": 8, 
            "utterance": "サッカーは下手くそか？？"
        }, 
        {
            "annotations": [], 
            "speaker": "U", 
            "time": "2014-08-07 14:16:50", 
            "turn-index": 9, 
            "utterance": "サッカーはあまり得意ではないです。"
        }, 
        {
            "annotations": [
                {
                    "annotator-id": "01_A", 
                    "breakdown": "T", 
                    "comment": "前の発話を理解していない", 
                    "ungrammatical-sentence": "O"
                }, 
                {
                    "annotator-id": "02_B", 
                    "breakdown": "X", 
                    "comment": "", 
                    "ungrammatical-sentence": "O"
                }
            ], 
            "speaker": "S", 
            "time": "2014-08-07 14:16:50", 
            "turn-index": 10, 
            "utterance": "サッカーは上手ですね"
        }, 
        {
            "annotations": [], 
            "speaker": "U", 
            "time": "2014-08-07 14:17:29", 
            "turn-index": 11, 
            "utterance": "あと野球もたまに観に行きます。"
        }, 
        {
            "annotations": [
                {
                    "annotator-id": "01_A", 
                    "breakdown": "O", 
                    "comment": "", 
                    "ungrammatical-sentence": "O"
                }, 
                {
                    "annotator-id": "02_B", 
                    "breakdown": "O", 
                    "comment": "", 
                    "ungrammatical-sentence": "O"
                }
            ], 
            "speaker": "S", 
            "time": "2014-08-07 14:17:29", 
            "turn-index": 12, 
            "utterance": "野球は得意か？？"
        }, 
        {
            "annotations": [], 
            "speaker": "U", 
            "time": "2014-08-07 14:17:52", 
            "turn-index": 13, 
            "utterance": "野球も得意ではないです。"
        }, 
        {
            "annotations": [
                {
                    "annotator-id": "01_A", 
                    "breakdown": "O", 
                    "comment": "", 
                    "ungrammatical-sentence": "O"
                }, 
                {
                    "annotator-id": "02_B", 
                    "breakdown": "T", 
                    "comment": "", 
                    "ungrammatical-sentence": "O"
                }
            ], 
            "speaker": "S", 
            "time": "2014-08-07 14:17:52", 
            "turn-index": 14, 
            "utterance": "中学から野球を始めますか？？"
        }, 
        {
            "annotations": [], 
            "speaker": "U", 
            "time": "2014-08-07 14:20:26", 
            "turn-index": 15, 
            "utterance": "中学から始めて、高校まで続けたいです。"
        }, 
        {
            "annotations": [
                {
                    "annotator-id": "01_A", 
                    "breakdown": "O", 
                    "comment": "", 
                    "ungrammatical-sentence": "O"
                }, 
                {
                    "annotator-id": "02_B", 
                    "breakdown": "T", 
                    "comment": "", 
                    "ungrammatical-sentence": "O"
                }
            ], 
            "speaker": "S", 
            "time": "2014-08-07 14:20:26", 
            "turn-index": 16, 
            "utterance": "中学は最高ですね"
        }, 
        {
            "annotations": [], 
            "speaker": "U", 
            "time": "2014-08-07 14:21:54", 
            "turn-index": 17, 
            "utterance": "修学旅行が楽しかったですね。"
        }, 
        {
            "annotations": [
                {
                    "annotator-id": "01_A", 
                    "breakdown": "O", 
                    "comment": "", 
                    "ungrammatical-sentence": "O"
                }, 
                {
                    "annotator-id": "02_B", 
                    "breakdown": "O", 
                    "comment": "", 
                    "ungrammatical-sentence": "O"
                }
            ], 
            "speaker": "S", 
            "time": "2014-08-07 14:21:54", 
            "turn-index": 18, 
            "utterance": "行くまでが楽しいですね"
        }, 
        {
            "annotations": [], 
            "speaker": "U", 
            "time": "2014-08-07 14:22:18", 
            "turn-index": 19, 
            "utterance": "そうですね。私は福岡へ行きました。"
        }, 
        {
            "annotations": [
                {
                    "annotator-id": "01_A", 
                    "breakdown": "O", 
                    "comment": "", 
                    "ungrammatical-sentence": "O"
                }, 
                {
                    "annotator-id": "02_B", 
                    "breakdown": "O", 
                    "comment": "", 
                    "ungrammatical-sentence": "O"
                }
            ], 
            "speaker": "S", 
            "time": "2014-08-07 14:22:18", 
            "turn-index": 20, 
            "utterance": "福岡は食べ物が美味しいですね"
        }
    ]
}