{
    "dialogue-id": "1407995299", 
    "group-id": "subset_b", 
    "speaker-id": "05_05", 
    "turns": [
        {
            "annotations": [
                {
                    "annotator-id": "02_A", 
                    "breakdown": "O", 
                    "comment": "", 
                    "ungrammatical-sentence": "O"
                }, 
                {
                    "annotator-id": "03_A", 
                    "breakdown": "O", 
                    "comment": "", 
                    "ungrammatical-sentence": "O"
                }
            ], 
            "speaker": "S", 
            "time": "2014-08-14 14:44:12", 
            "turn-index": 0, 
            "utterance": "こんにちは！海へ行きたいね。"
        }, 
        {
            "annotations": [], 
            "speaker": "U", 
            "time": "2014-08-14 14:44:33", 
            "turn-index": 1, 
            "utterance": "こんにちは！海行きたいね"
        }, 
        {
            "annotations": [
                {
                    "annotator-id": "02_A", 
                    "breakdown": "T", 
                    "comment": "", 
                    "ungrammatical-sentence": "O"
                }, 
                {
                    "annotator-id": "03_A", 
                    "breakdown": "T", 
                    "comment": "", 
                    "ungrammatical-sentence": "O"
                }
            ], 
            "speaker": "S", 
            "time": "2014-08-14 14:44:33", 
            "turn-index": 2, 
            "utterance": "海に行かないんですね？"
        }, 
        {
            "annotations": [], 
            "speaker": "U", 
            "time": "2014-08-14 14:44:51", 
            "turn-index": 3, 
            "utterance": "今のところ予定はないです"
        }, 
        {
            "annotations": [
                {
                    "annotator-id": "02_A", 
                    "breakdown": "O", 
                    "comment": "", 
                    "ungrammatical-sentence": "O"
                }, 
                {
                    "annotator-id": "03_A", 
                    "breakdown": "O", 
                    "comment": "", 
                    "ungrammatical-sentence": "O"
                }
            ], 
            "speaker": "S", 
            "time": "2014-08-14 14:44:51", 
            "turn-index": 4, 
            "utterance": "海は一人で行ってます？"
        }, 
        {
            "annotations": [], 
            "speaker": "U", 
            "time": "2014-08-14 14:45:05", 
            "turn-index": 5, 
            "utterance": "一人では行きたくないな"
        }, 
        {
            "annotations": [
                {
                    "annotator-id": "02_A", 
                    "breakdown": "X", 
                    "comment": "", 
                    "ungrammatical-sentence": "O"
                }, 
                {
                    "annotator-id": "03_A", 
                    "breakdown": "O", 
                    "comment": "", 
                    "ungrammatical-sentence": "O"
                }
            ], 
            "speaker": "S", 
            "time": "2014-08-14 14:45:05", 
            "turn-index": 6, 
            "utterance": "気持ちがいいですね"
        }, 
        {
            "annotations": [], 
            "speaker": "U", 
            "time": "2014-08-14 14:46:09", 
            "turn-index": 7, 
            "utterance": "海で泳いだらきもちいいだろうね"
        }, 
        {
            "annotations": [
                {
                    "annotator-id": "02_A", 
                    "breakdown": "O", 
                    "comment": "", 
                    "ungrammatical-sentence": "O"
                }, 
                {
                    "annotator-id": "03_A", 
                    "breakdown": "O", 
                    "comment": "", 
                    "ungrammatical-sentence": "O"
                }
            ], 
            "speaker": "S", 
            "time": "2014-08-14 14:46:09", 
            "turn-index": 8, 
            "utterance": "海は好きですね"
        }, 
        {
            "annotations": [], 
            "speaker": "U", 
            "time": "2014-08-14 14:46:30", 
            "turn-index": 9, 
            "utterance": "嫌いじゃない"
        }, 
        {
            "annotations": [
                {
                    "annotator-id": "02_A", 
                    "breakdown": "T", 
                    "comment": "", 
                    "ungrammatical-sentence": "O"
                }, 
                {
                    "annotator-id": "03_A", 
                    "breakdown": "T", 
                    "comment": "", 
                    "ungrammatical-sentence": "O"
                }
            ], 
            "speaker": "S", 
            "time": "2014-08-14 14:46:30", 
            "turn-index": 10, 
            "utterance": "ありがとう"
        }, 
        {
            "annotations": [], 
            "speaker": "U", 
            "time": "2014-08-14 14:46:36", 
            "turn-index": 11, 
            "utterance": "いえいえ"
        }, 
        {
            "annotations": [
                {
                    "annotator-id": "02_A", 
                    "breakdown": "X", 
                    "comment": "", 
                    "ungrammatical-sentence": "O"
                }, 
                {
                    "annotator-id": "03_A", 
                    "breakdown": "O", 
                    "comment": "", 
                    "ungrammatical-sentence": "O"
                }
            ], 
            "speaker": "S", 
            "time": "2014-08-14 14:46:36", 
            "turn-index": 12, 
            "utterance": "助かりました"
        }, 
        {
            "annotations": [], 
            "speaker": "U", 
            "time": "2014-08-14 14:47:29", 
            "turn-index": 13, 
            "utterance": "海行く予定はあるのですか？"
        }, 
        {
            "annotations": [
                {
                    "annotator-id": "02_A", 
                    "breakdown": "T", 
                    "comment": "", 
                    "ungrammatical-sentence": "O"
                }, 
                {
                    "annotator-id": "03_A", 
                    "breakdown": "T", 
                    "comment": "", 
                    "ungrammatical-sentence": "O"
                }
            ], 
            "speaker": "S", 
            "time": "2014-08-14 14:47:29", 
            "turn-index": 14, 
            "utterance": "海は穏やかだそうですよ"
        }, 
        {
            "annotations": [], 
            "speaker": "U", 
            "time": "2014-08-14 14:47:47", 
            "turn-index": 15, 
            "utterance": "今日は天気悪いし荒れてそうだけど"
        }, 
        {
            "annotations": [
                {
                    "annotator-id": "02_A", 
                    "breakdown": "O", 
                    "comment": "", 
                    "ungrammatical-sentence": "O"
                }, 
                {
                    "annotator-id": "03_A", 
                    "breakdown": "T", 
                    "comment": "", 
                    "ungrammatical-sentence": "O"
                }
            ], 
            "speaker": "S", 
            "time": "2014-08-14 14:47:47", 
            "turn-index": 16, 
            "utterance": "天気は涼しいらしい"
        }, 
        {
            "annotations": [], 
            "speaker": "U", 
            "time": "2014-08-14 14:48:04", 
            "turn-index": 17, 
            "utterance": "今日は暑いよ"
        }, 
        {
            "annotations": [
                {
                    "annotator-id": "02_A", 
                    "breakdown": "T", 
                    "comment": "", 
                    "ungrammatical-sentence": "O"
                }, 
                {
                    "annotator-id": "03_A", 
                    "breakdown": "O", 
                    "comment": "", 
                    "ungrammatical-sentence": "O"
                }
            ], 
            "speaker": "S", 
            "time": "2014-08-14 14:48:04", 
            "turn-index": 18, 
            "utterance": "午後から天気が悪いです"
        }, 
        {
            "annotations": [], 
            "speaker": "U", 
            "time": "2014-08-14 14:48:16", 
            "turn-index": 19, 
            "utterance": "朝も雨降ってたけどね"
        }, 
        {
            "annotations": [
                {
                    "annotator-id": "02_A", 
                    "breakdown": "O", 
                    "comment": "", 
                    "ungrammatical-sentence": "O"
                }, 
                {
                    "annotator-id": "03_A", 
                    "breakdown": "O", 
                    "comment": "", 
                    "ungrammatical-sentence": "O"
                }
            ], 
            "speaker": "S", 
            "time": "2014-08-14 14:48:16", 
            "turn-index": 20, 
            "utterance": "雨は大丈夫ですね"
        }
    ]
}