{
    "dialogue-id": "1407996871", 
    "group-id": "subset_f", 
    "speaker-id": "05_04", 
    "turns": [
        {
            "annotations": [
                {
                    "annotator-id": "09_A", 
                    "breakdown": "O", 
                    "comment": "", 
                    "ungrammatical-sentence": "O"
                }, 
                {
                    "annotator-id": "10_B", 
                    "breakdown": "O", 
                    "comment": "", 
                    "ungrammatical-sentence": "O"
                }
            ], 
            "speaker": "S", 
            "time": "2014-08-14 15:11:50", 
            "turn-index": 0, 
            "utterance": "こんにちは。ちょうど退屈してたんだ。"
        }, 
        {
            "annotations": [], 
            "speaker": "U", 
            "time": "2014-08-14 15:12:12", 
            "turn-index": 1, 
            "utterance": "こんにちは。私は忙しいです。"
        }, 
        {
            "annotations": [
                {
                    "annotator-id": "09_A", 
                    "breakdown": "X", 
                    "comment": "忙しいと言っている", 
                    "ungrammatical-sentence": "O"
                }, 
                {
                    "annotator-id": "10_B", 
                    "breakdown": "T", 
                    "comment": "", 
                    "ungrammatical-sentence": "O"
                }
            ], 
            "speaker": "S", 
            "time": "2014-08-14 15:12:12", 
            "turn-index": 2, 
            "utterance": "退屈になりがちか"
        }, 
        {
            "annotations": [], 
            "speaker": "U", 
            "time": "2014-08-14 15:12:21", 
            "turn-index": 3, 
            "utterance": "忙しいんです。"
        }, 
        {
            "annotations": [
                {
                    "annotator-id": "09_A", 
                    "breakdown": "O", 
                    "comment": "", 
                    "ungrammatical-sentence": "O"
                }, 
                {
                    "annotator-id": "10_B", 
                    "breakdown": "O", 
                    "comment": "", 
                    "ungrammatical-sentence": "O"
                }
            ], 
            "speaker": "S", 
            "time": "2014-08-14 15:12:21", 
            "turn-index": 4, 
            "utterance": "体に気をつけてください。"
        }, 
        {
            "annotations": [], 
            "speaker": "U", 
            "time": "2014-08-14 15:12:32", 
            "turn-index": 5, 
            "utterance": "ありがとう。さようなら。"
        }, 
        {
            "annotations": [
                {
                    "annotator-id": "09_A", 
                    "breakdown": "X", 
                    "comment": "忙しいと2度言われている", 
                    "ungrammatical-sentence": "O"
                }, 
                {
                    "annotator-id": "10_B", 
                    "breakdown": "X", 
                    "comment": "", 
                    "ungrammatical-sentence": "O"
                }
            ], 
            "speaker": "S", 
            "time": "2014-08-14 15:12:32", 
            "turn-index": 6, 
            "utterance": "退屈で寝てますか？"
        }, 
        {
            "annotations": [], 
            "speaker": "U", 
            "time": "2014-08-14 15:12:44", 
            "turn-index": 7, 
            "utterance": "忙しいと言ってるんです。"
        }, 
        {
            "annotations": [
                {
                    "annotator-id": "09_A", 
                    "breakdown": "X", 
                    "comment": "何の変化？", 
                    "ungrammatical-sentence": "O"
                }, 
                {
                    "annotator-id": "10_B", 
                    "breakdown": "X", 
                    "comment": "", 
                    "ungrammatical-sentence": "O"
                }
            ], 
            "speaker": "S", 
            "time": "2014-08-14 15:12:44", 
            "turn-index": 8, 
            "utterance": "変化が起きますか？？"
        }, 
        {
            "annotations": [], 
            "speaker": "U", 
            "time": "2014-08-14 15:13:24", 
            "turn-index": 9, 
            "utterance": "毎日が違って楽しいですよ。"
        }, 
        {
            "annotations": [
                {
                    "annotator-id": "09_A", 
                    "breakdown": "X", 
                    "comment": "意味がわからない", 
                    "ungrammatical-sentence": "O"
                }, 
                {
                    "annotator-id": "10_B", 
                    "breakdown": "X", 
                    "comment": "", 
                    "ungrammatical-sentence": "O"
                }
            ], 
            "speaker": "S", 
            "time": "2014-08-14 15:13:24", 
            "turn-index": 10, 
            "utterance": "退屈は心ですね"
        }, 
        {
            "annotations": [], 
            "speaker": "U", 
            "time": "2014-08-14 15:13:36", 
            "turn-index": 11, 
            "utterance": "私は退屈していません。"
        }, 
        {
            "annotations": [
                {
                    "annotator-id": "09_A", 
                    "breakdown": "X", 
                    "comment": "意味がわからない", 
                    "ungrammatical-sentence": "O"
                }, 
                {
                    "annotator-id": "10_B", 
                    "breakdown": "O", 
                    "comment": "", 
                    "ungrammatical-sentence": "O"
                }
            ], 
            "speaker": "S", 
            "time": "2014-08-14 15:13:36", 
            "turn-index": 12, 
            "utterance": "退屈は心の哲学ですね"
        }, 
        {
            "annotations": [], 
            "speaker": "U", 
            "time": "2014-08-14 15:13:57", 
            "turn-index": 13, 
            "utterance": "哲学には興味がありません。"
        }, 
        {
            "annotations": [
                {
                    "annotator-id": "09_A", 
                    "breakdown": "X", 
                    "comment": "意味がわからない。哲学に興味はないと言っている", 
                    "ungrammatical-sentence": "O"
                }, 
                {
                    "annotator-id": "10_B", 
                    "breakdown": "X", 
                    "comment": "", 
                    "ungrammatical-sentence": "O"
                }
            ], 
            "speaker": "S", 
            "time": "2014-08-14 15:13:57", 
            "turn-index": 14, 
            "utterance": "哲学を読んでるのですか？"
        }, 
        {
            "annotations": [], 
            "speaker": "U", 
            "time": "2014-08-14 15:14:10", 
            "turn-index": 15, 
            "utterance": "読んでいません。"
        }, 
        {
            "annotations": [
                {
                    "annotator-id": "09_A", 
                    "breakdown": "X", 
                    "comment": "意味がわからない。哲学に興味はないと言っている", 
                    "ungrammatical-sentence": "O"
                }, 
                {
                    "annotator-id": "10_B", 
                    "breakdown": "T", 
                    "comment": "", 
                    "ungrammatical-sentence": "O"
                }
            ], 
            "speaker": "S", 
            "time": "2014-08-14 15:14:10", 
            "turn-index": 16, 
            "utterance": "哲学を持ちませんでしたか？？"
        }, 
        {
            "annotations": [], 
            "speaker": "U", 
            "time": "2014-08-14 15:14:20", 
            "turn-index": 17, 
            "utterance": "持ちませんでした。"
        }, 
        {
            "annotations": [
                {
                    "annotator-id": "09_A", 
                    "breakdown": "X", 
                    "comment": "何のことかわからない。哲学がどこかへ行ってしまった", 
                    "ungrammatical-sentence": "O"
                }, 
                {
                    "annotator-id": "10_B", 
                    "breakdown": "X", 
                    "comment": "", 
                    "ungrammatical-sentence": "O"
                }
            ], 
            "speaker": "S", 
            "time": "2014-08-14 15:14:20", 
            "turn-index": 18, 
            "utterance": "実践的色彩が強いですか"
        }, 
        {
            "annotations": [], 
            "speaker": "U", 
            "time": "2014-08-14 15:14:29", 
            "turn-index": 19, 
            "utterance": "そうなりますね。"
        }, 
        {
            "annotations": [
                {
                    "annotator-id": "09_A", 
                    "breakdown": "X", 
                    "comment": "意味がわからない。哲学に興味はないと言っている", 
                    "ungrammatical-sentence": "O"
                }, 
                {
                    "annotator-id": "10_B", 
                    "breakdown": "O", 
                    "comment": "", 
                    "ungrammatical-sentence": "O"
                }
            ], 
            "speaker": "S", 
            "time": "2014-08-14 15:14:29", 
            "turn-index": 20, 
            "utterance": "哲学を感じます？？"
        }
    ]
}