{
    "dialogue-id": "1407769505", 
    "group-id": "subset_d", 
    "speaker-id": "07_01", 
    "turns": [
        {
            "annotations": [
                {
                    "annotator-id": "05_A", 
                    "breakdown": "O", 
                    "comment": "", 
                    "ungrammatical-sentence": "O"
                }, 
                {
                    "annotator-id": "07_A", 
                    "breakdown": "O", 
                    "comment": "", 
                    "ungrammatical-sentence": "O"
                }
            ], 
            "speaker": "S", 
            "time": "2014-08-12 00:03:03", 
            "turn-index": 0, 
            "utterance": "声かけてくれるのを待ってたんだ。"
        }, 
        {
            "annotations": [], 
            "speaker": "U", 
            "time": "2014-08-12 00:03:10", 
            "turn-index": 1, 
            "utterance": "おーい！"
        }, 
        {
            "annotations": [
                {
                    "annotator-id": "05_A", 
                    "breakdown": "O", 
                    "comment": "", 
                    "ungrammatical-sentence": "O"
                }, 
                {
                    "annotator-id": "07_A", 
                    "breakdown": "O", 
                    "comment": "", 
                    "ungrammatical-sentence": "O"
                }
            ], 
            "speaker": "S", 
            "time": "2014-08-12 00:03:10", 
            "turn-index": 2, 
            "utterance": "うい"
        }, 
        {
            "annotations": [], 
            "speaker": "U", 
            "time": "2014-08-12 00:03:16", 
            "turn-index": 3, 
            "utterance": "軽いなー"
        }, 
        {
            "annotations": [
                {
                    "annotator-id": "05_A", 
                    "breakdown": "O", 
                    "comment": "", 
                    "ungrammatical-sentence": "O"
                }, 
                {
                    "annotator-id": "07_A", 
                    "breakdown": "O", 
                    "comment": "", 
                    "ungrammatical-sentence": "O"
                }
            ], 
            "speaker": "S", 
            "time": "2014-08-12 00:03:16", 
            "turn-index": 4, 
            "utterance": "ういが好きですね"
        }, 
        {
            "annotations": [], 
            "speaker": "U", 
            "time": "2014-08-12 00:03:31", 
            "turn-index": 5, 
            "utterance": "ういって，あのけいおん！の？"
        }, 
        {
            "annotations": [
                {
                    "annotator-id": "05_A", 
                    "breakdown": "O", 
                    "comment": "", 
                    "ungrammatical-sentence": "O"
                }, 
                {
                    "annotator-id": "07_A", 
                    "breakdown": "O", 
                    "comment": "", 
                    "ungrammatical-sentence": "O"
                }
            ], 
            "speaker": "S", 
            "time": "2014-08-12 00:03:31", 
            "turn-index": 6, 
            "utterance": "ういは可愛いですよねー"
        }, 
        {
            "annotations": [], 
            "speaker": "U", 
            "time": "2014-08-12 00:03:39", 
            "turn-index": 7, 
            "utterance": "かわいいね．"
        }, 
        {
            "annotations": [
                {
                    "annotator-id": "05_A", 
                    "breakdown": "O", 
                    "comment": "", 
                    "ungrammatical-sentence": "O"
                }, 
                {
                    "annotator-id": "07_A", 
                    "breakdown": "O", 
                    "comment": "", 
                    "ungrammatical-sentence": "O"
                }
            ], 
            "speaker": "S", 
            "time": "2014-08-12 00:03:39", 
            "turn-index": 8, 
            "utterance": "だろー"
        }, 
        {
            "annotations": [], 
            "speaker": "U", 
            "time": "2014-08-12 00:03:52", 
            "turn-index": 9, 
            "utterance": "どういうことなんですか？"
        }, 
        {
            "annotations": [
                {
                    "annotator-id": "05_A", 
                    "breakdown": "O", 
                    "comment": "", 
                    "ungrammatical-sentence": "O"
                }, 
                {
                    "annotator-id": "07_A", 
                    "breakdown": "O", 
                    "comment": "", 
                    "ungrammatical-sentence": "O"
                }
            ], 
            "speaker": "S", 
            "time": "2014-08-12 00:03:52", 
            "turn-index": 10, 
            "utterance": "そういうことだ"
        }, 
        {
            "annotations": [], 
            "speaker": "U", 
            "time": "2014-08-12 00:04:12", 
            "turn-index": 11, 
            "utterance": "アニヲタはすぐそういう風にいうから嫌なんですよ．ちゃんと説明してください．，"
        }, 
        {
            "annotations": [
                {
                    "annotator-id": "05_A", 
                    "breakdown": "X", 
                    "comment": "", 
                    "ungrammatical-sentence": "O"
                }, 
                {
                    "annotator-id": "07_A", 
                    "breakdown": "T", 
                    "comment": "", 
                    "ungrammatical-sentence": "O"
                }
            ], 
            "speaker": "S", 
            "time": "2014-08-12 00:04:12", 
            "turn-index": 12, 
            "utterance": "風は寒いですよねえ"
        }, 
        {
            "annotations": [], 
            "speaker": "U", 
            "time": "2014-08-12 00:04:26", 
            "turn-index": 13, 
            "utterance": "アニヲタはすぐそういう風にいうから嫌なんですよ．ちゃんと説明してください．，"
        }, 
        {
            "annotations": [
                {
                    "annotator-id": "05_A", 
                    "breakdown": "X", 
                    "comment": "", 
                    "ungrammatical-sentence": "O"
                }, 
                {
                    "annotator-id": "07_A", 
                    "breakdown": "T", 
                    "comment": "", 
                    "ungrammatical-sentence": "O"
                }
            ], 
            "speaker": "S", 
            "time": "2014-08-12 00:04:26", 
            "turn-index": 14, 
            "utterance": "風はうるさいです"
        }, 
        {
            "annotations": [], 
            "speaker": "U", 
            "time": "2014-08-12 00:04:43", 
            "turn-index": 15, 
            "utterance": "うるさいのはヲタですよ．"
        }, 
        {
            "annotations": [
                {
                    "annotator-id": "05_A", 
                    "breakdown": "X", 
                    "comment": "", 
                    "ungrammatical-sentence": "O"
                }, 
                {
                    "annotator-id": "07_A", 
                    "breakdown": "X", 
                    "comment": "話題が捉えられていない", 
                    "ungrammatical-sentence": "O"
                }
            ], 
            "speaker": "S", 
            "time": "2014-08-12 00:04:43", 
            "turn-index": 16, 
            "utterance": "風は生ぬるいです"
        }, 
        {
            "annotations": [], 
            "speaker": "U", 
            "time": "2014-08-12 00:04:52", 
            "turn-index": 17, 
            "utterance": "生ぬるいのはヲタ"
        }, 
        {
            "annotations": [
                {
                    "annotator-id": "05_A", 
                    "breakdown": "O", 
                    "comment": "", 
                    "ungrammatical-sentence": "O"
                }, 
                {
                    "annotator-id": "07_A", 
                    "breakdown": "O", 
                    "comment": "", 
                    "ungrammatical-sentence": "O"
                }
            ], 
            "speaker": "S", 
            "time": "2014-08-12 00:04:52", 
            "turn-index": 18, 
            "utterance": "ヲタはウザいです"
        }, 
        {
            "annotations": [], 
            "speaker": "U", 
            "time": "2014-08-12 00:05:02", 
            "turn-index": 19, 
            "utterance": "そうでしょ？それがあなたですよ．"
        }, 
        {
            "annotations": [
                {
                    "annotator-id": "05_A", 
                    "breakdown": "T", 
                    "comment": "", 
                    "ungrammatical-sentence": "O"
                }, 
                {
                    "annotator-id": "07_A", 
                    "breakdown": "O", 
                    "comment": "", 
                    "ungrammatical-sentence": "O"
                }
            ], 
            "speaker": "S", 
            "time": "2014-08-12 00:05:02", 
            "turn-index": 20, 
            "utterance": "ヲタは嫌いです"
        }
    ]
}