{
    "dialogue-id": "1407565261", 
    "group-id": "subset_h", 
    "speaker-id": "04_02", 
    "turns": [
        {
            "annotations": [
                {
                    "annotator-id": "10_A", 
                    "breakdown": "O", 
                    "comment": "", 
                    "ungrammatical-sentence": "O"
                }, 
                {
                    "annotator-id": "13_A", 
                    "breakdown": "O", 
                    "comment": "", 
                    "ungrammatical-sentence": "O"
                }
            ], 
            "speaker": "S", 
            "time": "2014-08-09 15:17:31", 
            "turn-index": 0, 
            "utterance": "こんにちは。気軽に声かけてね。"
        }, 
        {
            "annotations": [], 
            "speaker": "U", 
            "time": "2014-08-09 15:17:48", 
            "turn-index": 1, 
            "utterance": "今何していますか？"
        }, 
        {
            "annotations": [
                {
                    "annotator-id": "10_A", 
                    "breakdown": "O", 
                    "comment": "", 
                    "ungrammatical-sentence": "O"
                }, 
                {
                    "annotator-id": "13_A", 
                    "breakdown": "O", 
                    "comment": "", 
                    "ungrammatical-sentence": "O"
                }
            ], 
            "speaker": "S", 
            "time": "2014-08-09 15:17:48", 
            "turn-index": 2, 
            "utterance": "ご覧の通りです。"
        }, 
        {
            "annotations": [], 
            "speaker": "U", 
            "time": "2014-08-09 15:18:17", 
            "turn-index": 3, 
            "utterance": "パソコンですか？"
        }, 
        {
            "annotations": [
                {
                    "annotator-id": "10_A", 
                    "breakdown": "X", 
                    "comment": "", 
                    "ungrammatical-sentence": "O"
                }, 
                {
                    "annotator-id": "13_A", 
                    "breakdown": "O", 
                    "comment": "", 
                    "ungrammatical-sentence": "O"
                }
            ], 
            "speaker": "S", 
            "time": "2014-08-09 15:18:17", 
            "turn-index": 4, 
            "utterance": "パソコンでアニメを見るのです"
        }, 
        {
            "annotations": [], 
            "speaker": "U", 
            "time": "2014-08-09 15:18:35", 
            "turn-index": 5, 
            "utterance": "何というアニメですか？"
        }, 
        {
            "annotations": [
                {
                    "annotator-id": "10_A", 
                    "breakdown": "X", 
                    "comment": "", 
                    "ungrammatical-sentence": "O"
                }, 
                {
                    "annotator-id": "13_A", 
                    "breakdown": "T", 
                    "comment": "質問に答えてない", 
                    "ungrammatical-sentence": "O"
                }
            ], 
            "speaker": "S", 
            "time": "2014-08-09 15:18:35", 
            "turn-index": 6, 
            "utterance": "パソコンで見るらしいです"
        }, 
        {
            "annotations": [], 
            "speaker": "U", 
            "time": "2014-08-09 15:18:51", 
            "turn-index": 7, 
            "utterance": "よく見るのですか？"
        }, 
        {
            "annotations": [
                {
                    "annotator-id": "10_A", 
                    "breakdown": "X", 
                    "comment": "", 
                    "ungrammatical-sentence": "O"
                }, 
                {
                    "annotator-id": "13_A", 
                    "breakdown": "T", 
                    "comment": "質問に答えてない", 
                    "ungrammatical-sentence": "O"
                }
            ], 
            "speaker": "S", 
            "time": "2014-08-09 15:18:51", 
            "turn-index": 8, 
            "utterance": "パソコンでアニメを見るそうですよ"
        }, 
        {
            "annotations": [], 
            "speaker": "U", 
            "time": "2014-08-09 15:19:07", 
            "turn-index": 9, 
            "utterance": "面白いですか？"
        }, 
        {
            "annotations": [
                {
                    "annotator-id": "10_A", 
                    "breakdown": "X", 
                    "comment": "", 
                    "ungrammatical-sentence": "O"
                }, 
                {
                    "annotator-id": "13_A", 
                    "breakdown": "T", 
                    "comment": "質問に答えてない", 
                    "ungrammatical-sentence": "O"
                }
            ], 
            "speaker": "S", 
            "time": "2014-08-09 15:19:07", 
            "turn-index": 10, 
            "utterance": "パソコンで動画を見るかもしれない"
        }, 
        {
            "annotations": [], 
            "speaker": "U", 
            "time": "2014-08-09 15:19:25", 
            "turn-index": 11, 
            "utterance": "パソコンでしかやっていないのですか？"
        }, 
        {
            "annotations": [
                {
                    "annotator-id": "10_A", 
                    "breakdown": "X", 
                    "comment": "", 
                    "ungrammatical-sentence": "O"
                }, 
                {
                    "annotator-id": "13_A", 
                    "breakdown": "T", 
                    "comment": "質問に答えてない", 
                    "ungrammatical-sentence": "O"
                }
            ], 
            "speaker": "S", 
            "time": "2014-08-09 15:19:25", 
            "turn-index": 12, 
            "utterance": "パソコンでブログを見るのです"
        }, 
        {
            "annotations": [], 
            "speaker": "U", 
            "time": "2014-08-09 15:19:37", 
            "turn-index": 13, 
            "utterance": "知り合いのブログですか？"
        }, 
        {
            "annotations": [
                {
                    "annotator-id": "10_A", 
                    "breakdown": "X", 
                    "comment": "", 
                    "ungrammatical-sentence": "O"
                }, 
                {
                    "annotator-id": "13_A", 
                    "breakdown": "T", 
                    "comment": "質問に答えてない", 
                    "ungrammatical-sentence": "O"
                }
            ], 
            "speaker": "S", 
            "time": "2014-08-09 15:19:37", 
            "turn-index": 14, 
            "utterance": "ブログはリア友が見るかもしれない"
        }, 
        {
            "annotations": [], 
            "speaker": "U", 
            "time": "2014-08-09 15:19:56", 
            "turn-index": 15, 
            "utterance": "どんな内容が書いてありますか？"
        }, 
        {
            "annotations": [
                {
                    "annotator-id": "10_A", 
                    "breakdown": "X", 
                    "comment": "", 
                    "ungrammatical-sentence": "O"
                }, 
                {
                    "annotator-id": "13_A", 
                    "breakdown": "T", 
                    "comment": "質問に答えてない", 
                    "ungrammatical-sentence": "O"
                }
            ], 
            "speaker": "S", 
            "time": "2014-08-09 15:19:56", 
            "turn-index": 16, 
            "utterance": "ブログはリア友が見るんです"
        }, 
        {
            "annotations": [], 
            "speaker": "U", 
            "time": "2014-08-09 15:20:12", 
            "turn-index": 17, 
            "utterance": "リア友ってなんですか？"
        }, 
        {
            "annotations": [
                {
                    "annotator-id": "10_A", 
                    "breakdown": "X", 
                    "comment": "", 
                    "ungrammatical-sentence": "O"
                }, 
                {
                    "annotator-id": "13_A", 
                    "breakdown": "T", 
                    "comment": "質問に答えてない", 
                    "ungrammatical-sentence": "O"
                }
            ], 
            "speaker": "S", 
            "time": "2014-08-09 15:20:12", 
            "turn-index": 18, 
            "utterance": "ブログは自由なようですよ"
        }, 
        {
            "annotations": [], 
            "speaker": "U", 
            "time": "2014-08-09 15:20:58", 
            "turn-index": 19, 
            "utterance": "いろんなことが書いてあるのですね。"
        }, 
        {
            "annotations": [
                {
                    "annotator-id": "10_A", 
                    "breakdown": "X", 
                    "comment": "", 
                    "ungrammatical-sentence": "O"
                }, 
                {
                    "annotator-id": "13_A", 
                    "breakdown": "T", 
                    "comment": "ユーザの発言を受けていない", 
                    "ungrammatical-sentence": "O"
                }
            ], 
            "speaker": "S", 
            "time": "2014-08-09 15:20:58", 
            "turn-index": 20, 
            "utterance": "ブログは寂しいそうです"
        }
    ]
}