{
    "dialogue-id": "1407996656", 
    "group-id": "subset_j", 
    "speaker-id": "05_02", 
    "turns": [
        {
            "annotations": [
                {
                    "annotator-id": "06_B", 
                    "breakdown": "O", 
                    "comment": "", 
                    "ungrammatical-sentence": "O"
                }, 
                {
                    "annotator-id": "14_A", 
                    "breakdown": "O", 
                    "comment": "", 
                    "ungrammatical-sentence": "O"
                }, 
                {
                    "annotator-id": "14_B", 
                    "breakdown": "O", 
                    "comment": "", 
                    "ungrammatical-sentence": "O"
                }
            ], 
            "speaker": "S", 
            "time": "2014-08-14 15:07:05", 
            "turn-index": 0, 
            "utterance": "こんにちは。ちょうど退屈してたんだ。"
        }, 
        {
            "annotations": [], 
            "speaker": "U", 
            "time": "2014-08-14 15:07:25", 
            "turn-index": 1, 
            "utterance": "こんにちは，いい話し相手になれたらうれしいです"
        }, 
        {
            "annotations": [
                {
                    "annotator-id": "06_B", 
                    "breakdown": "O", 
                    "comment": "", 
                    "ungrammatical-sentence": "O"
                }, 
                {
                    "annotator-id": "14_A", 
                    "breakdown": "O", 
                    "comment": "", 
                    "ungrammatical-sentence": "O"
                }, 
                {
                    "annotator-id": "14_B", 
                    "breakdown": "O", 
                    "comment": "", 
                    "ungrammatical-sentence": "O"
                }
            ], 
            "speaker": "S", 
            "time": "2014-08-14 15:07:25", 
            "turn-index": 2, 
            "utterance": "話し相手は欲しいですね"
        }, 
        {
            "annotations": [], 
            "speaker": "U", 
            "time": "2014-08-14 15:07:37", 
            "turn-index": 3, 
            "utterance": "では私がなりましょう"
        }, 
        {
            "annotations": [
                {
                    "annotator-id": "06_B", 
                    "breakdown": "O", 
                    "comment": "", 
                    "ungrammatical-sentence": "O"
                }, 
                {
                    "annotator-id": "14_A", 
                    "breakdown": "O", 
                    "comment": "", 
                    "ungrammatical-sentence": "O"
                }, 
                {
                    "annotator-id": "14_B", 
                    "breakdown": "O", 
                    "comment": "", 
                    "ungrammatical-sentence": "O"
                }
            ], 
            "speaker": "S", 
            "time": "2014-08-14 15:07:37", 
            "turn-index": 4, 
            "utterance": "話し相手が増えます"
        }, 
        {
            "annotations": [], 
            "speaker": "U", 
            "time": "2014-08-14 15:07:44", 
            "turn-index": 5, 
            "utterance": "よかったです"
        }, 
        {
            "annotations": [
                {
                    "annotator-id": "06_B", 
                    "breakdown": "O", 
                    "comment": "", 
                    "ungrammatical-sentence": "O"
                }, 
                {
                    "annotator-id": "14_A", 
                    "breakdown": "O", 
                    "comment": "", 
                    "ungrammatical-sentence": "O"
                }, 
                {
                    "annotator-id": "14_B", 
                    "breakdown": "O", 
                    "comment": "", 
                    "ungrammatical-sentence": "O"
                }
            ], 
            "speaker": "S", 
            "time": "2014-08-14 15:07:44", 
            "turn-index": 6, 
            "utterance": "うん"
        }, 
        {
            "annotations": [], 
            "speaker": "U", 
            "time": "2014-08-14 15:08:06", 
            "turn-index": 7, 
            "utterance": "行ってみたい旅行先はありますか？"
        }, 
        {
            "annotations": [
                {
                    "annotator-id": "06_B", 
                    "breakdown": "T", 
                    "comment": "", 
                    "ungrammatical-sentence": "O"
                }, 
                {
                    "annotator-id": "14_A", 
                    "breakdown": "T", 
                    "comment": "", 
                    "ungrammatical-sentence": "O"
                }, 
                {
                    "annotator-id": "14_B", 
                    "breakdown": "T", 
                    "comment": "", 
                    "ungrammatical-sentence": "O"
                }
            ], 
            "speaker": "S", 
            "time": "2014-08-14 15:08:06", 
            "turn-index": 8, 
            "utterance": "旅行先で熱が出るかもしれない"
        }, 
        {
            "annotations": [], 
            "speaker": "U", 
            "time": "2014-08-14 15:08:31", 
            "turn-index": 9, 
            "utterance": "身体が弱いんですか？"
        }, 
        {
            "annotations": [
                {
                    "annotator-id": "06_B", 
                    "breakdown": "X", 
                    "comment": "", 
                    "ungrammatical-sentence": "O"
                }, 
                {
                    "annotator-id": "14_A", 
                    "breakdown": "T", 
                    "comment": "", 
                    "ungrammatical-sentence": "O"
                }, 
                {
                    "annotator-id": "14_B", 
                    "breakdown": "T", 
                    "comment": "", 
                    "ungrammatical-sentence": "O"
                }
            ], 
            "speaker": "S", 
            "time": "2014-08-14 15:08:31", 
            "turn-index": 10, 
            "utterance": "旅行先に行くのです"
        }, 
        {
            "annotations": [], 
            "speaker": "U", 
            "time": "2014-08-14 15:08:40", 
            "turn-index": 11, 
            "utterance": "それでも行くのですね"
        }, 
        {
            "annotations": [
                {
                    "annotator-id": "06_B", 
                    "breakdown": "T", 
                    "comment": "", 
                    "ungrammatical-sentence": "O"
                }, 
                {
                    "annotator-id": "14_A", 
                    "breakdown": "T", 
                    "comment": "", 
                    "ungrammatical-sentence": "O"
                }, 
                {
                    "annotator-id": "14_B", 
                    "breakdown": "T", 
                    "comment": "", 
                    "ungrammatical-sentence": "O"
                }
            ], 
            "speaker": "S", 
            "time": "2014-08-14 15:08:40", 
            "turn-index": 12, 
            "utterance": "旅行先に着くのです"
        }, 
        {
            "annotations": [], 
            "speaker": "U", 
            "time": "2014-08-14 15:10:09", 
            "turn-index": 13, 
            "utterance": "そうなんですね，もう旅行先だったんですね"
        }, 
        {
            "annotations": [
                {
                    "annotator-id": "06_B", 
                    "breakdown": "T", 
                    "comment": "", 
                    "ungrammatical-sentence": "O"
                }, 
                {
                    "annotator-id": "14_A", 
                    "breakdown": "O", 
                    "comment": "", 
                    "ungrammatical-sentence": "O"
                }, 
                {
                    "annotator-id": "14_B", 
                    "breakdown": "O", 
                    "comment": "", 
                    "ungrammatical-sentence": "O"
                }
            ], 
            "speaker": "S", 
            "time": "2014-08-14 15:10:09", 
            "turn-index": 14, 
            "utterance": "旅行先から荷物を送るんです"
        }, 
        {
            "annotations": [], 
            "speaker": "U", 
            "time": "2014-08-14 15:10:18", 
            "turn-index": 15, 
            "utterance": "もう帰りでしたか"
        }, 
        {
            "annotations": [
                {
                    "annotator-id": "06_B", 
                    "breakdown": "T", 
                    "comment": "", 
                    "ungrammatical-sentence": "O"
                }, 
                {
                    "annotator-id": "14_A", 
                    "breakdown": "O", 
                    "comment": "", 
                    "ungrammatical-sentence": "O"
                }, 
                {
                    "annotator-id": "14_B", 
                    "breakdown": "O", 
                    "comment": "", 
                    "ungrammatical-sentence": "O"
                }
            ], 
            "speaker": "S", 
            "time": "2014-08-14 15:10:18", 
            "turn-index": 16, 
            "utterance": "荷物は実家に送るんですよ"
        }, 
        {
            "annotations": [], 
            "speaker": "U", 
            "time": "2014-08-14 15:10:28", 
            "turn-index": 17, 
            "utterance": "実家暮らしなんですね"
        }, 
        {
            "annotations": [
                {
                    "annotator-id": "06_B", 
                    "breakdown": "T", 
                    "comment": "", 
                    "ungrammatical-sentence": "O"
                }, 
                {
                    "annotator-id": "14_A", 
                    "breakdown": "T", 
                    "comment": "", 
                    "ungrammatical-sentence": "O"
                }, 
                {
                    "annotator-id": "14_B", 
                    "breakdown": "T", 
                    "comment": "", 
                    "ungrammatical-sentence": "O"
                }
            ], 
            "speaker": "S", 
            "time": "2014-08-14 15:10:28", 
            "turn-index": 18, 
            "utterance": "日本から荷物が届くらしいです"
        }, 
        {
            "annotations": [], 
            "speaker": "U", 
            "time": "2014-08-14 15:10:51", 
            "turn-index": 19, 
            "utterance": "実家は海外なんですか？"
        }, 
        {
            "annotations": [
                {
                    "annotator-id": "06_B", 
                    "breakdown": "X", 
                    "comment": "", 
                    "ungrammatical-sentence": "O"
                }, 
                {
                    "annotator-id": "14_A", 
                    "breakdown": "X", 
                    "comment": "", 
                    "ungrammatical-sentence": "O"
                }, 
                {
                    "annotator-id": "14_B", 
                    "breakdown": "T", 
                    "comment": "", 
                    "ungrammatical-sentence": "O"
                }
            ], 
            "speaker": "S", 
            "time": "2014-08-14 15:10:51", 
            "turn-index": 20, 
            "utterance": "実家から荷物を送るらしいですよ"
        }
    ]
}