{
    "dialogue-id": "1407730799", 
    "group-id": "subset_d", 
    "speaker-id": "07_01", 
    "turns": [
        {
            "annotations": [
                {
                    "annotator-id": "05_A", 
                    "breakdown": "O", 
                    "comment": "", 
                    "ungrammatical-sentence": "O"
                }, 
                {
                    "annotator-id": "07_A", 
                    "breakdown": "O", 
                    "comment": "", 
                    "ungrammatical-sentence": "O"
                }
            ], 
            "speaker": "S", 
            "time": "2014-08-11 13:16:58", 
            "turn-index": 0, 
            "utterance": "こんにちはー。熱中症に気をつけて。"
        }, 
        {
            "annotations": [], 
            "speaker": "U", 
            "time": "2014-08-11 13:17:16", 
            "turn-index": 1, 
            "utterance": "へやの中でエアコンで涼んでますよ．"
        }, 
        {
            "annotations": [
                {
                    "annotator-id": "05_A", 
                    "breakdown": "X", 
                    "comment": "", 
                    "ungrammatical-sentence": "O"
                }, 
                {
                    "annotator-id": "07_A", 
                    "breakdown": "O", 
                    "comment": "", 
                    "ungrammatical-sentence": "O"
                }
            ], 
            "speaker": "S", 
            "time": "2014-08-11 13:17:16", 
            "turn-index": 2, 
            "utterance": "へやはあついですね"
        }, 
        {
            "annotations": [], 
            "speaker": "U", 
            "time": "2014-08-11 13:18:17", 
            "turn-index": 3, 
            "utterance": "エアコンをかけてないと酷いですよ．"
        }, 
        {
            "annotations": [
                {
                    "annotator-id": "05_A", 
                    "breakdown": "T", 
                    "comment": "", 
                    "ungrammatical-sentence": "O"
                }, 
                {
                    "annotator-id": "07_A", 
                    "breakdown": "O", 
                    "comment": "", 
                    "ungrammatical-sentence": "O"
                }
            ], 
            "speaker": "S", 
            "time": "2014-08-11 13:18:17", 
            "turn-index": 4, 
            "utterance": "へやはきたないですね"
        }, 
        {
            "annotations": [], 
            "speaker": "U", 
            "time": "2014-08-11 13:18:28", 
            "turn-index": 5, 
            "utterance": "僕は，わりかし綺麗にしてますよ．"
        }, 
        {
            "annotations": [
                {
                    "annotator-id": "05_A", 
                    "breakdown": "X", 
                    "comment": "", 
                    "ungrammatical-sentence": "O"
                }, 
                {
                    "annotator-id": "07_A", 
                    "breakdown": "X", 
                    "comment": "ユーザの意見を無視して，同じことを繰り返していっている．", 
                    "ungrammatical-sentence": "O"
                }
            ], 
            "speaker": "S", 
            "time": "2014-08-11 13:18:28", 
            "turn-index": 6, 
            "utterance": "へやは汚いですね"
        }, 
        {
            "annotations": [], 
            "speaker": "U", 
            "time": "2014-08-11 13:18:47", 
            "turn-index": 7, 
            "utterance": "へや汚いんですか？"
        }, 
        {
            "annotations": [
                {
                    "annotator-id": "05_A", 
                    "breakdown": "O", 
                    "comment": "", 
                    "ungrammatical-sentence": "O"
                }, 
                {
                    "annotator-id": "07_A", 
                    "breakdown": "O", 
                    "comment": "", 
                    "ungrammatical-sentence": "O"
                }
            ], 
            "speaker": "S", 
            "time": "2014-08-11 13:18:47", 
            "turn-index": 8, 
            "utterance": "へやそうじしてる"
        }, 
        {
            "annotations": [], 
            "speaker": "U", 
            "time": "2014-08-11 13:18:55", 
            "turn-index": 9, 
            "utterance": "掃除してるんじゃないですか．"
        }, 
        {
            "annotations": [
                {
                    "annotator-id": "05_A", 
                    "breakdown": "T", 
                    "comment": "", 
                    "ungrammatical-sentence": "O"
                }, 
                {
                    "annotator-id": "07_A", 
                    "breakdown": "O", 
                    "comment": "", 
                    "ungrammatical-sentence": "O"
                }
            ], 
            "speaker": "S", 
            "time": "2014-08-11 13:18:55", 
            "turn-index": 10, 
            "utterance": "おへやの掃除します"
        }, 
        {
            "annotations": [], 
            "speaker": "U", 
            "time": "2014-08-11 13:19:04", 
            "turn-index": 11, 
            "utterance": "どんな風に掃除するんですか？"
        }, 
        {
            "annotations": [
                {
                    "annotator-id": "05_A", 
                    "breakdown": "O", 
                    "comment": "", 
                    "ungrammatical-sentence": "O"
                }, 
                {
                    "annotator-id": "07_A", 
                    "breakdown": "O", 
                    "comment": "", 
                    "ungrammatical-sentence": "O"
                }
            ], 
            "speaker": "S", 
            "time": "2014-08-11 13:19:04", 
            "turn-index": 12, 
            "utterance": "へやの大掃除します。"
        }, 
        {
            "annotations": [], 
            "speaker": "U", 
            "time": "2014-08-11 13:19:18", 
            "turn-index": 13, 
            "utterance": "大掃除ですか．模様替えとかもしますか？"
        }, 
        {
            "annotations": [
                {
                    "annotator-id": "05_A", 
                    "breakdown": "X", 
                    "comment": "", 
                    "ungrammatical-sentence": "O"
                }, 
                {
                    "annotator-id": "07_A", 
                    "breakdown": "T", 
                    "comment": "質問に答えていない", 
                    "ungrammatical-sentence": "O"
                }
            ], 
            "speaker": "S", 
            "time": "2014-08-11 13:19:18", 
            "turn-index": 14, 
            "utterance": "大掃除がはかどるのです"
        }, 
        {
            "annotations": [], 
            "speaker": "U", 
            "time": "2014-08-11 13:19:36", 
            "turn-index": 15, 
            "utterance": "どうやったら，はかどるんですか？"
        }, 
        {
            "annotations": [
                {
                    "annotator-id": "05_A", 
                    "breakdown": "X", 
                    "comment": "", 
                    "ungrammatical-sentence": "O"
                }, 
                {
                    "annotator-id": "07_A", 
                    "breakdown": "O", 
                    "comment": "", 
                    "ungrammatical-sentence": "O"
                }
            ], 
            "speaker": "S", 
            "time": "2014-08-11 13:19:36", 
            "turn-index": 16, 
            "utterance": "大掃除から逃げます"
        }, 
        {
            "annotations": [], 
            "speaker": "U", 
            "time": "2014-08-11 13:19:47", 
            "turn-index": 17, 
            "utterance": "結局逃げちゃうんですね．"
        }, 
        {
            "annotations": [
                {
                    "annotator-id": "05_A", 
                    "breakdown": "X", 
                    "comment": "", 
                    "ungrammatical-sentence": "O"
                }, 
                {
                    "annotator-id": "07_A", 
                    "breakdown": "O", 
                    "comment": "", 
                    "ungrammatical-sentence": "O"
                }
            ], 
            "speaker": "S", 
            "time": "2014-08-11 13:19:47", 
            "turn-index": 18, 
            "utterance": "大掃除がはかどらないのです"
        }, 
        {
            "annotations": [], 
            "speaker": "U", 
            "time": "2014-08-11 13:19:56", 
            "turn-index": 19, 
            "utterance": "そうですよね．"
        }, 
        {
            "annotations": [
                {
                    "annotator-id": "05_A", 
                    "breakdown": "X", 
                    "comment": "", 
                    "ungrammatical-sentence": "O"
                }, 
                {
                    "annotator-id": "07_A", 
                    "breakdown": "O", 
                    "comment": "", 
                    "ungrammatical-sentence": "O"
                }
            ], 
            "speaker": "S", 
            "time": "2014-08-11 13:19:56", 
            "turn-index": 20, 
            "utterance": "うん"
        }
    ]
}