{
    "dialogue-id": "1407143708", 
    "group-id": "subset_g", 
    "speaker-id": "14_01", 
    "turns": [
        {
            "annotations": [
                {
                    "annotator-id": "09_B", 
                    "breakdown": "O", 
                    "comment": "", 
                    "ungrammatical-sentence": "O"
                }, 
                {
                    "annotator-id": "12_A", 
                    "breakdown": "O", 
                    "comment": "", 
                    "ungrammatical-sentence": "O"
                }
            ], 
            "speaker": "S", 
            "time": "2014-08-04 18:07:26", 
            "turn-index": 0, 
            "utterance": "こんばんは。夏といえばスイカだね。"
        }, 
        {
            "annotations": [], 
            "speaker": "U", 
            "time": "2014-08-04 18:12:45", 
            "turn-index": 1, 
            "utterance": "そうだね。でもまだ食べてないや。"
        }, 
        {
            "annotations": [
                {
                    "annotator-id": "09_B", 
                    "breakdown": "X", 
                    "comment": "スイカで買い物はできないし、しない", 
                    "ungrammatical-sentence": "O"
                }, 
                {
                    "annotator-id": "12_A", 
                    "breakdown": "T", 
                    "comment": "スイカとSuica", 
                    "ungrammatical-sentence": "O"
                }
            ], 
            "speaker": "S", 
            "time": "2014-08-04 18:12:45", 
            "turn-index": 2, 
            "utterance": "スイカで買い物できてるのですか？"
        }, 
        {
            "annotations": [], 
            "speaker": "U", 
            "time": "2014-08-04 18:13:04", 
            "turn-index": 3, 
            "utterance": "よくわからないよ"
        }, 
        {
            "annotations": [
                {
                    "annotator-id": "09_B", 
                    "breakdown": "O", 
                    "comment": "", 
                    "ungrammatical-sentence": "O"
                }, 
                {
                    "annotator-id": "12_A", 
                    "breakdown": "O", 
                    "comment": "", 
                    "ungrammatical-sentence": "O"
                }
            ], 
            "speaker": "S", 
            "time": "2014-08-04 18:13:04", 
            "turn-index": 4, 
            "utterance": "買い物は女同士がいいですね"
        }, 
        {
            "annotations": [], 
            "speaker": "U", 
            "time": "2014-08-04 18:13:37", 
            "turn-index": 5, 
            "utterance": "そうかな？私は旦那さんと買い物するよ。"
        }, 
        {
            "annotations": [
                {
                    "annotator-id": "09_B", 
                    "breakdown": "T", 
                    "comment": "旦那さんと買い物にいくと言われているのにこの質問はおかしい", 
                    "ungrammatical-sentence": "O"
                }, 
                {
                    "annotator-id": "12_A", 
                    "breakdown": "O", 
                    "comment": "", 
                    "ungrammatical-sentence": "O"
                }
            ], 
            "speaker": "S", 
            "time": "2014-08-04 18:13:37", 
            "turn-index": 6, 
            "utterance": "旦那が行きますか？"
        }, 
        {
            "annotations": [], 
            "speaker": "U", 
            "time": "2014-08-04 18:13:44", 
            "turn-index": 7, 
            "utterance": "一緒にね"
        }, 
        {
            "annotations": [
                {
                    "annotator-id": "09_B", 
                    "breakdown": "O", 
                    "comment": "", 
                    "ungrammatical-sentence": "O"
                }, 
                {
                    "annotator-id": "12_A", 
                    "breakdown": "O", 
                    "comment": "", 
                    "ungrammatical-sentence": "O"
                }
            ], 
            "speaker": "S", 
            "time": "2014-08-04 18:13:44", 
            "turn-index": 8, 
            "utterance": "一緒に"
        }, 
        {
            "annotations": [], 
            "speaker": "U", 
            "time": "2014-08-04 18:13:53", 
            "turn-index": 9, 
            "utterance": "そう"
        }, 
        {
            "annotations": [
                {
                    "annotator-id": "09_B", 
                    "breakdown": "O", 
                    "comment": "", 
                    "ungrammatical-sentence": "O"
                }, 
                {
                    "annotator-id": "12_A", 
                    "breakdown": "O", 
                    "comment": "", 
                    "ungrammatical-sentence": "O"
                }
            ], 
            "speaker": "S", 
            "time": "2014-08-04 18:13:53", 
            "turn-index": 10, 
            "utterance": "そうか"
        }, 
        {
            "annotations": [], 
            "speaker": "U", 
            "time": "2014-08-04 18:14:01", 
            "turn-index": 11, 
            "utterance": "そうです"
        }, 
        {
            "annotations": [
                {
                    "annotator-id": "09_B", 
                    "breakdown": "T", 
                    "comment": "何を予測していたのか分からない", 
                    "ungrammatical-sentence": "O"
                }, 
                {
                    "annotator-id": "12_A", 
                    "breakdown": "O", 
                    "comment": "", 
                    "ungrammatical-sentence": "O"
                }
            ], 
            "speaker": "S", 
            "time": "2014-08-04 18:14:01", 
            "turn-index": 12, 
            "utterance": "やっぱり"
        }, 
        {
            "annotations": [], 
            "speaker": "U", 
            "time": "2014-08-04 18:14:09", 
            "turn-index": 13, 
            "utterance": "なんでわかるの？"
        }, 
        {
            "annotations": [
                {
                    "annotator-id": "09_B", 
                    "breakdown": "X", 
                    "comment": "相手からの質問の答えになっていない", 
                    "ungrammatical-sentence": "O"
                }, 
                {
                    "annotator-id": "12_A", 
                    "breakdown": "X", 
                    "comment": "質問に答えていない、流れにあっていない", 
                    "ungrammatical-sentence": "O"
                }
            ], 
            "speaker": "S", 
            "time": "2014-08-04 18:14:09", 
            "turn-index": 14, 
            "utterance": "パリで使います"
        }, 
        {
            "annotations": [], 
            "speaker": "U", 
            "time": "2014-08-04 18:14:29", 
            "turn-index": 15, 
            "utterance": "何を使うのかしら？"
        }, 
        {
            "annotations": [
                {
                    "annotator-id": "09_B", 
                    "breakdown": "X", 
                    "comment": "相手からの質問の答えになっていない", 
                    "ungrammatical-sentence": "O"
                }, 
                {
                    "annotator-id": "12_A", 
                    "breakdown": "X", 
                    "comment": "流れにあっていない", 
                    "ungrammatical-sentence": "O"
                }
            ], 
            "speaker": "S", 
            "time": "2014-08-04 18:14:29", 
            "turn-index": 16, 
            "utterance": "パリをはじめます"
        }, 
        {
            "annotations": [], 
            "speaker": "U", 
            "time": "2014-08-04 18:14:45", 
            "turn-index": 17, 
            "utterance": "まずはフランス語を勉強してね！"
        }, 
        {
            "annotations": [
                {
                    "annotator-id": "09_B", 
                    "breakdown": "T", 
                    "comment": "なぜ歌の話になるのか分からない", 
                    "ungrammatical-sentence": "O"
                }, 
                {
                    "annotator-id": "12_A", 
                    "breakdown": "X", 
                    "comment": "意味不明", 
                    "ungrammatical-sentence": "O"
                }
            ], 
            "speaker": "S", 
            "time": "2014-08-04 18:14:45", 
            "turn-index": 18, 
            "utterance": "フランス語で歌われるのです"
        }, 
        {
            "annotations": [], 
            "speaker": "U", 
            "time": "2014-08-04 18:15:03", 
            "turn-index": 19, 
            "utterance": "なにをですか？"
        }, 
        {
            "annotations": [
                {
                    "annotator-id": "09_B", 
                    "breakdown": "O", 
                    "comment": "", 
                    "ungrammatical-sentence": "O"
                }, 
                {
                    "annotator-id": "12_A", 
                    "breakdown": "X", 
                    "comment": "意味不明", 
                    "ungrammatical-sentence": "O"
                }
            ], 
            "speaker": "S", 
            "time": "2014-08-04 18:15:03", 
            "turn-index": 20, 
            "utterance": "フランス語を覚えるのです"
        }
    ]
}