{
    "dialogue-id": "1407286018", 
    "group-id": "subset_e", 
    "speaker-id": "01_01", 
    "turns": [
        {
            "annotations": [
                {
                    "annotator-id": "05_B", 
                    "breakdown": "O", 
                    "comment": "", 
                    "ungrammatical-sentence": "O"
                }, 
                {
                    "annotator-id": "08_B", 
                    "breakdown": "O", 
                    "comment": "", 
                    "ungrammatical-sentence": "O"
                }
            ], 
            "speaker": "S", 
            "time": "2014-08-06 09:44:36", 
            "turn-index": 0, 
            "utterance": "おはよう。夏といえばスイカだね。"
        }, 
        {
            "annotations": [], 
            "speaker": "U", 
            "time": "2014-08-06 09:44:42", 
            "turn-index": 1, 
            "utterance": "おはようございます"
        }, 
        {
            "annotations": [
                {
                    "annotator-id": "05_B", 
                    "breakdown": "O", 
                    "comment": "", 
                    "ungrammatical-sentence": "O"
                }, 
                {
                    "annotator-id": "08_B", 
                    "breakdown": "O", 
                    "comment": "", 
                    "ungrammatical-sentence": "O"
                }
            ], 
            "speaker": "S", 
            "time": "2014-08-06 09:44:42", 
            "turn-index": 2, 
            "utterance": "おはようござす"
        }, 
        {
            "annotations": [], 
            "speaker": "U", 
            "time": "2014-08-06 09:44:52", 
            "turn-index": 3, 
            "utterance": "夏と言えば肝試しですね"
        }, 
        {
            "annotations": [
                {
                    "annotator-id": "05_B", 
                    "breakdown": "T", 
                    "comment": "対話しているため、向かっているでは違和感を感じる", 
                    "ungrammatical-sentence": "O"
                }, 
                {
                    "annotator-id": "08_B", 
                    "breakdown": "O", 
                    "comment": "", 
                    "ungrammatical-sentence": "O"
                }
            ], 
            "speaker": "S", 
            "time": "2014-08-06 09:44:52", 
            "turn-index": 4, 
            "utterance": "肝試しに向かってますよ"
        }, 
        {
            "annotations": [], 
            "speaker": "U", 
            "time": "2014-08-06 09:45:00", 
            "turn-index": 5, 
            "utterance": "そうなんですか．どこでやるのですか？"
        }, 
        {
            "annotations": [
                {
                    "annotator-id": "05_B", 
                    "breakdown": "O", 
                    "comment": "", 
                    "ungrammatical-sentence": "O"
                }, 
                {
                    "annotator-id": "08_B", 
                    "breakdown": "O", 
                    "comment": "", 
                    "ungrammatical-sentence": "O"
                }
            ], 
            "speaker": "S", 
            "time": "2014-08-06 09:45:00", 
            "turn-index": 6, 
            "utterance": "犬鳴峠まで肝試しに行くそうです"
        }, 
        {
            "annotations": [], 
            "speaker": "U", 
            "time": "2014-08-06 09:45:17", 
            "turn-index": 7, 
            "utterance": "犬鳴峠．怖そうですね"
        }, 
        {
            "annotations": [
                {
                    "annotator-id": "05_B", 
                    "breakdown": "T", 
                    "comment": "「怖い」ということに対する返答ではない", 
                    "ungrammatical-sentence": "O"
                }, 
                {
                    "annotator-id": "08_B", 
                    "breakdown": "T", 
                    "comment": "殆ど同じ内容の発話が繰り返されている", 
                    "ungrammatical-sentence": "O"
                }
            ], 
            "speaker": "S", 
            "time": "2014-08-06 09:45:17", 
            "turn-index": 8, 
            "utterance": "犬鳴峠まで肝試しに行くようです"
        }, 
        {
            "annotations": [], 
            "speaker": "U", 
            "time": "2014-08-06 09:45:30", 
            "turn-index": 9, 
            "utterance": "誰が行くのですか？"
        }, 
        {
            "annotations": [
                {
                    "annotator-id": "05_B", 
                    "breakdown": "X", 
                    "comment": "「誰が行くのか」という疑問に対する返答ではない。また地名を繰り返しているだけになっている　　　　　　　　　　　　　　　　　　　　　　　　　　　　　　　　　　　　　　　　　　　　　　　　　　　　　　　　　　　　　　　　　　　　　　　　　　　　　　　　　　　", 
                    "ungrammatical-sentence": "O"
                }, 
                {
                    "annotator-id": "08_B", 
                    "breakdown": "X", 
                    "comment": "「誰が」の質問の答えになっていない", 
                    "ungrammatical-sentence": "O"
                }
            ], 
            "speaker": "S", 
            "time": "2014-08-06 09:45:31", 
            "turn-index": 10, 
            "utterance": "犬鳴峠に行くらしいです"
        }, 
        {
            "annotations": [], 
            "speaker": "U", 
            "time": "2014-08-06 09:45:55", 
            "turn-index": 11, 
            "utterance": "犬鳴峠って，心霊スポットだよね"
        }, 
        {
            "annotations": [
                {
                    "annotator-id": "05_B", 
                    "breakdown": "X", 
                    "comment": "「心霊スポット」を適切に認識できていない。また「次ぐ」の意味が理解できない", 
                    "ungrammatical-sentence": "O"
                }, 
                {
                    "annotator-id": "08_B", 
                    "breakdown": "T", 
                    "comment": "犬鳴峠の話なのに「犬鳴峠に次ぐ」は変", 
                    "ungrammatical-sentence": "O"
                }
            ], 
            "speaker": "S", 
            "time": "2014-08-06 09:45:55", 
            "turn-index": 12, 
            "utterance": "犬鳴峠に次ぐようですよ"
        }, 
        {
            "annotations": [], 
            "speaker": "U", 
            "time": "2014-08-06 09:46:09", 
            "turn-index": 13, 
            "utterance": "心霊スポット．やめといたら"
        }, 
        {
            "annotations": [
                {
                    "annotator-id": "05_B", 
                    "breakdown": "T", 
                    "comment": "ユーザ発話に対する返答ではない", 
                    "ungrammatical-sentence": "O"
                }, 
                {
                    "annotator-id": "08_B", 
                    "breakdown": "O", 
                    "comment": "", 
                    "ungrammatical-sentence": "O"
                }
            ], 
            "speaker": "S", 
            "time": "2014-08-06 09:46:09", 
            "turn-index": 14, 
            "utterance": "犬鳴峠を捜すようです"
        }, 
        {
            "annotations": [], 
            "speaker": "U", 
            "time": "2014-08-06 09:46:18", 
            "turn-index": 15, 
            "utterance": "それは危ないわ"
        }, 
        {
            "annotations": [
                {
                    "annotator-id": "05_B", 
                    "breakdown": "T", 
                    "comment": "ユーザ発話を無視した返答になっている", 
                    "ungrammatical-sentence": "O"
                }, 
                {
                    "annotator-id": "08_B", 
                    "breakdown": "O", 
                    "comment": "", 
                    "ungrammatical-sentence": "O"
                }
            ], 
            "speaker": "S", 
            "time": "2014-08-06 09:46:18", 
            "turn-index": 16, 
            "utterance": "犬鳴峠にさしかかるんですよ"
        }, 
        {
            "annotations": [], 
            "speaker": "U", 
            "time": "2014-08-06 09:46:43", 
            "turn-index": 17, 
            "utterance": "犬鳴峠は福岡県でしたか？"
        }, 
        {
            "annotations": [
                {
                    "annotator-id": "05_B", 
                    "breakdown": "T", 
                    "comment": "地名を返答しておらず、ユーザの発話を無視している", 
                    "ungrammatical-sentence": "O"
                }, 
                {
                    "annotator-id": "08_B", 
                    "breakdown": "X", 
                    "comment": "質問に答えていない", 
                    "ungrammatical-sentence": "O"
                }
            ], 
            "speaker": "S", 
            "time": "2014-08-06 09:46:43", 
            "turn-index": 18, 
            "utterance": "犬鳴峠を越えるようですよ"
        }, 
        {
            "annotations": [], 
            "speaker": "U", 
            "time": "2014-08-06 09:46:56", 
            "turn-index": 19, 
            "utterance": "それは大変そうです"
        }, 
        {
            "annotations": [
                {
                    "annotator-id": "05_B", 
                    "breakdown": "X", 
                    "comment": "地名を今になって答えているが、あいまいであるため対話は困難", 
                    "ungrammatical-sentence": "O"
                }, 
                {
                    "annotator-id": "08_B", 
                    "breakdown": "O", 
                    "comment": "と思ったらここで答えている", 
                    "ungrammatical-sentence": "O"
                }
            ], 
            "speaker": "S", 
            "time": "2014-08-06 09:46:56", 
            "turn-index": 20, 
            "utterance": "犬鳴峠は九州地方の峠ですね"
        }
    ]
}