{
    "dialogue-id": "1407302664", 
    "group-id": "subset_h", 
    "speaker-id": "02_01", 
    "turns": [
        {
            "annotations": [
                {
                    "annotator-id": "10_A", 
                    "breakdown": "O", 
                    "comment": "", 
                    "ungrammatical-sentence": "O"
                }, 
                {
                    "annotator-id": "13_A", 
                    "breakdown": "O", 
                    "comment": "", 
                    "ungrammatical-sentence": "O"
                }
            ], 
            "speaker": "S", 
            "time": "2014-08-06 14:21:49", 
            "turn-index": 0, 
            "utterance": "こんにちはー。ちょうど退屈してたんだ。"
        }, 
        {
            "annotations": [], 
            "speaker": "U", 
            "time": "2014-08-06 14:22:24", 
            "turn-index": 1, 
            "utterance": "こんにちはー"
        }, 
        {
            "annotations": [
                {
                    "annotator-id": "10_A", 
                    "breakdown": "O", 
                    "comment": "", 
                    "ungrammatical-sentence": "O"
                }, 
                {
                    "annotator-id": "13_A", 
                    "breakdown": "O", 
                    "comment": "", 
                    "ungrammatical-sentence": "O"
                }
            ], 
            "speaker": "S", 
            "time": "2014-08-06 14:22:24", 
            "turn-index": 2, 
            "utterance": "こんちゃー"
        }, 
        {
            "annotations": [], 
            "speaker": "U", 
            "time": "2014-08-06 14:22:33", 
            "turn-index": 3, 
            "utterance": "ちゃー"
        }, 
        {
            "annotations": [
                {
                    "annotator-id": "10_A", 
                    "breakdown": "O", 
                    "comment": "", 
                    "ungrammatical-sentence": "O"
                }, 
                {
                    "annotator-id": "13_A", 
                    "breakdown": "O", 
                    "comment": "", 
                    "ungrammatical-sentence": "O"
                }
            ], 
            "speaker": "S", 
            "time": "2014-08-06 14:22:33", 
            "turn-index": 4, 
            "utterance": "ちゃっす"
        }, 
        {
            "annotations": [], 
            "speaker": "U", 
            "time": "2014-08-06 14:22:38", 
            "turn-index": 5, 
            "utterance": "っす"
        }, 
        {
            "annotations": [
                {
                    "annotator-id": "10_A", 
                    "breakdown": "O", 
                    "comment": "ユーザがおかしい", 
                    "ungrammatical-sentence": "O"
                }, 
                {
                    "annotator-id": "13_A", 
                    "breakdown": "O", 
                    "comment": "", 
                    "ungrammatical-sentence": "O"
                }
            ], 
            "speaker": "S", 
            "time": "2014-08-06 14:22:38", 
            "turn-index": 6, 
            "utterance": "っす"
        }, 
        {
            "annotations": [], 
            "speaker": "U", 
            "time": "2014-08-06 14:23:02", 
            "turn-index": 7, 
            "utterance": "挨拶はもういいよ"
        }, 
        {
            "annotations": [
                {
                    "annotator-id": "10_A", 
                    "breakdown": "O", 
                    "comment": "", 
                    "ungrammatical-sentence": "O"
                }, 
                {
                    "annotator-id": "13_A", 
                    "breakdown": "O", 
                    "comment": "", 
                    "ungrammatical-sentence": "O"
                }
            ], 
            "speaker": "S", 
            "time": "2014-08-06 14:23:02", 
            "turn-index": 8, 
            "utterance": "元気がいいですね"
        }, 
        {
            "annotations": [], 
            "speaker": "U", 
            "time": "2014-08-06 14:23:08", 
            "turn-index": 9, 
            "utterance": "君もね"
        }, 
        {
            "annotations": [
                {
                    "annotator-id": "10_A", 
                    "breakdown": "T", 
                    "comment": "", 
                    "ungrammatical-sentence": "O"
                }, 
                {
                    "annotator-id": "13_A", 
                    "breakdown": "O", 
                    "comment": "", 
                    "ungrammatical-sentence": "O"
                }
            ], 
            "speaker": "S", 
            "time": "2014-08-06 14:23:08", 
            "turn-index": 10, 
            "utterance": "なに"
        }, 
        {
            "annotations": [], 
            "speaker": "U", 
            "time": "2014-08-06 14:23:43", 
            "turn-index": 11, 
            "utterance": "なにが？"
        }, 
        {
            "annotations": [
                {
                    "annotator-id": "10_A", 
                    "breakdown": "T", 
                    "comment": "", 
                    "ungrammatical-sentence": "O"
                }, 
                {
                    "annotator-id": "13_A", 
                    "breakdown": "O", 
                    "comment": "", 
                    "ungrammatical-sentence": "O"
                }
            ], 
            "speaker": "S", 
            "time": "2014-08-06 14:23:43", 
            "turn-index": 12, 
            "utterance": "サッカー"
        }, 
        {
            "annotations": [], 
            "speaker": "U", 
            "time": "2014-08-06 14:23:55", 
            "turn-index": 13, 
            "utterance": "やるの？"
        }, 
        {
            "annotations": [
                {
                    "annotator-id": "10_A", 
                    "breakdown": "X", 
                    "comment": "", 
                    "ungrammatical-sentence": "O"
                }, 
                {
                    "annotator-id": "13_A", 
                    "breakdown": "O", 
                    "comment": "", 
                    "ungrammatical-sentence": "O"
                }
            ], 
            "speaker": "S", 
            "time": "2014-08-06 14:23:55", 
            "turn-index": 14, 
            "utterance": "いいよ"
        }, 
        {
            "annotations": [], 
            "speaker": "U", 
            "time": "2014-08-06 14:24:05", 
            "turn-index": 15, 
            "utterance": "二人だけだとつまらないよ"
        }, 
        {
            "annotations": [
                {
                    "annotator-id": "10_A", 
                    "breakdown": "X", 
                    "comment": "", 
                    "ungrammatical-sentence": "O"
                }, 
                {
                    "annotator-id": "13_A", 
                    "breakdown": "O", 
                    "comment": "", 
                    "ungrammatical-sentence": "O"
                }
            ], 
            "speaker": "S", 
            "time": "2014-08-06 14:24:05", 
            "turn-index": 16, 
            "utterance": "サッカーは大丈夫です"
        }, 
        {
            "annotations": [], 
            "speaker": "U", 
            "time": "2014-08-06 14:24:18", 
            "turn-index": 17, 
            "utterance": "1対1だよ？"
        }, 
        {
            "annotations": [
                {
                    "annotator-id": "10_A", 
                    "breakdown": "T", 
                    "comment": "", 
                    "ungrammatical-sentence": "O"
                }, 
                {
                    "annotator-id": "13_A", 
                    "breakdown": "O", 
                    "comment": "", 
                    "ungrammatical-sentence": "O"
                }
            ], 
            "speaker": "S", 
            "time": "2014-08-06 14:24:18", 
            "turn-index": 18, 
            "utterance": "1対1が良いですよねえ"
        }, 
        {
            "annotations": [], 
            "speaker": "U", 
            "time": "2014-08-06 14:24:23", 
            "turn-index": 19, 
            "utterance": "いいんだ…"
        }, 
        {
            "annotations": [
                {
                    "annotator-id": "10_A", 
                    "breakdown": "X", 
                    "comment": "", 
                    "ungrammatical-sentence": "O"
                }, 
                {
                    "annotator-id": "13_A", 
                    "breakdown": "O", 
                    "comment": "", 
                    "ungrammatical-sentence": "O"
                }
            ], 
            "speaker": "S", 
            "time": "2014-08-06 14:24:23", 
            "turn-index": 20, 
            "utterance": "1対1はいいですよねえ"
        }
    ]
}