{
    "dialogue-id": "1407300819", 
    "group-id": "subset_a", 
    "speaker-id": "02_03", 
    "turns": [
        {
            "annotations": [
                {
                    "annotator-id": "01_A", 
                    "breakdown": "O", 
                    "comment": "", 
                    "ungrammatical-sentence": "O"
                }, 
                {
                    "annotator-id": "02_B", 
                    "breakdown": "O", 
                    "comment": "", 
                    "ungrammatical-sentence": "O"
                }
            ], 
            "speaker": "S", 
            "time": "2014-08-06 13:51:52", 
            "turn-index": 0, 
            "utterance": "こんにちは！声かけてくれるのを待ってたんだ。"
        }, 
        {
            "annotations": [], 
            "speaker": "U", 
            "time": "2014-08-06 13:52:01", 
            "turn-index": 1, 
            "utterance": "そうなんだ！やっほー！"
        }, 
        {
            "annotations": [
                {
                    "annotator-id": "01_A", 
                    "breakdown": "O", 
                    "comment": "", 
                    "ungrammatical-sentence": "O"
                }, 
                {
                    "annotator-id": "02_B", 
                    "breakdown": "O", 
                    "comment": "", 
                    "ungrammatical-sentence": "O"
                }
            ], 
            "speaker": "S", 
            "time": "2014-08-06 13:52:01", 
            "turn-index": 2, 
            "utterance": "ところで、山梨県北杜市にあるオオムラサキセンターに、１０万匹に１匹の割合で見られる珍しい色で、水色のニホンアマガエルが展示されているそうです。"
        }, 
        {
            "annotations": [], 
            "speaker": "U", 
            "time": "2014-08-06 13:52:17", 
            "turn-index": 3, 
            "utterance": "えー！見てみたいな！"
        }, 
        {
            "annotations": [
                {
                    "annotator-id": "01_A", 
                    "breakdown": "O", 
                    "comment": "", 
                    "ungrammatical-sentence": "O"
                }, 
                {
                    "annotator-id": "02_B", 
                    "breakdown": "O", 
                    "comment": "", 
                    "ungrammatical-sentence": "O"
                }
            ], 
            "speaker": "S", 
            "time": "2014-08-06 13:52:17", 
            "turn-index": 4, 
            "utterance": "ニホンアマガエルが欲しいですよねー"
        }, 
        {
            "annotations": [], 
            "speaker": "U", 
            "time": "2014-08-06 13:52:24", 
            "turn-index": 5, 
            "utterance": "欲しくないよー"
        }, 
        {
            "annotations": [
                {
                    "annotator-id": "01_A", 
                    "breakdown": "T", 
                    "comment": "前の発話との関係がわからない", 
                    "ungrammatical-sentence": "O"
                }, 
                {
                    "annotator-id": "02_B", 
                    "breakdown": "T", 
                    "comment": "", 
                    "ungrammatical-sentence": "O"
                }
            ], 
            "speaker": "S", 
            "time": "2014-08-06 13:52:24", 
            "turn-index": 6, 
            "utterance": "ごちそうさまです"
        }, 
        {
            "annotations": [], 
            "speaker": "U", 
            "time": "2014-08-06 13:52:40", 
            "turn-index": 7, 
            "utterance": "なにか食べたの？"
        }, 
        {
            "annotations": [
                {
                    "annotator-id": "01_A", 
                    "breakdown": "T", 
                    "comment": "前の質問に答えられていない", 
                    "ungrammatical-sentence": "O"
                }, 
                {
                    "annotator-id": "02_B", 
                    "breakdown": "X", 
                    "comment": "", 
                    "ungrammatical-sentence": "O"
                }
            ], 
            "speaker": "S", 
            "time": "2014-08-06 13:52:40", 
            "turn-index": 8, 
            "utterance": "でしょうね"
        }, 
        {
            "annotations": [], 
            "speaker": "U", 
            "time": "2014-08-06 13:52:48", 
            "turn-index": 9, 
            "utterance": "なにを食べたの？"
        }, 
        {
            "annotations": [
                {
                    "annotator-id": "01_A", 
                    "breakdown": "T", 
                    "comment": "前の質問に答えられていない", 
                    "ungrammatical-sentence": "O"
                }, 
                {
                    "annotator-id": "02_B", 
                    "breakdown": "X", 
                    "comment": "", 
                    "ungrammatical-sentence": "O"
                }
            ], 
            "speaker": "S", 
            "time": "2014-08-06 13:52:48", 
            "turn-index": 10, 
            "utterance": "ニホンアマガエルが欲しくないですよ"
        }, 
        {
            "annotations": [], 
            "speaker": "U", 
            "time": "2014-08-06 13:52:58", 
            "turn-index": 11, 
            "utterance": "あなたも欲しくないんだね。"
        }, 
        {
            "annotations": [
                {
                    "annotator-id": "01_A", 
                    "breakdown": "O", 
                    "comment": "", 
                    "ungrammatical-sentence": "O"
                }, 
                {
                    "annotator-id": "02_B", 
                    "breakdown": "X", 
                    "comment": "", 
                    "ungrammatical-sentence": "O"
                }
            ], 
            "speaker": "S", 
            "time": "2014-08-06 13:52:58", 
            "turn-index": 12, 
            "utterance": "ニホンアマガエルが欲しいと思いますか？"
        }, 
        {
            "annotations": [], 
            "speaker": "U", 
            "time": "2014-08-06 13:53:08", 
            "turn-index": 13, 
            "utterance": "まったく欲しくないよ。"
        }, 
        {
            "annotations": [
                {
                    "annotator-id": "01_A", 
                    "breakdown": "T", 
                    "comment": "自分の発話と矛盾している", 
                    "ungrammatical-sentence": "O"
                }, 
                {
                    "annotator-id": "02_B", 
                    "breakdown": "X", 
                    "comment": "", 
                    "ungrammatical-sentence": "O"
                }
            ], 
            "speaker": "S", 
            "time": "2014-08-06 13:53:08", 
            "turn-index": 14, 
            "utterance": "ニホンアマガエルが欲しいですね"
        }, 
        {
            "annotations": [], 
            "speaker": "U", 
            "time": "2014-08-06 13:53:17", 
            "turn-index": 15, 
            "utterance": "いやだよ"
        }, 
        {
            "annotations": [
                {
                    "annotator-id": "01_A", 
                    "breakdown": "O", 
                    "comment": "", 
                    "ungrammatical-sentence": "O"
                }, 
                {
                    "annotator-id": "02_B", 
                    "breakdown": "O", 
                    "comment": "", 
                    "ungrammatical-sentence": "O"
                }
            ], 
            "speaker": "S", 
            "time": "2014-08-06 13:53:17", 
            "turn-index": 16, 
            "utterance": "えー"
        }, 
        {
            "annotations": [], 
            "speaker": "U", 
            "time": "2014-08-06 13:53:23", 
            "turn-index": 17, 
            "utterance": "なんでー"
        }, 
        {
            "annotations": [
                {
                    "annotator-id": "01_A", 
                    "breakdown": "O", 
                    "comment": "", 
                    "ungrammatical-sentence": "O"
                }, 
                {
                    "annotator-id": "02_B", 
                    "breakdown": "O", 
                    "comment": "", 
                    "ungrammatical-sentence": "O"
                }
            ], 
            "speaker": "S", 
            "time": "2014-08-06 13:53:23", 
            "turn-index": 18, 
            "utterance": "わからん"
        }, 
        {
            "annotations": [], 
            "speaker": "U", 
            "time": "2014-08-06 13:53:37", 
            "turn-index": 19, 
            "utterance": "わたしもわからないけど、カエルあまり好きじゃないよ。"
        }, 
        {
            "annotations": [
                {
                    "annotator-id": "01_A", 
                    "breakdown": "T", 
                    "comment": "発話の意図がわからない", 
                    "ungrammatical-sentence": "O"
                }, 
                {
                    "annotator-id": "02_B", 
                    "breakdown": "X", 
                    "comment": "", 
                    "ungrammatical-sentence": "O"
                }
            ], 
            "speaker": "S", 
            "time": "2014-08-06 13:53:37", 
            "turn-index": 20, 
            "utterance": "いいな"
        }
    ]
}