{
    "dialogue-id": "1407467118", 
    "group-id": "subset_a", 
    "speaker-id": "03_02", 
    "turns": [
        {
            "annotations": [
                {
                    "annotator-id": "01_A", 
                    "breakdown": "O", 
                    "comment": "", 
                    "ungrammatical-sentence": "O"
                }, 
                {
                    "annotator-id": "02_B", 
                    "breakdown": "O", 
                    "comment": "", 
                    "ungrammatical-sentence": "O"
                }
            ], 
            "speaker": "S", 
            "time": "2014-08-08 11:54:22", 
            "turn-index": 0, 
            "utterance": "こんにちは！気軽に声かけてね。"
        }, 
        {
            "annotations": [], 
            "speaker": "U", 
            "time": "2014-08-08 11:54:37", 
            "turn-index": 1, 
            "utterance": "こんにちは"
        }, 
        {
            "annotations": [
                {
                    "annotator-id": "01_A", 
                    "breakdown": "T", 
                    "comment": "日本語がおかしい", 
                    "ungrammatical-sentence": "X"
                }, 
                {
                    "annotator-id": "02_B", 
                    "breakdown": "T", 
                    "comment": "", 
                    "ungrammatical-sentence": "X"
                }
            ], 
            "speaker": "S", 
            "time": "2014-08-08 11:54:37", 
            "turn-index": 2, 
            "utterance": "ここんにちは"
        }, 
        {
            "annotations": [], 
            "speaker": "U", 
            "time": "2014-08-08 11:55:03", 
            "turn-index": 3, 
            "utterance": "今日の気分はどうですか？"
        }, 
        {
            "annotations": [
                {
                    "annotator-id": "01_A", 
                    "breakdown": "T", 
                    "comment": "質問に答えられていない", 
                    "ungrammatical-sentence": "O"
                }, 
                {
                    "annotator-id": "02_B", 
                    "breakdown": "O", 
                    "comment": "", 
                    "ungrammatical-sentence": "O"
                }
            ], 
            "speaker": "S", 
            "time": "2014-08-08 11:55:03", 
            "turn-index": 4, 
            "utterance": "気分は良さそうですね"
        }, 
        {
            "annotations": [], 
            "speaker": "U", 
            "time": "2014-08-08 11:56:00", 
            "turn-index": 5, 
            "utterance": "そうですか、それは良かったですね。ところで、趣味は何ですか？"
        }, 
        {
            "annotations": [
                {
                    "annotator-id": "01_A", 
                    "breakdown": "T", 
                    "comment": "質問に答えられていない", 
                    "ungrammatical-sentence": "O"
                }, 
                {
                    "annotator-id": "02_B", 
                    "breakdown": "T", 
                    "comment": "", 
                    "ungrammatical-sentence": "O"
                }
            ], 
            "speaker": "S", 
            "time": "2014-08-08 11:56:00", 
            "turn-index": 6, 
            "utterance": "趣味に時間を使うのです"
        }, 
        {
            "annotations": [], 
            "speaker": "U", 
            "time": "2014-08-08 11:56:26", 
            "turn-index": 7, 
            "utterance": "どんなことに時間を使うのですか？"
        }, 
        {
            "annotations": [
                {
                    "annotator-id": "01_A", 
                    "breakdown": "T", 
                    "comment": "質問に答えられていない", 
                    "ungrammatical-sentence": "O"
                }, 
                {
                    "annotator-id": "02_B", 
                    "breakdown": "T", 
                    "comment": "", 
                    "ungrammatical-sentence": "O"
                }
            ], 
            "speaker": "S", 
            "time": "2014-08-08 11:56:26", 
            "turn-index": 8, 
            "utterance": "趣味にお金を使ってるようです"
        }, 
        {
            "annotations": [], 
            "speaker": "U", 
            "time": "2014-08-08 11:59:29", 
            "turn-index": 9, 
            "utterance": "そうですか。話題を変えますが、本はどの分野が好きですか？"
        }, 
        {
            "annotations": [
                {
                    "annotator-id": "01_A", 
                    "breakdown": "T", 
                    "comment": "前の発話の話題を引きずっている", 
                    "ungrammatical-sentence": "O"
                }, 
                {
                    "annotator-id": "02_B", 
                    "breakdown": "X", 
                    "comment": "", 
                    "ungrammatical-sentence": "O"
                }
            ], 
            "speaker": "S", 
            "time": "2014-08-08 11:59:29", 
            "turn-index": 10, 
            "utterance": "お金が趣味にかかるようです"
        }, 
        {
            "annotations": [], 
            "speaker": "U", 
            "time": "2014-08-08 12:01:19", 
            "turn-index": 11, 
            "utterance": "趣味にお金はかかりますよね。ところで、どんな食べ物がすきですか？"
        }, 
        {
            "annotations": [
                {
                    "annotator-id": "01_A", 
                    "breakdown": "T", 
                    "comment": "質問に答えられていない", 
                    "ungrammatical-sentence": "O"
                }, 
                {
                    "annotator-id": "02_B", 
                    "breakdown": "X", 
                    "comment": "", 
                    "ungrammatical-sentence": "O"
                }
            ], 
            "speaker": "S", 
            "time": "2014-08-08 12:01:19", 
            "turn-index": 12, 
            "utterance": "お金は大好きですね"
        }, 
        {
            "annotations": [], 
            "speaker": "U", 
            "time": "2014-08-08 12:02:34", 
            "turn-index": 13, 
            "utterance": "まあ、お金がないと生活することができませんしね。"
        }, 
        {
            "annotations": [
                {
                    "annotator-id": "01_A", 
                    "breakdown": "O", 
                    "comment": "", 
                    "ungrammatical-sentence": "O"
                }, 
                {
                    "annotator-id": "02_B", 
                    "breakdown": "X", 
                    "comment": "", 
                    "ungrammatical-sentence": "O"
                }
            ], 
            "speaker": "S", 
            "time": "2014-08-08 12:02:34", 
            "turn-index": 14, 
            "utterance": "お金は好きですね"
        }, 
        {
            "annotations": [], 
            "speaker": "U", 
            "time": "2014-08-08 12:03:14", 
            "turn-index": 15, 
            "utterance": "あなたがお金が好きなのはわかりました。他に好きなことはありますか？"
        }, 
        {
            "annotations": [
                {
                    "annotator-id": "01_A", 
                    "breakdown": "T", 
                    "comment": "質問に答えられていない", 
                    "ungrammatical-sentence": "O"
                }, 
                {
                    "annotator-id": "02_B", 
                    "breakdown": "X", 
                    "comment": "", 
                    "ungrammatical-sentence": "O"
                }
            ], 
            "speaker": "S", 
            "time": "2014-08-08 12:03:14", 
            "turn-index": 16, 
            "utterance": "お金は辛いですね"
        }, 
        {
            "annotations": [], 
            "speaker": "U", 
            "time": "2014-08-08 12:04:13", 
            "turn-index": 17, 
            "utterance": "お金を稼ぐことは辛いですよね。"
        }, 
        {
            "annotations": [
                {
                    "annotator-id": "01_A", 
                    "breakdown": "T", 
                    "comment": "自分の前の発話と矛盾している", 
                    "ungrammatical-sentence": "O"
                }, 
                {
                    "annotator-id": "02_B", 
                    "breakdown": "X", 
                    "comment": "", 
                    "ungrammatical-sentence": "O"
                }
            ], 
            "speaker": "S", 
            "time": "2014-08-08 12:04:13", 
            "turn-index": 18, 
            "utterance": "お金は苦しいですね"
        }, 
        {
            "annotations": [], 
            "speaker": "U", 
            "time": "2014-08-08 12:05:03", 
            "turn-index": 19, 
            "utterance": "確かに、苦しいですね。ところで、あなたの趣味は何ですか？"
        }, 
        {
            "annotations": [
                {
                    "annotator-id": "01_A", 
                    "breakdown": "T", 
                    "comment": "質問に答えられていない", 
                    "ungrammatical-sentence": "O"
                }, 
                {
                    "annotator-id": "02_B", 
                    "breakdown": "T", 
                    "comment": "", 
                    "ungrammatical-sentence": "O"
                }
            ], 
            "speaker": "S", 
            "time": "2014-08-08 12:05:03", 
            "turn-index": 20, 
            "utterance": "趣味を教えるかもしれない"
        }
    ]
}