{
    "dialogue-id": "1407738575", 
    "group-id": "subset_d", 
    "speaker-id": "07_01", 
    "turns": [
        {
            "annotations": [
                {
                    "annotator-id": "05_A", 
                    "breakdown": "O", 
                    "comment": "", 
                    "ungrammatical-sentence": "O"
                }, 
                {
                    "annotator-id": "07_A", 
                    "breakdown": "O", 
                    "comment": "", 
                    "ungrammatical-sentence": "O"
                }
            ], 
            "speaker": "S", 
            "time": "2014-08-11 15:26:24", 
            "turn-index": 0, 
            "utterance": "こんにちは。声かけてくれるのを待ってたんだ。"
        }, 
        {
            "annotations": [], 
            "speaker": "U", 
            "time": "2014-08-11 15:26:45", 
            "turn-index": 1, 
            "utterance": "政治家が丸坊主になってるね．"
        }, 
        {
            "annotations": [
                {
                    "annotator-id": "05_A", 
                    "breakdown": "O", 
                    "comment": "", 
                    "ungrammatical-sentence": "O"
                }, 
                {
                    "annotator-id": "07_A", 
                    "breakdown": "O", 
                    "comment": "", 
                    "ungrammatical-sentence": "O"
                }
            ], 
            "speaker": "S", 
            "time": "2014-08-11 15:26:45", 
            "turn-index": 2, 
            "utterance": "政治家は言葉が命ですけどねぇ"
        }, 
        {
            "annotations": [], 
            "speaker": "U", 
            "time": "2014-08-11 15:26:56", 
            "turn-index": 3, 
            "utterance": "ほんとに．失言が多いもんね．"
        }, 
        {
            "annotations": [
                {
                    "annotator-id": "05_A", 
                    "breakdown": "O", 
                    "comment": "", 
                    "ungrammatical-sentence": "O"
                }, 
                {
                    "annotator-id": "07_A", 
                    "breakdown": "T", 
                    "comment": "少し，話の方向と合わない", 
                    "ungrammatical-sentence": "O"
                }
            ], 
            "speaker": "S", 
            "time": "2014-08-11 15:26:56", 
            "turn-index": 4, 
            "utterance": "政治家は賢いですね"
        }, 
        {
            "annotations": [], 
            "speaker": "U", 
            "time": "2014-08-11 15:27:13", 
            "turn-index": 5, 
            "utterance": "まあ，頭はいいと思う．頭悪くてもなってるひとはいるけど．"
        }, 
        {
            "annotations": [
                {
                    "annotator-id": "05_A", 
                    "breakdown": "O", 
                    "comment": "", 
                    "ungrammatical-sentence": "O"
                }, 
                {
                    "annotator-id": "07_A", 
                    "breakdown": "O", 
                    "comment": "", 
                    "ungrammatical-sentence": "O"
                }
            ], 
            "speaker": "S", 
            "time": "2014-08-11 15:27:13", 
            "turn-index": 6, 
            "utterance": "言葉が大事ですね"
        }, 
        {
            "annotations": [], 
            "speaker": "U", 
            "time": "2014-08-11 15:27:32", 
            "turn-index": 7, 
            "utterance": "しゃべるのが仕事ですもんね．"
        }, 
        {
            "annotations": [
                {
                    "annotator-id": "05_A", 
                    "breakdown": "O", 
                    "comment": "", 
                    "ungrammatical-sentence": "O"
                }, 
                {
                    "annotator-id": "07_A", 
                    "breakdown": "O", 
                    "comment": "", 
                    "ungrammatical-sentence": "O"
                }
            ], 
            "speaker": "S", 
            "time": "2014-08-11 15:27:32", 
            "turn-index": 8, 
            "utterance": "仕事しない政治家は給料返上って法を作るといいと思います。"
        }, 
        {
            "annotations": [], 
            "speaker": "U", 
            "time": "2014-08-11 15:28:08", 
            "turn-index": 9, 
            "utterance": "政治家のブログを見てると，派閥がいろいろあって，仕事ができなかったりするみたい．"
        }, 
        {
            "annotations": [
                {
                    "annotator-id": "05_A", 
                    "breakdown": "T", 
                    "comment": "", 
                    "ungrammatical-sentence": "O"
                }, 
                {
                    "annotator-id": "07_A", 
                    "breakdown": "O", 
                    "comment": "", 
                    "ungrammatical-sentence": "O"
                }
            ], 
            "speaker": "S", 
            "time": "2014-08-11 15:28:08", 
            "turn-index": 10, 
            "utterance": "ブログはいいですね"
        }, 
        {
            "annotations": [], 
            "speaker": "U", 
            "time": "2014-08-11 15:28:23", 
            "turn-index": 11, 
            "utterance": "政治家の活動もチェックしやすいですもんね．"
        }, 
        {
            "annotations": [
                {
                    "annotator-id": "05_A", 
                    "breakdown": "T", 
                    "comment": "", 
                    "ungrammatical-sentence": "O"
                }, 
                {
                    "annotator-id": "07_A", 
                    "breakdown": "O", 
                    "comment": "", 
                    "ungrammatical-sentence": "O"
                }
            ], 
            "speaker": "S", 
            "time": "2014-08-11 15:28:23", 
            "turn-index": 12, 
            "utterance": "政治家って責任取らなくていい仕事なんだもんな。"
        }, 
        {
            "annotations": [], 
            "speaker": "U", 
            "time": "2014-08-11 15:28:25", 
            "turn-index": 13, 
            "utterance": "政治家の活動もチェックしやすいですもんね．"
        }, 
        {
            "annotations": [
                {
                    "annotator-id": "05_A", 
                    "breakdown": "O", 
                    "comment": "", 
                    "ungrammatical-sentence": "O"
                }, 
                {
                    "annotator-id": "07_A", 
                    "breakdown": "O", 
                    "comment": "", 
                    "ungrammatical-sentence": "O"
                }
            ], 
            "speaker": "S", 
            "time": "2014-08-11 15:28:25", 
            "turn-index": 14, 
            "utterance": "政治家って良い仕事だよね。"
        }, 
        {
            "annotations": [], 
            "speaker": "U", 
            "time": "2014-08-11 15:28:48", 
            "turn-index": 15, 
            "utterance": "政治家になりたいです．"
        }, 
        {
            "annotations": [
                {
                    "annotator-id": "05_A", 
                    "breakdown": "X", 
                    "comment": "", 
                    "ungrammatical-sentence": "O"
                }, 
                {
                    "annotator-id": "07_A", 
                    "breakdown": "O", 
                    "comment": "", 
                    "ungrammatical-sentence": "O"
                }
            ], 
            "speaker": "S", 
            "time": "2014-08-11 15:28:48", 
            "turn-index": 16, 
            "utterance": "政治家は給料無しで良いよ。"
        }, 
        {
            "annotations": [], 
            "speaker": "U", 
            "time": "2014-08-11 15:29:10", 
            "turn-index": 17, 
            "utterance": "それは駄目．"
        }, 
        {
            "annotations": [
                {
                    "annotator-id": "05_A", 
                    "breakdown": "O", 
                    "comment": "", 
                    "ungrammatical-sentence": "O"
                }, 
                {
                    "annotator-id": "07_A", 
                    "breakdown": "O", 
                    "comment": "", 
                    "ungrammatical-sentence": "O"
                }
            ], 
            "speaker": "S", 
            "time": "2014-08-11 15:29:10", 
            "turn-index": 18, 
            "utterance": "政治家は必要ないですよねー"
        }, 
        {
            "annotations": [], 
            "speaker": "U", 
            "time": "2014-08-11 15:29:27", 
            "turn-index": 19, 
            "utterance": "必要だとおもう．あんまり政治活動に参加してないの？"
        }, 
        {
            "annotations": [
                {
                    "annotator-id": "05_A", 
                    "breakdown": "X", 
                    "comment": "", 
                    "ungrammatical-sentence": "O"
                }, 
                {
                    "annotator-id": "07_A", 
                    "breakdown": "T", 
                    "comment": "主張がかわっている．ユーザの意見を反映した　と良い方向に解釈することもできるが・・・．", 
                    "ungrammatical-sentence": "O"
                }
            ], 
            "speaker": "S", 
            "time": "2014-08-11 15:29:27", 
            "turn-index": 20, 
            "utterance": "政治家は必要です"
        }
    ]
}