{
    "dialogue-id": "1407768905", 
    "group-id": "subset_f", 
    "speaker-id": "07_01", 
    "turns": [
        {
            "annotations": [
                {
                    "annotator-id": "09_A", 
                    "breakdown": "O", 
                    "comment": "", 
                    "ungrammatical-sentence": "O"
                }, 
                {
                    "annotator-id": "10_B", 
                    "breakdown": "O", 
                    "comment": "", 
                    "ungrammatical-sentence": "O"
                }
            ], 
            "speaker": "S", 
            "time": "2014-08-11 23:53:06", 
            "turn-index": 0, 
            "utterance": "夏といえばスイカだね。"
        }, 
        {
            "annotations": [], 
            "speaker": "U", 
            "time": "2014-08-11 23:53:16", 
            "turn-index": 1, 
            "utterance": "スイカを割ったらおしりに見えますね"
        }, 
        {
            "annotations": [
                {
                    "annotator-id": "09_A", 
                    "breakdown": "O", 
                    "comment": "", 
                    "ungrammatical-sentence": "O"
                }, 
                {
                    "annotator-id": "10_B", 
                    "breakdown": "O", 
                    "comment": "", 
                    "ungrammatical-sentence": "O"
                }
            ], 
            "speaker": "S", 
            "time": "2014-08-11 23:53:16", 
            "turn-index": 2, 
            "utterance": "おしりはかわゆいですね"
        }, 
        {
            "annotations": [], 
            "speaker": "U", 
            "time": "2014-08-11 23:53:28", 
            "turn-index": 3, 
            "utterance": "おー！ココにもおしりフェチが居た．"
        }, 
        {
            "annotations": [
                {
                    "annotator-id": "09_A", 
                    "breakdown": "O", 
                    "comment": "", 
                    "ungrammatical-sentence": "O"
                }, 
                {
                    "annotator-id": "10_B", 
                    "breakdown": "O", 
                    "comment": "", 
                    "ungrammatical-sentence": "O"
                }
            ], 
            "speaker": "S", 
            "time": "2014-08-11 23:53:28", 
            "turn-index": 4, 
            "utterance": "楽しそうですね"
        }, 
        {
            "annotations": [], 
            "speaker": "U", 
            "time": "2014-08-11 23:53:39", 
            "turn-index": 5, 
            "utterance": "楽しいよ－！おしりのどんなところが可愛いとおもうんですか？"
        }, 
        {
            "annotations": [
                {
                    "annotator-id": "09_A", 
                    "breakdown": "T", 
                    "comment": "質問を無視した。でも無視してもいい気がする。", 
                    "ungrammatical-sentence": "O"
                }, 
                {
                    "annotator-id": "10_B", 
                    "breakdown": "O", 
                    "comment": "", 
                    "ungrammatical-sentence": "O"
                }
            ], 
            "speaker": "S", 
            "time": "2014-08-11 23:53:39", 
            "turn-index": 6, 
            "utterance": ""
        }, 
        {
            "annotations": [], 
            "speaker": "U", 
            "time": "2014-08-11 23:53:57", 
            "turn-index": 7, 
            "utterance": "まさかの無言ですか？おしりの可愛いところですよ！"
        }, 
        {
            "annotations": [
                {
                    "annotator-id": "09_A", 
                    "breakdown": "T", 
                    "comment": "07を無視。でも無視して話を買えてもいい気がする", 
                    "ungrammatical-sentence": "O"
                }, 
                {
                    "annotator-id": "10_B", 
                    "breakdown": "O", 
                    "comment": "", 
                    "ungrammatical-sentence": "O"
                }
            ], 
            "speaker": "S", 
            "time": "2014-08-11 23:53:57", 
            "turn-index": 8, 
            "utterance": "昨日は何を食べましたか？"
        }, 
        {
            "annotations": [], 
            "speaker": "U", 
            "time": "2014-08-11 23:54:07", 
            "turn-index": 9, 
            "utterance": "別に，うんこは食べてませんよ．"
        }, 
        {
            "annotations": [
                {
                    "annotator-id": "09_A", 
                    "breakdown": "O", 
                    "comment": "", 
                    "ungrammatical-sentence": "O"
                }, 
                {
                    "annotator-id": "10_B", 
                    "breakdown": "O", 
                    "comment": "", 
                    "ungrammatical-sentence": "O"
                }
            ], 
            "speaker": "S", 
            "time": "2014-08-11 23:54:07", 
            "turn-index": 10, 
            "utterance": "トイレに流してますか？"
        }, 
        {
            "annotations": [], 
            "speaker": "U", 
            "time": "2014-08-11 23:54:20", 
            "turn-index": 11, 
            "utterance": "当然ですよ！完全に食べてると思われてるじゃないですか！"
        }, 
        {
            "annotations": [
                {
                    "annotator-id": "09_A", 
                    "breakdown": "O", 
                    "comment": "", 
                    "ungrammatical-sentence": "O"
                }, 
                {
                    "annotator-id": "10_B", 
                    "breakdown": "O", 
                    "comment": "", 
                    "ungrammatical-sentence": "O"
                }
            ], 
            "speaker": "S", 
            "time": "2014-08-11 23:54:20", 
            "turn-index": 12, 
            "utterance": "ウォシュレットがいいですね"
        }, 
        {
            "annotations": [], 
            "speaker": "U", 
            "time": "2014-08-11 23:54:36", 
            "turn-index": 13, 
            "utterance": "僕の家にもあります．それで家を選びましたもん．"
        }, 
        {
            "annotations": [
                {
                    "annotator-id": "09_A", 
                    "breakdown": "X", 
                    "comment": "トイレじゃないウォシュレットとは？", 
                    "ungrammatical-sentence": "O"
                }, 
                {
                    "annotator-id": "10_B", 
                    "breakdown": "X", 
                    "comment": "", 
                    "ungrammatical-sentence": "O"
                }
            ], 
            "speaker": "S", 
            "time": "2014-08-11 23:54:36", 
            "turn-index": 14, 
            "utterance": "ウォシュレットでトイレが良いですね"
        }, 
        {
            "annotations": [], 
            "speaker": "U", 
            "time": "2014-08-11 23:54:42", 
            "turn-index": 15, 
            "utterance": "そのとおりです．"
        }, 
        {
            "annotations": [
                {
                    "annotator-id": "09_A", 
                    "breakdown": "O", 
                    "comment": "", 
                    "ungrammatical-sentence": "O"
                }, 
                {
                    "annotator-id": "10_B", 
                    "breakdown": "O", 
                    "comment": "", 
                    "ungrammatical-sentence": "O"
                }
            ], 
            "speaker": "S", 
            "time": "2014-08-11 23:54:42", 
            "turn-index": 16, 
            "utterance": "ですよね"
        }, 
        {
            "annotations": [], 
            "speaker": "U", 
            "time": "2014-08-11 23:54:49", 
            "turn-index": 17, 
            "utterance": "うん"
        }, 
        {
            "annotations": [
                {
                    "annotator-id": "09_A", 
                    "breakdown": "O", 
                    "comment": "", 
                    "ungrammatical-sentence": "O"
                }, 
                {
                    "annotator-id": "10_B", 
                    "breakdown": "O", 
                    "comment": "", 
                    "ungrammatical-sentence": "O"
                }
            ], 
            "speaker": "S", 
            "time": "2014-08-11 23:54:49", 
            "turn-index": 18, 
            "utterance": "いいよね"
        }, 
        {
            "annotations": [], 
            "speaker": "U", 
            "time": "2014-08-11 23:55:02", 
            "turn-index": 19, 
            "utterance": "ウォシュレットすきなんですか？"
        }, 
        {
            "annotations": [
                {
                    "annotator-id": "09_A", 
                    "breakdown": "T", 
                    "comment": "好きかの返事としてはおかしい", 
                    "ungrammatical-sentence": "O"
                }, 
                {
                    "annotator-id": "10_B", 
                    "breakdown": "O", 
                    "comment": "", 
                    "ungrammatical-sentence": "O"
                }
            ], 
            "speaker": "S", 
            "time": "2014-08-11 23:55:02", 
            "turn-index": 20, 
            "utterance": "ウォシュレットは欲しいですね"
        }
    ]
}