{
    "dialogue-id": "1407331385", 
    "group-id": "subset_h", 
    "speaker-id": "15_01", 
    "turns": [
        {
            "annotations": [
                {
                    "annotator-id": "10_A", 
                    "breakdown": "O", 
                    "comment": "", 
                    "ungrammatical-sentence": "O"
                }, 
                {
                    "annotator-id": "13_A", 
                    "breakdown": "O", 
                    "comment": "", 
                    "ungrammatical-sentence": "O"
                }
            ], 
            "speaker": "S", 
            "time": "2014-08-06 22:06:11", 
            "turn-index": 0, 
            "utterance": "こんばんは。ちょうど退屈してたんだ。"
        }, 
        {
            "annotations": [], 
            "speaker": "U", 
            "time": "2014-08-06 22:16:18", 
            "turn-index": 1, 
            "utterance": "そうなんですか．きょうはとても暑いですね．"
        }, 
        {
            "annotations": [
                {
                    "annotator-id": "10_A", 
                    "breakdown": "O", 
                    "comment": "", 
                    "ungrammatical-sentence": "X"
                }, 
                {
                    "annotator-id": "13_A", 
                    "breakdown": "T", 
                    "comment": "ユーザの話は無視するが、退屈の話は継続", 
                    "ungrammatical-sentence": "O"
                }
            ], 
            "speaker": "S", 
            "time": "2014-08-06 22:16:18", 
            "turn-index": 2, 
            "utterance": "退屈になりがちか"
        }, 
        {
            "annotations": [], 
            "speaker": "U", 
            "time": "2014-08-06 22:18:29", 
            "turn-index": 3, 
            "utterance": "そんなときもありますよね．"
        }, 
        {
            "annotations": [
                {
                    "annotator-id": "10_A", 
                    "breakdown": "T", 
                    "comment": "", 
                    "ungrammatical-sentence": "O"
                }, 
                {
                    "annotator-id": "13_A", 
                    "breakdown": "O", 
                    "comment": "", 
                    "ungrammatical-sentence": "O"
                }
            ], 
            "speaker": "S", 
            "time": "2014-08-06 22:18:29", 
            "turn-index": 4, 
            "utterance": "退屈になりがちよねえ"
        }, 
        {
            "annotations": [], 
            "speaker": "U", 
            "time": "2014-08-06 22:19:32", 
            "turn-index": 5, 
            "utterance": "そうですね．"
        }, 
        {
            "annotations": [
                {
                    "annotator-id": "10_A", 
                    "breakdown": "O", 
                    "comment": "", 
                    "ungrammatical-sentence": "O"
                }, 
                {
                    "annotator-id": "13_A", 
                    "breakdown": "O", 
                    "comment": "", 
                    "ungrammatical-sentence": "O"
                }
            ], 
            "speaker": "S", 
            "time": "2014-08-06 22:19:32", 
            "turn-index": 6, 
            "utterance": "ねー"
        }, 
        {
            "annotations": [], 
            "speaker": "U", 
            "time": "2014-08-06 22:20:04", 
            "turn-index": 7, 
            "utterance": "はあ．"
        }, 
        {
            "annotations": [
                {
                    "annotator-id": "10_A", 
                    "breakdown": "T", 
                    "comment": "", 
                    "ungrammatical-sentence": "O"
                }, 
                {
                    "annotator-id": "13_A", 
                    "breakdown": "O", 
                    "comment": "", 
                    "ungrammatical-sentence": "O"
                }
            ], 
            "speaker": "S", 
            "time": "2014-08-06 22:20:04", 
            "turn-index": 8, 
            "utterance": "えっ"
        }, 
        {
            "annotations": [], 
            "speaker": "U", 
            "time": "2014-08-06 22:20:24", 
            "turn-index": 9, 
            "utterance": "どうしましたか．"
        }, 
        {
            "annotations": [
                {
                    "annotator-id": "10_A", 
                    "breakdown": "O", 
                    "comment": "", 
                    "ungrammatical-sentence": "O"
                }, 
                {
                    "annotator-id": "13_A", 
                    "breakdown": "O", 
                    "comment": "", 
                    "ungrammatical-sentence": "O"
                }
            ], 
            "speaker": "S", 
            "time": "2014-08-06 22:20:24", 
            "turn-index": 10, 
            "utterance": "色々ありまして"
        }, 
        {
            "annotations": [], 
            "speaker": "U", 
            "time": "2014-08-06 22:20:44", 
            "turn-index": 11, 
            "utterance": "よかったら教えてください．"
        }, 
        {
            "annotations": [
                {
                    "annotator-id": "10_A", 
                    "breakdown": "T", 
                    "comment": "", 
                    "ungrammatical-sentence": "O"
                }, 
                {
                    "annotator-id": "13_A", 
                    "breakdown": "O", 
                    "comment": "", 
                    "ungrammatical-sentence": "O"
                }
            ], 
            "speaker": "S", 
            "time": "2014-08-06 22:20:44", 
            "turn-index": 12, 
            "utterance": "うむ"
        }, 
        {
            "annotations": [], 
            "speaker": "U", 
            "time": "2014-08-06 22:20:52", 
            "turn-index": 13, 
            "utterance": "うふふ．"
        }, 
        {
            "annotations": [
                {
                    "annotator-id": "10_A", 
                    "breakdown": "T", 
                    "comment": "", 
                    "ungrammatical-sentence": "O"
                }, 
                {
                    "annotator-id": "13_A", 
                    "breakdown": "O", 
                    "comment": "", 
                    "ungrammatical-sentence": "O"
                }
            ], 
            "speaker": "S", 
            "time": "2014-08-06 22:20:52", 
            "turn-index": 14, 
            "utterance": "きも"
        }, 
        {
            "annotations": [], 
            "speaker": "U", 
            "time": "2014-08-06 22:21:12", 
            "turn-index": 15, 
            "utterance": "そういう言い方はないんじゃないですか．"
        }, 
        {
            "annotations": [
                {
                    "annotator-id": "10_A", 
                    "breakdown": "X", 
                    "comment": "", 
                    "ungrammatical-sentence": "O"
                }, 
                {
                    "annotator-id": "13_A", 
                    "breakdown": "O", 
                    "comment": "", 
                    "ungrammatical-sentence": "O"
                }
            ], 
            "speaker": "S", 
            "time": "2014-08-06 22:21:12", 
            "turn-index": 16, 
            "utterance": "言い方に気をつけてないな"
        }, 
        {
            "annotations": [], 
            "speaker": "U", 
            "time": "2014-08-06 22:21:30", 
            "turn-index": 17, 
            "utterance": "お互い様じゃないでしょうか．"
        }, 
        {
            "annotations": [
                {
                    "annotator-id": "10_A", 
                    "breakdown": "X", 
                    "comment": "", 
                    "ungrammatical-sentence": "O"
                }, 
                {
                    "annotator-id": "13_A", 
                    "breakdown": "O", 
                    "comment": "", 
                    "ungrammatical-sentence": "O"
                }
            ], 
            "speaker": "S", 
            "time": "2014-08-06 22:21:30", 
            "turn-index": 18, 
            "utterance": "お互い様ですみます"
        }, 
        {
            "annotations": [], 
            "speaker": "U", 
            "time": "2014-08-06 22:22:52", 
            "turn-index": 19, 
            "utterance": "すみません，今なんておっしゃいましたか．"
        }, 
        {
            "annotations": [
                {
                    "annotator-id": "10_A", 
                    "breakdown": "T", 
                    "comment": "", 
                    "ungrammatical-sentence": "O"
                }, 
                {
                    "annotator-id": "13_A", 
                    "breakdown": "O", 
                    "comment": "", 
                    "ungrammatical-sentence": "O"
                }
            ], 
            "speaker": "S", 
            "time": "2014-08-06 22:22:52", 
            "turn-index": 20, 
            "utterance": "お互い様で仕方ないです"
        }
    ]
}