{
    "dialogue-id": "1407481204", 
    "group-id": "subset_a", 
    "speaker-id": "15_06", 
    "turns": [
        {
            "annotations": [
                {
                    "annotator-id": "01_A", 
                    "breakdown": "O", 
                    "comment": "", 
                    "ungrammatical-sentence": "O"
                }, 
                {
                    "annotator-id": "02_B", 
                    "breakdown": "O", 
                    "comment": "", 
                    "ungrammatical-sentence": "O"
                }
            ], 
            "speaker": "S", 
            "time": "2014-08-08 15:50:46", 
            "turn-index": 0, 
            "utterance": "こんにちは！海へ行きたいね。"
        }, 
        {
            "annotations": [], 
            "speaker": "U", 
            "time": "2014-08-08 15:51:40", 
            "turn-index": 1, 
            "utterance": "そうですね。でもその前に痩せないとね。"
        }, 
        {
            "annotations": [
                {
                    "annotator-id": "01_A", 
                    "breakdown": "O", 
                    "comment": "", 
                    "ungrammatical-sentence": "O"
                }, 
                {
                    "annotator-id": "02_B", 
                    "breakdown": "O", 
                    "comment": "", 
                    "ungrammatical-sentence": "O"
                }
            ], 
            "speaker": "S", 
            "time": "2014-08-08 15:51:40", 
            "turn-index": 2, 
            "utterance": "朝から海に行きますか？？"
        }, 
        {
            "annotations": [], 
            "speaker": "U", 
            "time": "2014-08-08 15:52:15", 
            "turn-index": 3, 
            "utterance": "朝はきついので昼くらいからでしょうか。"
        }, 
        {
            "annotations": [
                {
                    "annotator-id": "01_A", 
                    "breakdown": "O", 
                    "comment": "", 
                    "ungrammatical-sentence": "O"
                }, 
                {
                    "annotator-id": "02_B", 
                    "breakdown": "O", 
                    "comment": "", 
                    "ungrammatical-sentence": "O"
                }
            ], 
            "speaker": "S", 
            "time": "2014-08-08 15:52:15", 
            "turn-index": 4, 
            "utterance": "気持ちがいいですね"
        }, 
        {
            "annotations": [], 
            "speaker": "U", 
            "time": "2014-08-08 15:53:05", 
            "turn-index": 5, 
            "utterance": "外に出て遊びに行きたい位ですね"
        }, 
        {
            "annotations": [
                {
                    "annotator-id": "01_A", 
                    "breakdown": "O", 
                    "comment": "", 
                    "ungrammatical-sentence": "O"
                }, 
                {
                    "annotator-id": "02_B", 
                    "breakdown": "T", 
                    "comment": "", 
                    "ungrammatical-sentence": "O"
                }
            ], 
            "speaker": "S", 
            "time": "2014-08-08 15:53:05", 
            "turn-index": 6, 
            "utterance": "気持ちがえいですけどねぇ"
        }, 
        {
            "annotations": [], 
            "speaker": "U", 
            "time": "2014-08-08 15:53:37", 
            "turn-index": 7, 
            "utterance": "そうですね"
        }, 
        {
            "annotations": [
                {
                    "annotator-id": "01_A", 
                    "breakdown": "O", 
                    "comment": "", 
                    "ungrammatical-sentence": "O"
                }, 
                {
                    "annotator-id": "02_B", 
                    "breakdown": "O", 
                    "comment": "", 
                    "ungrammatical-sentence": "O"
                }
            ], 
            "speaker": "S", 
            "time": "2014-08-08 15:53:37", 
            "turn-index": 8, 
            "utterance": "はい"
        }, 
        {
            "annotations": [], 
            "speaker": "U", 
            "time": "2014-08-08 15:54:15", 
            "turn-index": 9, 
            "utterance": "海で何をしたいですか？"
        }, 
        {
            "annotations": [
                {
                    "annotator-id": "01_A", 
                    "breakdown": "T", 
                    "comment": "質問に答えられていない", 
                    "ungrammatical-sentence": "O"
                }, 
                {
                    "annotator-id": "02_B", 
                    "breakdown": "T", 
                    "comment": "", 
                    "ungrammatical-sentence": "O"
                }
            ], 
            "speaker": "S", 
            "time": "2014-08-08 15:54:15", 
            "turn-index": 10, 
            "utterance": "海は穏やかですね"
        }, 
        {
            "annotations": [], 
            "speaker": "U", 
            "time": "2014-08-08 15:54:30", 
            "turn-index": 11, 
            "utterance": "釣りとかどうでしょうか"
        }, 
        {
            "annotations": [
                {
                    "annotator-id": "01_A", 
                    "breakdown": "O", 
                    "comment": "", 
                    "ungrammatical-sentence": "O"
                }, 
                {
                    "annotator-id": "02_B", 
                    "breakdown": "O", 
                    "comment": "", 
                    "ungrammatical-sentence": "O"
                }
            ], 
            "speaker": "S", 
            "time": "2014-08-08 15:54:30", 
            "turn-index": 12, 
            "utterance": "私も好きです"
        }, 
        {
            "annotations": [], 
            "speaker": "U", 
            "time": "2014-08-08 15:56:39", 
            "turn-index": 13, 
            "utterance": "海でただよいたいですね"
        }, 
        {
            "annotations": [
                {
                    "annotator-id": "01_A", 
                    "breakdown": "O", 
                    "comment": "", 
                    "ungrammatical-sentence": "O"
                }, 
                {
                    "annotator-id": "02_B", 
                    "breakdown": "X", 
                    "comment": "", 
                    "ungrammatical-sentence": "O"
                }
            ], 
            "speaker": "S", 
            "time": "2014-08-08 15:56:39", 
            "turn-index": 14, 
            "utterance": "どうでしょうにハマってますか？"
        }, 
        {
            "annotations": [], 
            "speaker": "U", 
            "time": "2014-08-08 15:56:50", 
            "turn-index": 15, 
            "utterance": "ハマってます"
        }, 
        {
            "annotations": [
                {
                    "annotator-id": "01_A", 
                    "breakdown": "X", 
                    "comment": "質問の意図がわからないし、文体がおかしい", 
                    "ungrammatical-sentence": "X"
                }, 
                {
                    "annotator-id": "02_B", 
                    "breakdown": "X", 
                    "comment": "", 
                    "ungrammatical-sentence": "O"
                }
            ], 
            "speaker": "S", 
            "time": "2014-08-08 15:56:50", 
            "turn-index": 16, 
            "utterance": "しょうはどうでハマりますか"
        }, 
        {
            "annotations": [], 
            "speaker": "U", 
            "time": "2014-08-08 15:57:21", 
            "turn-index": 17, 
            "utterance": "藤村さんが面白いですよね"
        }, 
        {
            "annotations": [
                {
                    "annotator-id": "01_A", 
                    "breakdown": "O", 
                    "comment": "", 
                    "ungrammatical-sentence": "O"
                }, 
                {
                    "annotator-id": "02_B", 
                    "breakdown": "O", 
                    "comment": "", 
                    "ungrammatical-sentence": "O"
                }
            ], 
            "speaker": "S", 
            "time": "2014-08-08 15:57:21", 
            "turn-index": 18, 
            "utterance": "大好きです"
        }, 
        {
            "annotations": [], 
            "speaker": "U", 
            "time": "2014-08-08 15:57:30", 
            "turn-index": 19, 
            "utterance": "分かってますね"
        }, 
        {
            "annotations": [
                {
                    "annotator-id": "01_A", 
                    "breakdown": "O", 
                    "comment": "", 
                    "ungrammatical-sentence": "O"
                }, 
                {
                    "annotator-id": "02_B", 
                    "breakdown": "O", 
                    "comment": "", 
                    "ungrammatical-sentence": "O"
                }
            ], 
            "speaker": "S", 
            "time": "2014-08-08 15:57:30", 
            "turn-index": 20, 
            "utterance": "うん"
        }
    ]
}