{
    "dialogue-id": "1407209777", 
    "group-id": "subset_h", 
    "speaker-id": "01_01", 
    "turns": [
        {
            "annotations": [
                {
                    "annotator-id": "10_A", 
                    "breakdown": "O", 
                    "comment": "", 
                    "ungrammatical-sentence": "O"
                }, 
                {
                    "annotator-id": "13_A", 
                    "breakdown": "O", 
                    "comment": "", 
                    "ungrammatical-sentence": "O"
                }
            ], 
            "speaker": "S", 
            "time": "2014-08-05 12:34:48", 
            "turn-index": 0, 
            "utterance": "こんにちは。海へ行きたいね。"
        }, 
        {
            "annotations": [], 
            "speaker": "U", 
            "time": "2014-08-05 12:34:58", 
            "turn-index": 1, 
            "utterance": "海はあまり好きじゃないです"
        }, 
        {
            "annotations": [
                {
                    "annotator-id": "10_A", 
                    "breakdown": "O", 
                    "comment": "", 
                    "ungrammatical-sentence": "O"
                }, 
                {
                    "annotator-id": "13_A", 
                    "breakdown": "O", 
                    "comment": "", 
                    "ungrammatical-sentence": "O"
                }
            ], 
            "speaker": "S", 
            "time": "2014-08-05 12:34:58", 
            "turn-index": 2, 
            "utterance": "海に行きませんか？？"
        }, 
        {
            "annotations": [], 
            "speaker": "U", 
            "time": "2014-08-05 12:35:08", 
            "turn-index": 3, 
            "utterance": "いやー．ちょっと苦手で"
        }, 
        {
            "annotations": [
                {
                    "annotator-id": "10_A", 
                    "breakdown": "O", 
                    "comment": "", 
                    "ungrammatical-sentence": "O"
                }, 
                {
                    "annotator-id": "13_A", 
                    "breakdown": "T", 
                    "comment": "苦手だと言っているのだから、行かないのでは？", 
                    "ungrammatical-sentence": "O"
                }
            ], 
            "speaker": "S", 
            "time": "2014-08-05 12:35:08", 
            "turn-index": 4, 
            "utterance": "海は一人で行ってます？"
        }, 
        {
            "annotations": [], 
            "speaker": "U", 
            "time": "2014-08-05 12:35:14", 
            "turn-index": 5, 
            "utterance": "行かないですね"
        }, 
        {
            "annotations": [
                {
                    "annotator-id": "10_A", 
                    "breakdown": "O", 
                    "comment": "", 
                    "ungrammatical-sentence": "O"
                }, 
                {
                    "annotator-id": "13_A", 
                    "breakdown": "O", 
                    "comment": "", 
                    "ungrammatical-sentence": "O"
                }
            ], 
            "speaker": "S", 
            "time": "2014-08-05 12:35:14", 
            "turn-index": 6, 
            "utterance": "なんで"
        }, 
        {
            "annotations": [], 
            "speaker": "U", 
            "time": "2014-08-05 12:35:20", 
            "turn-index": 7, 
            "utterance": "好きじゃないので"
        }, 
        {
            "annotations": [
                {
                    "annotator-id": "10_A", 
                    "breakdown": "T", 
                    "comment": "話の展開が唐突", 
                    "ungrammatical-sentence": "O"
                }, 
                {
                    "annotator-id": "13_A", 
                    "breakdown": "T", 
                    "comment": "海の話は継続しているが、つながりが薄い", 
                    "ungrammatical-sentence": "O"
                }
            ], 
            "speaker": "S", 
            "time": "2014-08-05 12:35:20", 
            "turn-index": 8, 
            "utterance": "海は塩辛いです"
        }, 
        {
            "annotations": [], 
            "speaker": "U", 
            "time": "2014-08-05 12:35:27", 
            "turn-index": 9, 
            "utterance": "まあそうですね"
        }, 
        {
            "annotations": [
                {
                    "annotator-id": "10_A", 
                    "breakdown": "X", 
                    "comment": "意味がわからない．「海は○○」と言っても対話にならない．", 
                    "ungrammatical-sentence": "O"
                }, 
                {
                    "annotator-id": "13_A", 
                    "breakdown": "O", 
                    "comment": "", 
                    "ungrammatical-sentence": "O"
                }
            ], 
            "speaker": "S", 
            "time": "2014-08-05 12:35:27", 
            "turn-index": 10, 
            "utterance": "海は難しいです"
        }, 
        {
            "annotations": [], 
            "speaker": "U", 
            "time": "2014-08-05 12:35:35", 
            "turn-index": 11, 
            "utterance": "汚いイメージ"
        }, 
        {
            "annotations": [
                {
                    "annotator-id": "10_A", 
                    "breakdown": "X", 
                    "comment": "相手の発話を聞いていない．「海は○○」と言っても対話にならない．", 
                    "ungrammatical-sentence": "O"
                }, 
                {
                    "annotator-id": "13_A", 
                    "breakdown": "O", 
                    "comment": "", 
                    "ungrammatical-sentence": "O"
                }
            ], 
            "speaker": "S", 
            "time": "2014-08-05 12:35:35", 
            "turn-index": 12, 
            "utterance": "海は厳しいですよねえ"
        }, 
        {
            "annotations": [], 
            "speaker": "U", 
            "time": "2014-08-05 12:35:47", 
            "turn-index": 13, 
            "utterance": "海は荒れるとね"
        }, 
        {
            "annotations": [
                {
                    "annotator-id": "10_A", 
                    "breakdown": "X", 
                    "comment": "相手の発話を聞いていない。「海は○○」と言っても対話にならない．", 
                    "ungrammatical-sentence": "O"
                }, 
                {
                    "annotator-id": "13_A", 
                    "breakdown": "T", 
                    "comment": "前に同じことを言っている", 
                    "ungrammatical-sentence": "O"
                }
            ], 
            "speaker": "S", 
            "time": "2014-08-05 12:35:47", 
            "turn-index": 14, 
            "utterance": "海は塩辛いですよねー"
        }, 
        {
            "annotations": [], 
            "speaker": "U", 
            "time": "2014-08-05 12:35:58", 
            "turn-index": 15, 
            "utterance": "川遊びはどうですか"
        }, 
        {
            "annotations": [
                {
                    "annotator-id": "10_A", 
                    "breakdown": "O", 
                    "comment": "", 
                    "ungrammatical-sentence": "O"
                }, 
                {
                    "annotator-id": "13_A", 
                    "breakdown": "O", 
                    "comment": "", 
                    "ungrammatical-sentence": "O"
                }
            ], 
            "speaker": "S", 
            "time": "2014-08-05 12:35:58", 
            "turn-index": 16, 
            "utterance": "川遊びは楽しいですね"
        }, 
        {
            "annotations": [], 
            "speaker": "U", 
            "time": "2014-08-05 12:36:08", 
            "turn-index": 17, 
            "utterance": "童心に戻れますよ"
        }, 
        {
            "annotations": [
                {
                    "annotator-id": "10_A", 
                    "breakdown": "O", 
                    "comment": "", 
                    "ungrammatical-sentence": "O"
                }, 
                {
                    "annotator-id": "13_A", 
                    "breakdown": "O", 
                    "comment": "", 
                    "ungrammatical-sentence": "O"
                }
            ], 
            "speaker": "S", 
            "time": "2014-08-05 12:36:08", 
            "turn-index": 18, 
            "utterance": "童心を思い出します"
        }, 
        {
            "annotations": [], 
            "speaker": "U", 
            "time": "2014-08-05 12:36:14", 
            "turn-index": 19, 
            "utterance": "ね"
        }, 
        {
            "annotations": [
                {
                    "annotator-id": "10_A", 
                    "breakdown": "O", 
                    "comment": "", 
                    "ungrammatical-sentence": "O"
                }, 
                {
                    "annotator-id": "13_A", 
                    "breakdown": "X", 
                    "comment": "全くつながりがなく突然", 
                    "ungrammatical-sentence": "O"
                }
            ], 
            "speaker": "S", 
            "time": "2014-08-05 12:36:14", 
            "turn-index": 20, 
            "utterance": "おやすみなさい"
        }
    ]
}