{
    "dialogue-id": "1407837346", 
    "group-id": "subset_b", 
    "speaker-id": "01_03", 
    "turns": [
        {
            "annotations": [
                {
                    "annotator-id": "02_A", 
                    "breakdown": "O", 
                    "comment": "", 
                    "ungrammatical-sentence": "O"
                }, 
                {
                    "annotator-id": "03_A", 
                    "breakdown": "O", 
                    "comment": "", 
                    "ungrammatical-sentence": "O"
                }
            ], 
            "speaker": "S", 
            "time": "2014-08-12 18:53:09", 
            "turn-index": 0, 
            "utterance": "こんばんはー。海へ行きたいね。"
        }, 
        {
            "annotations": [], 
            "speaker": "U", 
            "time": "2014-08-12 18:53:41", 
            "turn-index": 1, 
            "utterance": "海では釣りしたいですね"
        }, 
        {
            "annotations": [
                {
                    "annotator-id": "02_A", 
                    "breakdown": "T", 
                    "comment": "", 
                    "ungrammatical-sentence": "O"
                }, 
                {
                    "annotator-id": "03_A", 
                    "breakdown": "T", 
                    "comment": "", 
                    "ungrammatical-sentence": "O"
                }
            ], 
            "speaker": "S", 
            "time": "2014-08-12 18:53:41", 
            "turn-index": 2, 
            "utterance": "海に行かないんですね？"
        }, 
        {
            "annotations": [], 
            "speaker": "U", 
            "time": "2014-08-12 18:53:48", 
            "turn-index": 3, 
            "utterance": "海にはいきます"
        }, 
        {
            "annotations": [
                {
                    "annotator-id": "02_A", 
                    "breakdown": "T", 
                    "comment": "", 
                    "ungrammatical-sentence": "O"
                }, 
                {
                    "annotator-id": "03_A", 
                    "breakdown": "O", 
                    "comment": "", 
                    "ungrammatical-sentence": "O"
                }
            ], 
            "speaker": "S", 
            "time": "2014-08-12 18:53:48", 
            "turn-index": 4, 
            "utterance": "いきたーい"
        }, 
        {
            "annotations": [], 
            "speaker": "U", 
            "time": "2014-08-12 18:53:54", 
            "turn-index": 5, 
            "utterance": "いっしょにいきましょ！"
        }, 
        {
            "annotations": [
                {
                    "annotator-id": "02_A", 
                    "breakdown": "T", 
                    "comment": "", 
                    "ungrammatical-sentence": "O"
                }, 
                {
                    "annotator-id": "03_A", 
                    "breakdown": "O", 
                    "comment": "", 
                    "ungrammatical-sentence": "O"
                }
            ], 
            "speaker": "S", 
            "time": "2014-08-12 18:53:54", 
            "turn-index": 6, 
            "utterance": "いっしょのファミリーコンサートはどうですか？"
        }, 
        {
            "annotations": [], 
            "speaker": "U", 
            "time": "2014-08-12 18:54:08", 
            "turn-index": 7, 
            "utterance": "懐かしいですね"
        }, 
        {
            "annotations": [
                {
                    "annotator-id": "02_A", 
                    "breakdown": "O", 
                    "comment": "", 
                    "ungrammatical-sentence": "O"
                }, 
                {
                    "annotator-id": "03_A", 
                    "breakdown": "O", 
                    "comment": "", 
                    "ungrammatical-sentence": "O"
                }
            ], 
            "speaker": "S", 
            "time": "2014-08-12 18:54:08", 
            "turn-index": 8, 
            "utterance": "懐かしいよね"
        }, 
        {
            "annotations": [], 
            "speaker": "U", 
            "time": "2014-08-12 18:54:29", 
            "turn-index": 9, 
            "utterance": "小さいころ行来たかったです"
        }, 
        {
            "annotations": [
                {
                    "annotator-id": "02_A", 
                    "breakdown": "O", 
                    "comment": "", 
                    "ungrammatical-sentence": "X"
                }, 
                {
                    "annotator-id": "03_A", 
                    "breakdown": "O", 
                    "comment": "", 
                    "ungrammatical-sentence": "O"
                }
            ], 
            "speaker": "S", 
            "time": "2014-08-12 18:54:29", 
            "turn-index": 10, 
            "utterance": "行きしの電車は楽しい"
        }, 
        {
            "annotations": [], 
            "speaker": "U", 
            "time": "2014-08-12 18:54:48", 
            "turn-index": 11, 
            "utterance": "帰りの電車は早く感じますよね"
        }, 
        {
            "annotations": [
                {
                    "annotator-id": "02_A", 
                    "breakdown": "X", 
                    "comment": "", 
                    "ungrammatical-sentence": "O"
                }, 
                {
                    "annotator-id": "03_A", 
                    "breakdown": "T", 
                    "comment": "", 
                    "ungrammatical-sentence": "O"
                }
            ], 
            "speaker": "S", 
            "time": "2014-08-12 18:54:48", 
            "turn-index": 12, 
            "utterance": "行の発音が好き"
        }, 
        {
            "annotations": [], 
            "speaker": "U", 
            "time": "2014-08-12 18:54:56", 
            "turn-index": 13, 
            "utterance": "斬新ですね"
        }, 
        {
            "annotations": [
                {
                    "annotator-id": "02_A", 
                    "breakdown": "X", 
                    "comment": "", 
                    "ungrammatical-sentence": "O"
                }, 
                {
                    "annotator-id": "03_A", 
                    "breakdown": "T", 
                    "comment": "", 
                    "ungrammatical-sentence": "O"
                }
            ], 
            "speaker": "S", 
            "time": "2014-08-12 18:54:56", 
            "turn-index": 14, 
            "utterance": "カーソル操作や文字、行削除、ペーストなど便利です。"
        }, 
        {
            "annotations": [], 
            "speaker": "U", 
            "time": "2014-08-12 18:55:14", 
            "turn-index": 15, 
            "utterance": "ショートカットを教えてください"
        }, 
        {
            "annotations": [
                {
                    "annotator-id": "02_A", 
                    "breakdown": "T", 
                    "comment": "", 
                    "ungrammatical-sentence": "O"
                }, 
                {
                    "annotator-id": "03_A", 
                    "breakdown": "T", 
                    "comment": "", 
                    "ungrammatical-sentence": "O"
                }
            ], 
            "speaker": "S", 
            "time": "2014-08-12 18:55:14", 
            "turn-index": 16, 
            "utterance": "ショートカットに慣れるのです"
        }, 
        {
            "annotations": [], 
            "speaker": "U", 
            "time": "2014-08-12 18:55:27", 
            "turn-index": 17, 
            "utterance": "覚えると便利ですよね"
        }, 
        {
            "annotations": [
                {
                    "annotator-id": "02_A", 
                    "breakdown": "O", 
                    "comment": "", 
                    "ungrammatical-sentence": "O"
                }, 
                {
                    "annotator-id": "03_A", 
                    "breakdown": "O", 
                    "comment": "", 
                    "ungrammatical-sentence": "O"
                }
            ], 
            "speaker": "S", 
            "time": "2014-08-12 18:55:27", 
            "turn-index": 18, 
            "utterance": "ショートカットを覚えるのです"
        }, 
        {
            "annotations": [], 
            "speaker": "U", 
            "time": "2014-08-12 18:55:42", 
            "turn-index": 19, 
            "utterance": "コピペとか早くなりますね"
        }, 
        {
            "annotations": [
                {
                    "annotator-id": "02_A", 
                    "breakdown": "O", 
                    "comment": "", 
                    "ungrammatical-sentence": "O"
                }, 
                {
                    "annotator-id": "03_A", 
                    "breakdown": "T", 
                    "comment": "", 
                    "ungrammatical-sentence": "O"
                }
            ], 
            "speaker": "S", 
            "time": "2014-08-12 18:55:42", 
            "turn-index": 20, 
            "utterance": "コピペは秀逸ですね"
        }
    ]
}