{
    "dialogue-id": "1407291937", 
    "group-id": "subset_f", 
    "speaker-id": "01_01", 
    "turns": [
        {
            "annotations": [
                {
                    "annotator-id": "09_A", 
                    "breakdown": "O", 
                    "comment": "", 
                    "ungrammatical-sentence": "O"
                }, 
                {
                    "annotator-id": "10_B", 
                    "breakdown": "O", 
                    "comment": "", 
                    "ungrammatical-sentence": "O"
                }
            ], 
            "speaker": "S", 
            "time": "2014-08-06 11:23:40", 
            "turn-index": 0, 
            "utterance": "こんにちは。海へ行きたいね。"
        }, 
        {
            "annotations": [], 
            "speaker": "U", 
            "time": "2014-08-06 11:23:50", 
            "turn-index": 1, 
            "utterance": "おはようございます"
        }, 
        {
            "annotations": [
                {
                    "annotator-id": "09_A", 
                    "breakdown": "X", 
                    "comment": "あいさつはもうしている。くだけすぎ", 
                    "ungrammatical-sentence": "O"
                }, 
                {
                    "annotator-id": "10_B", 
                    "breakdown": "X", 
                    "comment": "", 
                    "ungrammatical-sentence": "X"
                }
            ], 
            "speaker": "S", 
            "time": "2014-08-06 11:23:50", 
            "turn-index": 2, 
            "utterance": "ざっす"
        }, 
        {
            "annotations": [], 
            "speaker": "U", 
            "time": "2014-08-06 11:23:57", 
            "turn-index": 3, 
            "utterance": "軽いノリですね"
        }, 
        {
            "annotations": [
                {
                    "annotator-id": "09_A", 
                    "breakdown": "X", 
                    "comment": "返事をしているが内容がおかしい", 
                    "ungrammatical-sentence": "O"
                }, 
                {
                    "annotator-id": "10_B", 
                    "breakdown": "X", 
                    "comment": "意味が分からない", 
                    "ungrammatical-sentence": "O"
                }
            ], 
            "speaker": "S", 
            "time": "2014-08-06 11:23:57", 
            "turn-index": 4, 
            "utterance": "ざを取るようですよ"
        }, 
        {
            "annotations": [], 
            "speaker": "U", 
            "time": "2014-08-06 11:24:10", 
            "turn-index": 5, 
            "utterance": "もっと軽い感じになりますね"
        }, 
        {
            "annotations": [
                {
                    "annotator-id": "09_A", 
                    "breakdown": "X", 
                    "comment": "おかしい返事", 
                    "ungrammatical-sentence": "O"
                }, 
                {
                    "annotator-id": "10_B", 
                    "breakdown": "X", 
                    "comment": "何について言及しているか分からない", 
                    "ungrammatical-sentence": "O"
                }
            ], 
            "speaker": "S", 
            "time": "2014-08-06 11:24:10", 
            "turn-index": 6, 
            "utterance": "いいなあ！"
        }, 
        {
            "annotations": [], 
            "speaker": "U", 
            "time": "2014-08-06 11:24:22", 
            "turn-index": 7, 
            "utterance": "軽く行きましょう"
        }, 
        {
            "annotations": [
                {
                    "annotator-id": "09_A", 
                    "breakdown": "X", 
                    "comment": "同じ話を前にしている。内容がおかしい", 
                    "ungrammatical-sentence": "O"
                }, 
                {
                    "annotator-id": "10_B", 
                    "breakdown": "T", 
                    "comment": "意味が分からない", 
                    "ungrammatical-sentence": "O"
                }
            ], 
            "speaker": "S", 
            "time": "2014-08-06 11:24:22", 
            "turn-index": 8, 
            "utterance": "ざを取る予定です"
        }, 
        {
            "annotations": [], 
            "speaker": "U", 
            "time": "2014-08-06 11:24:29", 
            "turn-index": 9, 
            "utterance": "どうぞどうぞ"
        }, 
        {
            "annotations": [
                {
                    "annotator-id": "09_A", 
                    "breakdown": "T", 
                    "comment": "前と続いてはいるが、後に続けにくい", 
                    "ungrammatical-sentence": "O"
                }, 
                {
                    "annotator-id": "10_B", 
                    "breakdown": "O", 
                    "comment": "", 
                    "ungrammatical-sentence": "O"
                }
            ], 
            "speaker": "S", 
            "time": "2014-08-06 11:24:29", 
            "turn-index": 10, 
            "utterance": "どうもどうも"
        }, 
        {
            "annotations": [], 
            "speaker": "U", 
            "time": "2014-08-06 11:24:41", 
            "turn-index": 11, 
            "utterance": "雨が降らないですねえ"
        }, 
        {
            "annotations": [
                {
                    "annotator-id": "09_A", 
                    "breakdown": "T", 
                    "comment": "同じような話を繰り返しているし、少しは降っていると言うのならUの話は否定されていて感じが悪い", 
                    "ungrammatical-sentence": "O"
                }, 
                {
                    "annotator-id": "10_B", 
                    "breakdown": "T", 
                    "comment": "同意の意図と判断できるが，言い回しが不自然", 
                    "ungrammatical-sentence": "O"
                }
            ], 
            "speaker": "S", 
            "time": "2014-08-06 11:24:41", 
            "turn-index": 12, 
            "utterance": "雨が少ないです"
        }, 
        {
            "annotations": [], 
            "speaker": "U", 
            "time": "2014-08-06 11:24:52", 
            "turn-index": 13, 
            "utterance": "もう少し降ってくれてもいいですねえ"
        }, 
        {
            "annotations": [
                {
                    "annotator-id": "09_A", 
                    "breakdown": "X", 
                    "comment": "意味がわからない", 
                    "ungrammatical-sentence": "O"
                }, 
                {
                    "annotator-id": "10_B", 
                    "breakdown": "X", 
                    "comment": "意味が分からない", 
                    "ungrammatical-sentence": "O"
                }
            ], 
            "speaker": "S", 
            "time": "2014-08-06 11:24:52", 
            "turn-index": 14, 
            "utterance": "雨は得意ですね"
        }, 
        {
            "annotations": [], 
            "speaker": "U", 
            "time": "2014-08-06 11:25:04", 
            "turn-index": 15, 
            "utterance": "そうですか．涼しくなりますもんね"
        }, 
        {
            "annotations": [
                {
                    "annotator-id": "09_A", 
                    "breakdown": "T", 
                    "comment": "今までの会話とはつながっているが、15の発話への返信はなし", 
                    "ungrammatical-sentence": "O"
                }, 
                {
                    "annotator-id": "10_B", 
                    "breakdown": "O", 
                    "comment": "", 
                    "ungrammatical-sentence": "O"
                }
            ], 
            "speaker": "S", 
            "time": "2014-08-06 11:25:04", 
            "turn-index": 16, 
            "utterance": "雨は欲しいですね"
        }, 
        {
            "annotations": [], 
            "speaker": "U", 
            "time": "2014-08-06 11:25:21", 
            "turn-index": 17, 
            "utterance": "そうですね．そろそろ一降り欲しいです"
        }, 
        {
            "annotations": [
                {
                    "annotator-id": "09_A", 
                    "breakdown": "O", 
                    "comment": "", 
                    "ungrammatical-sentence": "O"
                }, 
                {
                    "annotator-id": "10_B", 
                    "breakdown": "O", 
                    "comment": "", 
                    "ungrammatical-sentence": "O"
                }
            ], 
            "speaker": "S", 
            "time": "2014-08-06 11:25:21", 
            "turn-index": 18, 
            "utterance": "雨は大切ですね"
        }, 
        {
            "annotations": [], 
            "speaker": "U", 
            "time": "2014-08-06 11:25:35", 
            "turn-index": 19, 
            "utterance": "水は大事です"
        }, 
        {
            "annotations": [
                {
                    "annotator-id": "09_A", 
                    "breakdown": "X", 
                    "comment": "意味がわからない", 
                    "ungrammatical-sentence": "O"
                }, 
                {
                    "annotator-id": "10_B", 
                    "breakdown": "T", 
                    "comment": "しつこく発言している意図が分からない", 
                    "ungrammatical-sentence": "O"
                }
            ], 
            "speaker": "S", 
            "time": "2014-08-06 11:25:35", 
            "turn-index": 20, 
            "utterance": "雨は優しいですね"
        }
    ]
}