{
    "dialogue-id": "1407726777", 
    "group-id": "subset_k", 
    "speaker-id": "10_01", 
    "turns": [
        {
            "annotations": [
                {
                    "annotator-id": "04_C", 
                    "breakdown": "O", 
                    "comment": "", 
                    "ungrammatical-sentence": "O"
                }, 
                {
                    "annotator-id": "09_B", 
                    "breakdown": "O", 
                    "comment": "", 
                    "ungrammatical-sentence": "O"
                }
            ], 
            "speaker": "S", 
            "time": "2014-08-11 12:10:30", 
            "turn-index": 0, 
            "utterance": "こんにちは！気軽に声かけてね。"
        }, 
        {
            "annotations": [], 
            "speaker": "U", 
            "time": "2014-08-11 12:10:41", 
            "turn-index": 1, 
            "utterance": "元気ですかー！"
        }, 
        {
            "annotations": [
                {
                    "annotator-id": "04_C", 
                    "breakdown": "O", 
                    "comment": "", 
                    "ungrammatical-sentence": "O"
                }, 
                {
                    "annotator-id": "09_B", 
                    "breakdown": "O", 
                    "comment": "", 
                    "ungrammatical-sentence": "O"
                }
            ], 
            "speaker": "S", 
            "time": "2014-08-11 12:10:41", 
            "turn-index": 2, 
            "utterance": "元気ですよ"
        }, 
        {
            "annotations": [], 
            "speaker": "U", 
            "time": "2014-08-11 12:11:09", 
            "turn-index": 3, 
            "utterance": "今日は飲み会があるので，体調を整えておかないと．"
        }, 
        {
            "annotations": [
                {
                    "annotator-id": "04_C", 
                    "breakdown": "O", 
                    "comment": "", 
                    "ungrammatical-sentence": "O"
                }, 
                {
                    "annotator-id": "09_B", 
                    "breakdown": "T", 
                    "comment": "今日が飲み会といっているのにおかしい", 
                    "ungrammatical-sentence": "O"
                }
            ], 
            "speaker": "S", 
            "time": "2014-08-11 12:11:09", 
            "turn-index": 4, 
            "utterance": "飲み会で疲れてます？？"
        }, 
        {
            "annotations": [], 
            "speaker": "U", 
            "time": "2014-08-11 12:11:25", 
            "turn-index": 5, 
            "utterance": "昨日は無かったので，大丈夫です！"
        }, 
        {
            "annotations": [
                {
                    "annotator-id": "04_C", 
                    "breakdown": "O", 
                    "comment": "", 
                    "ungrammatical-sentence": "O"
                }, 
                {
                    "annotator-id": "09_B", 
                    "breakdown": "O", 
                    "comment": "", 
                    "ungrammatical-sentence": "O"
                }
            ], 
            "speaker": "S", 
            "time": "2014-08-11 12:11:25", 
            "turn-index": 6, 
            "utterance": "飲み会で寝ますか？"
        }, 
        {
            "annotations": [], 
            "speaker": "U", 
            "time": "2014-08-11 12:11:39", 
            "turn-index": 7, 
            "utterance": "寝ないですよ．眠くならないです．"
        }, 
        {
            "annotations": [
                {
                    "annotator-id": "04_C", 
                    "breakdown": "O", 
                    "comment": "", 
                    "ungrammatical-sentence": "O"
                }, 
                {
                    "annotator-id": "09_B", 
                    "breakdown": "O", 
                    "comment": "", 
                    "ungrammatical-sentence": "O"
                }
            ], 
            "speaker": "S", 
            "time": "2014-08-11 12:11:39", 
            "turn-index": 8, 
            "utterance": "飲み会で酔っ払います？？"
        }, 
        {
            "annotations": [], 
            "speaker": "U", 
            "time": "2014-08-11 12:11:46", 
            "turn-index": 9, 
            "utterance": "はい．"
        }, 
        {
            "annotations": [
                {
                    "annotator-id": "04_C", 
                    "breakdown": "O", 
                    "comment": "", 
                    "ungrammatical-sentence": "O"
                }, 
                {
                    "annotator-id": "09_B", 
                    "breakdown": "T", 
                    "comment": "意味が分からない", 
                    "ungrammatical-sentence": "O"
                }
            ], 
            "speaker": "S", 
            "time": "2014-08-11 12:11:46", 
            "turn-index": 10, 
            "utterance": "いいこ"
        }, 
        {
            "annotations": [], 
            "speaker": "U", 
            "time": "2014-08-11 12:12:04", 
            "turn-index": 11, 
            "utterance": "あなたもお酒を飲みますか？"
        }, 
        {
            "annotations": [
                {
                    "annotator-id": "04_C", 
                    "breakdown": "O", 
                    "comment": "", 
                    "ungrammatical-sentence": "O"
                }, 
                {
                    "annotator-id": "09_B", 
                    "breakdown": "T", 
                    "comment": "質問の答えになっていない", 
                    "ungrammatical-sentence": "O"
                }
            ], 
            "speaker": "S", 
            "time": "2014-08-11 12:12:04", 
            "turn-index": 12, 
            "utterance": "お酒から離れるのです"
        }, 
        {
            "annotations": [], 
            "speaker": "U", 
            "time": "2014-08-11 12:12:15", 
            "turn-index": 13, 
            "utterance": "飲んでいないんですね？"
        }, 
        {
            "annotations": [
                {
                    "annotator-id": "04_C", 
                    "breakdown": "O", 
                    "comment": "", 
                    "ungrammatical-sentence": "O"
                }, 
                {
                    "annotator-id": "09_B", 
                    "breakdown": "T", 
                    "comment": "さっきと言っていることが違う", 
                    "ungrammatical-sentence": "O"
                }
            ], 
            "speaker": "S", 
            "time": "2014-08-11 12:12:15", 
            "turn-index": 14, 
            "utterance": "お酒は必要です"
        }, 
        {
            "annotations": [], 
            "speaker": "U", 
            "time": "2014-08-11 12:12:26", 
            "turn-index": 15, 
            "utterance": "どんなお酒がすきですか？"
        }, 
        {
            "annotations": [
                {
                    "annotator-id": "04_C", 
                    "breakdown": "T", 
                    "comment": "", 
                    "ungrammatical-sentence": "O"
                }, 
                {
                    "annotator-id": "09_B", 
                    "breakdown": "T", 
                    "comment": "質問の答えになっていない", 
                    "ungrammatical-sentence": "O"
                }
            ], 
            "speaker": "S", 
            "time": "2014-08-11 12:12:26", 
            "turn-index": 16, 
            "utterance": "ほどほどがいいですね"
        }, 
        {
            "annotations": [], 
            "speaker": "U", 
            "time": "2014-08-11 12:12:40", 
            "turn-index": 17, 
            "utterance": "どんなお酒が好きですか？"
        }, 
        {
            "annotations": [
                {
                    "annotator-id": "04_C", 
                    "breakdown": "T", 
                    "comment": "", 
                    "ungrammatical-sentence": "O"
                }, 
                {
                    "annotator-id": "09_B", 
                    "breakdown": "T", 
                    "comment": "質問の答えになっていない", 
                    "ungrammatical-sentence": "O"
                }
            ], 
            "speaker": "S", 
            "time": "2014-08-11 12:12:40", 
            "turn-index": 18, 
            "utterance": "飲むのがいいですね"
        }, 
        {
            "annotations": [], 
            "speaker": "U", 
            "time": "2014-08-11 12:12:52", 
            "turn-index": 19, 
            "utterance": "何をよく飲みますか？"
        }, 
        {
            "annotations": [
                {
                    "annotator-id": "04_C", 
                    "breakdown": "T", 
                    "comment": "", 
                    "ungrammatical-sentence": "O"
                }, 
                {
                    "annotator-id": "09_B", 
                    "breakdown": "X", 
                    "comment": "相手に同じ質問を三回もさせて失礼だ", 
                    "ungrammatical-sentence": "O"
                }
            ], 
            "speaker": "S", 
            "time": "2014-08-11 12:12:52", 
            "turn-index": 20, 
            "utterance": "お酒は重いです"
        }
    ]
}