{
    "dialogue-id": "1407835692", 
    "group-id": "subset_a", 
    "speaker-id": "01_03", 
    "turns": [
        {
            "annotations": [
                {
                    "annotator-id": "01_A", 
                    "breakdown": "O", 
                    "comment": "", 
                    "ungrammatical-sentence": "O"
                }, 
                {
                    "annotator-id": "02_B", 
                    "breakdown": "O", 
                    "comment": "", 
                    "ungrammatical-sentence": "O"
                }
            ], 
            "speaker": "S", 
            "time": "2014-08-12 18:25:36", 
            "turn-index": 0, 
            "utterance": "こんばんは！熱中症に気をつけて。"
        }, 
        {
            "annotations": [], 
            "speaker": "U", 
            "time": "2014-08-12 18:25:58", 
            "turn-index": 1, 
            "utterance": "ちゃんと帽子をかぶります"
        }, 
        {
            "annotations": [
                {
                    "annotator-id": "01_A", 
                    "breakdown": "T", 
                    "comment": "発話の意図がわからない", 
                    "ungrammatical-sentence": "O"
                }, 
                {
                    "annotator-id": "02_B", 
                    "breakdown": "T", 
                    "comment": "", 
                    "ungrammatical-sentence": "O"
                }
            ], 
            "speaker": "S", 
            "time": "2014-08-12 18:25:58", 
            "turn-index": 2, 
            "utterance": "帽子をなくしてます？"
        }, 
        {
            "annotations": [], 
            "speaker": "U", 
            "time": "2014-08-12 18:26:09", 
            "turn-index": 3, 
            "utterance": "今かぶっていますよ"
        }, 
        {
            "annotations": [
                {
                    "annotator-id": "01_A", 
                    "breakdown": "O", 
                    "comment": "", 
                    "ungrammatical-sentence": "O"
                }, 
                {
                    "annotator-id": "02_B", 
                    "breakdown": "O", 
                    "comment": "", 
                    "ungrammatical-sentence": "O"
                }
            ], 
            "speaker": "S", 
            "time": "2014-08-12 18:26:09", 
            "turn-index": 4, 
            "utterance": "帽子にあいますか"
        }, 
        {
            "annotations": [], 
            "speaker": "U", 
            "time": "2014-08-12 18:26:19", 
            "turn-index": 5, 
            "utterance": "麦わら帽子がいいですね"
        }, 
        {
            "annotations": [
                {
                    "annotator-id": "01_A", 
                    "breakdown": "O", 
                    "comment": "", 
                    "ungrammatical-sentence": "O"
                }, 
                {
                    "annotator-id": "02_B", 
                    "breakdown": "O", 
                    "comment": "", 
                    "ungrammatical-sentence": "O"
                }
            ], 
            "speaker": "S", 
            "time": "2014-08-12 18:26:19", 
            "turn-index": 6, 
            "utterance": "麦わら帽子は欲しいですね"
        }, 
        {
            "annotations": [], 
            "speaker": "U", 
            "time": "2014-08-12 18:26:32", 
            "turn-index": 7, 
            "utterance": "夏らしいです"
        }, 
        {
            "annotations": [
                {
                    "annotator-id": "01_A", 
                    "breakdown": "O", 
                    "comment": "", 
                    "ungrammatical-sentence": "O"
                }, 
                {
                    "annotator-id": "02_B", 
                    "breakdown": "O", 
                    "comment": "", 
                    "ungrammatical-sentence": "O"
                }
            ], 
            "speaker": "S", 
            "time": "2014-08-12 18:26:32", 
            "turn-index": 8, 
            "utterance": "麦わら帽子はかわいいですね"
        }, 
        {
            "annotations": [], 
            "speaker": "U", 
            "time": "2014-08-12 18:26:49", 
            "turn-index": 9, 
            "utterance": "リボンをつけてあるとかわいいですね"
        }, 
        {
            "annotations": [
                {
                    "annotator-id": "01_A", 
                    "breakdown": "O", 
                    "comment": "", 
                    "ungrammatical-sentence": "O"
                }, 
                {
                    "annotator-id": "02_B", 
                    "breakdown": "O", 
                    "comment": "", 
                    "ungrammatical-sentence": "O"
                }
            ], 
            "speaker": "S", 
            "time": "2014-08-12 18:26:49", 
            "turn-index": 10, 
            "utterance": "麦わら帽子は通気性が良いですね"
        }, 
        {
            "annotations": [], 
            "speaker": "U", 
            "time": "2014-08-12 18:27:04", 
            "turn-index": 11, 
            "utterance": "夏にもってこいですね"
        }, 
        {
            "annotations": [
                {
                    "annotator-id": "01_A", 
                    "breakdown": "O", 
                    "comment": "", 
                    "ungrammatical-sentence": "O"
                }, 
                {
                    "annotator-id": "02_B", 
                    "breakdown": "T", 
                    "comment": "", 
                    "ungrammatical-sentence": "O"
                }
            ], 
            "speaker": "S", 
            "time": "2014-08-12 18:27:04", 
            "turn-index": 12, 
            "utterance": "ナミにかぶせますよねー"
        }, 
        {
            "annotations": [], 
            "speaker": "U", 
            "time": "2014-08-12 18:27:26", 
            "turn-index": 13, 
            "utterance": "ルフィがかぶってますね"
        }, 
        {
            "annotations": [
                {
                    "annotator-id": "01_A", 
                    "breakdown": "O", 
                    "comment": "", 
                    "ungrammatical-sentence": "O"
                }, 
                {
                    "annotator-id": "02_B", 
                    "breakdown": "O", 
                    "comment": "", 
                    "ungrammatical-sentence": "O"
                }
            ], 
            "speaker": "S", 
            "time": "2014-08-12 18:27:26", 
            "turn-index": 14, 
            "utterance": "ルフィはかっこよいですね"
        }, 
        {
            "annotations": [], 
            "speaker": "U", 
            "time": "2014-08-12 18:27:36", 
            "turn-index": 15, 
            "utterance": "腕が伸びますね"
        }, 
        {
            "annotations": [
                {
                    "annotator-id": "01_A", 
                    "breakdown": "O", 
                    "comment": "", 
                    "ungrammatical-sentence": "O"
                }, 
                {
                    "annotator-id": "02_B", 
                    "breakdown": "O", 
                    "comment": "", 
                    "ungrammatical-sentence": "O"
                }
            ], 
            "speaker": "S", 
            "time": "2014-08-12 18:27:36", 
            "turn-index": 16, 
            "utterance": "ルフィは可愛いですね"
        }, 
        {
            "annotations": [], 
            "speaker": "U", 
            "time": "2014-08-12 18:27:59", 
            "turn-index": 17, 
            "utterance": "悪魔の実は何がいいですか？"
        }, 
        {
            "annotations": [
                {
                    "annotator-id": "01_A", 
                    "breakdown": "T", 
                    "comment": "前の質問に答えられていない", 
                    "ungrammatical-sentence": "O"
                }, 
                {
                    "annotator-id": "02_B", 
                    "breakdown": "T", 
                    "comment": "", 
                    "ungrammatical-sentence": "O"
                }
            ], 
            "speaker": "S", 
            "time": "2014-08-12 18:27:59", 
            "turn-index": 18, 
            "utterance": "悪魔の実は欲しいですね"
        }, 
        {
            "annotations": [], 
            "speaker": "U", 
            "time": "2014-08-12 18:28:08", 
            "turn-index": 19, 
            "utterance": "何がほしいですか"
        }, 
        {
            "annotations": [
                {
                    "annotator-id": "01_A", 
                    "breakdown": "T", 
                    "comment": "前の質問に答えられていない", 
                    "ungrammatical-sentence": "O"
                }, 
                {
                    "annotator-id": "02_B", 
                    "breakdown": "T", 
                    "comment": "", 
                    "ungrammatical-sentence": "O"
                }
            ], 
            "speaker": "S", 
            "time": "2014-08-12 18:28:08", 
            "turn-index": 20, 
            "utterance": "悪魔の実がほしいですね"
        }
    ]
}