{
    "dialogue-id": "1407745055", 
    "group-id": "subset_d", 
    "speaker-id": "09_02", 
    "turns": [
        {
            "annotations": [
                {
                    "annotator-id": "05_A", 
                    "breakdown": "O", 
                    "comment": "", 
                    "ungrammatical-sentence": "O"
                }, 
                {
                    "annotator-id": "07_A", 
                    "breakdown": "O", 
                    "comment": "", 
                    "ungrammatical-sentence": "O"
                }
            ], 
            "speaker": "S", 
            "time": "2014-08-11 17:14:56", 
            "turn-index": 0, 
            "utterance": "こんばんは。熱中症に気をつけて。"
        }, 
        {
            "annotations": [], 
            "speaker": "U", 
            "time": "2014-08-11 17:15:15", 
            "turn-index": 1, 
            "utterance": "こんばんは。"
        }, 
        {
            "annotations": [
                {
                    "annotator-id": "05_A", 
                    "breakdown": "O", 
                    "comment": "", 
                    "ungrammatical-sentence": "O"
                }, 
                {
                    "annotator-id": "07_A", 
                    "breakdown": "O", 
                    "comment": "", 
                    "ungrammatical-sentence": "O"
                }
            ], 
            "speaker": "S", 
            "time": "2014-08-11 17:15:15", 
            "turn-index": 2, 
            "utterance": "はいこんばんわ"
        }, 
        {
            "annotations": [], 
            "speaker": "U", 
            "time": "2014-08-11 17:15:39", 
            "turn-index": 3, 
            "utterance": "毎日、暑すぎですね。"
        }, 
        {
            "annotations": [
                {
                    "annotator-id": "05_A", 
                    "breakdown": "O", 
                    "comment": "", 
                    "ungrammatical-sentence": "O"
                }, 
                {
                    "annotator-id": "07_A", 
                    "breakdown": "T", 
                    "comment": "ちょっと文末がおかしい．", 
                    "ungrammatical-sentence": "X"
                }
            ], 
            "speaker": "S", 
            "time": "2014-08-11 17:15:39", 
            "turn-index": 4, 
            "utterance": "熱中症に気をつけか？？"
        }, 
        {
            "annotations": [], 
            "speaker": "U", 
            "time": "2014-08-11 17:15:50", 
            "turn-index": 5, 
            "utterance": "気をつけてます。"
        }, 
        {
            "annotations": [
                {
                    "annotator-id": "05_A", 
                    "breakdown": "X", 
                    "comment": "", 
                    "ungrammatical-sentence": "O"
                }, 
                {
                    "annotator-id": "07_A", 
                    "breakdown": "X", 
                    "comment": "ユーザが行ったことを理解出来ていない．", 
                    "ungrammatical-sentence": "O"
                }
            ], 
            "speaker": "S", 
            "time": "2014-08-11 17:15:50", 
            "turn-index": 6, 
            "utterance": "熱中症に気をつけないんですか？"
        }, 
        {
            "annotations": [], 
            "speaker": "U", 
            "time": "2014-08-11 17:16:02", 
            "turn-index": 7, 
            "utterance": "水分を取ります。"
        }, 
        {
            "annotations": [
                {
                    "annotator-id": "05_A", 
                    "breakdown": "O", 
                    "comment": "", 
                    "ungrammatical-sentence": "O"
                }, 
                {
                    "annotator-id": "07_A", 
                    "breakdown": "O", 
                    "comment": "", 
                    "ungrammatical-sentence": "O"
                }
            ], 
            "speaker": "S", 
            "time": "2014-08-11 17:16:02", 
            "turn-index": 8, 
            "utterance": "水分は多めがいいですね"
        }, 
        {
            "annotations": [], 
            "speaker": "U", 
            "time": "2014-08-11 17:16:18", 
            "turn-index": 9, 
            "utterance": "そうですね。帽子もかぶります。"
        }, 
        {
            "annotations": [
                {
                    "annotator-id": "05_A", 
                    "breakdown": "O", 
                    "comment": "", 
                    "ungrammatical-sentence": "O"
                }, 
                {
                    "annotator-id": "07_A", 
                    "breakdown": "O", 
                    "comment": "", 
                    "ungrammatical-sentence": "O"
                }
            ], 
            "speaker": "S", 
            "time": "2014-08-11 17:16:18", 
            "turn-index": 10, 
            "utterance": "帽子がほしいですね"
        }, 
        {
            "annotations": [], 
            "speaker": "U", 
            "time": "2014-08-11 17:16:45", 
            "turn-index": 11, 
            "utterance": "ビルの反射がきついです。"
        }, 
        {
            "annotations": [
                {
                    "annotator-id": "05_A", 
                    "breakdown": "X", 
                    "comment": "", 
                    "ungrammatical-sentence": "O"
                }, 
                {
                    "annotator-id": "07_A", 
                    "breakdown": "T", 
                    "comment": "", 
                    "ungrammatical-sentence": "O"
                }
            ], 
            "speaker": "S", 
            "time": "2014-08-11 17:16:45", 
            "turn-index": 12, 
            "utterance": "帽子は大好きよねー"
        }, 
        {
            "annotations": [], 
            "speaker": "U", 
            "time": "2014-08-11 17:16:52", 
            "turn-index": 13, 
            "utterance": "大好きなんですか？"
        }, 
        {
            "annotations": [
                {
                    "annotator-id": "05_A", 
                    "breakdown": "O", 
                    "comment": "", 
                    "ungrammatical-sentence": "O"
                }, 
                {
                    "annotator-id": "07_A", 
                    "breakdown": "O", 
                    "comment": "", 
                    "ungrammatical-sentence": "O"
                }
            ], 
            "speaker": "S", 
            "time": "2014-08-11 17:16:52", 
            "turn-index": 14, 
            "utterance": "帽子は好きですね"
        }, 
        {
            "annotations": [], 
            "speaker": "U", 
            "time": "2014-08-11 17:17:09", 
            "turn-index": 15, 
            "utterance": "どんな帽子ですか？"
        }, 
        {
            "annotations": [
                {
                    "annotator-id": "05_A", 
                    "breakdown": "X", 
                    "comment": "", 
                    "ungrammatical-sentence": "O"
                }, 
                {
                    "annotator-id": "07_A", 
                    "breakdown": "T", 
                    "comment": "ユーザの質問に答えられていない", 
                    "ungrammatical-sentence": "O"
                }
            ], 
            "speaker": "S", 
            "time": "2014-08-11 17:17:09", 
            "turn-index": 16, 
            "utterance": "帽子が似合います"
        }, 
        {
            "annotations": [], 
            "speaker": "U", 
            "time": "2014-08-11 17:17:16", 
            "turn-index": 17, 
            "utterance": "いいですね。"
        }, 
        {
            "annotations": [
                {
                    "annotator-id": "05_A", 
                    "breakdown": "X", 
                    "comment": "", 
                    "ungrammatical-sentence": "O"
                }, 
                {
                    "annotator-id": "07_A", 
                    "breakdown": "O", 
                    "comment": "", 
                    "ungrammatical-sentence": "O"
                }
            ], 
            "speaker": "S", 
            "time": "2014-08-11 17:17:16", 
            "turn-index": 18, 
            "utterance": "りょーかい"
        }, 
        {
            "annotations": [], 
            "speaker": "U", 
            "time": "2014-08-11 17:17:31", 
            "turn-index": 19, 
            "utterance": "涼しくなってほしいですね。"
        }, 
        {
            "annotations": [
                {
                    "annotator-id": "05_A", 
                    "breakdown": "X", 
                    "comment": "", 
                    "ungrammatical-sentence": "O"
                }, 
                {
                    "annotator-id": "07_A", 
                    "breakdown": "O", 
                    "comment": "", 
                    "ungrammatical-sentence": "O"
                }
            ], 
            "speaker": "S", 
            "time": "2014-08-11 17:17:31", 
            "turn-index": 20, 
            "utterance": "いいですね"
        }
    ]
}