{
    "dialogue-id": "1407385588", 
    "group-id": "subset_h", 
    "speaker-id": "03_03", 
    "turns": [
        {
            "annotations": [
                {
                    "annotator-id": "10_A", 
                    "breakdown": "O", 
                    "comment": "", 
                    "ungrammatical-sentence": "O"
                }, 
                {
                    "annotator-id": "13_A", 
                    "breakdown": "O", 
                    "comment": "", 
                    "ungrammatical-sentence": "O"
                }
            ], 
            "speaker": "S", 
            "time": "2014-08-07 13:03:54", 
            "turn-index": 0, 
            "utterance": "こんにちは。夏といえばスイカだね。"
        }, 
        {
            "annotations": [], 
            "speaker": "U", 
            "time": "2014-08-07 13:04:28", 
            "turn-index": 1, 
            "utterance": "こんにちは。スイカは好きです。"
        }, 
        {
            "annotations": [
                {
                    "annotator-id": "10_A", 
                    "breakdown": "T", 
                    "comment": "", 
                    "ungrammatical-sentence": "O"
                }, 
                {
                    "annotator-id": "13_A", 
                    "breakdown": "T", 
                    "comment": "ユーザの話は無視するが、スイカの話は継続", 
                    "ungrammatical-sentence": "O"
                }
            ], 
            "speaker": "S", 
            "time": "2014-08-07 13:04:28", 
            "turn-index": 2, 
            "utterance": "スイカで有名ですね"
        }, 
        {
            "annotations": [], 
            "speaker": "U", 
            "time": "2014-08-07 13:08:57", 
            "turn-index": 3, 
            "utterance": "海でスイカ割りがしたいです。"
        }, 
        {
            "annotations": [
                {
                    "annotator-id": "10_A", 
                    "breakdown": "O", 
                    "comment": "", 
                    "ungrammatical-sentence": "O"
                }, 
                {
                    "annotator-id": "13_A", 
                    "breakdown": "O", 
                    "comment": "", 
                    "ungrammatical-sentence": "O"
                }
            ], 
            "speaker": "S", 
            "time": "2014-08-07 13:08:57", 
            "turn-index": 4, 
            "utterance": "海は素晴らしいですね"
        }, 
        {
            "annotations": [], 
            "speaker": "U", 
            "time": "2014-08-07 13:09:30", 
            "turn-index": 5, 
            "utterance": "海は広くて綺麗ですよね。"
        }, 
        {
            "annotations": [
                {
                    "annotator-id": "10_A", 
                    "breakdown": "O", 
                    "comment": "", 
                    "ungrammatical-sentence": "O"
                }, 
                {
                    "annotator-id": "13_A", 
                    "breakdown": "O", 
                    "comment": "", 
                    "ungrammatical-sentence": "O"
                }
            ], 
            "speaker": "S", 
            "time": "2014-08-07 13:09:30", 
            "turn-index": 6, 
            "utterance": "海は偉大ですね"
        }, 
        {
            "annotations": [], 
            "speaker": "U", 
            "time": "2014-08-07 13:11:17", 
            "turn-index": 7, 
            "utterance": "海水浴がしたいですね。"
        }, 
        {
            "annotations": [
                {
                    "annotator-id": "10_A", 
                    "breakdown": "T", 
                    "comment": "", 
                    "ungrammatical-sentence": "O"
                }, 
                {
                    "annotator-id": "13_A", 
                    "breakdown": "T", 
                    "comment": "何が有名なのか分からない", 
                    "ungrammatical-sentence": "O"
                }
            ], 
            "speaker": "S", 
            "time": "2014-08-07 13:11:17", 
            "turn-index": 8, 
            "utterance": "海水浴で有名ですね"
        }, 
        {
            "annotations": [], 
            "speaker": "U", 
            "time": "2014-08-07 13:17:07", 
            "turn-index": 9, 
            "utterance": "クラゲが出るので気を付けないといけないですよね。"
        }, 
        {
            "annotations": [
                {
                    "annotator-id": "10_A", 
                    "breakdown": "T", 
                    "comment": "", 
                    "ungrammatical-sentence": "O"
                }, 
                {
                    "annotator-id": "13_A", 
                    "breakdown": "T", 
                    "comment": "何が有名なのか分からない", 
                    "ungrammatical-sentence": "O"
                }
            ], 
            "speaker": "S", 
            "time": "2014-08-07 13:17:07", 
            "turn-index": 10, 
            "utterance": "クラゲで有名なんですよねー"
        }, 
        {
            "annotations": [], 
            "speaker": "U", 
            "time": "2014-08-07 13:19:32", 
            "turn-index": 11, 
            "utterance": "クラゲに刺されると痛いです。"
        }, 
        {
            "annotations": [
                {
                    "annotator-id": "10_A", 
                    "breakdown": "O", 
                    "comment": "", 
                    "ungrammatical-sentence": "O"
                }, 
                {
                    "annotator-id": "13_A", 
                    "breakdown": "O", 
                    "comment": "", 
                    "ungrammatical-sentence": "O"
                }
            ], 
            "speaker": "S", 
            "time": "2014-08-07 13:19:32", 
            "turn-index": 12, 
            "utterance": "クラゲは怖いです"
        }, 
        {
            "annotations": [], 
            "speaker": "U", 
            "time": "2014-08-07 13:22:47", 
            "turn-index": 13, 
            "utterance": "あと虫も多くいますね。"
        }, 
        {
            "annotations": [
                {
                    "annotator-id": "10_A", 
                    "breakdown": "T", 
                    "comment": "", 
                    "ungrammatical-sentence": "O"
                }, 
                {
                    "annotator-id": "13_A", 
                    "breakdown": "T", 
                    "comment": "ユーザの話は無視するが、クラゲの話は継続", 
                    "ungrammatical-sentence": "O"
                }
            ], 
            "speaker": "S", 
            "time": "2014-08-07 13:22:47", 
            "turn-index": 14, 
            "utterance": "クラゲは毒性が低いです"
        }, 
        {
            "annotations": [], 
            "speaker": "U", 
            "time": "2014-08-07 13:23:33", 
            "turn-index": 15, 
            "utterance": "毒を持たないクラゲもいるそうですね。"
        }, 
        {
            "annotations": [
                {
                    "annotator-id": "10_A", 
                    "breakdown": "X", 
                    "comment": "", 
                    "ungrammatical-sentence": "O"
                }, 
                {
                    "annotator-id": "13_A", 
                    "breakdown": "T", 
                    "comment": "話が繋がらないが、クラゲの話は継続", 
                    "ungrammatical-sentence": "O"
                }
            ], 
            "speaker": "S", 
            "time": "2014-08-07 13:23:33", 
            "turn-index": 16, 
            "utterance": "クラゲの水槽だよー生き物扱うのは大変だてさ"
        }, 
        {
            "annotations": [], 
            "speaker": "U", 
            "time": "2014-08-07 13:24:29", 
            "turn-index": 17, 
            "utterance": "生き物を飼ったことはありますか？"
        }, 
        {
            "annotations": [
                {
                    "annotator-id": "10_A", 
                    "breakdown": "X", 
                    "comment": "", 
                    "ungrammatical-sentence": "X"
                }, 
                {
                    "annotator-id": "13_A", 
                    "breakdown": "O", 
                    "comment": "", 
                    "ungrammatical-sentence": "O"
                }
            ], 
            "speaker": "S", 
            "time": "2014-08-07 13:24:29", 
            "turn-index": 18, 
            "utterance": "世話がやけたことありますね"
        }, 
        {
            "annotations": [], 
            "speaker": "U", 
            "time": "2014-08-07 13:26:08", 
            "turn-index": 19, 
            "utterance": "世話をするのは大変ですが、猫が飼いたいです。"
        }, 
        {
            "annotations": [
                {
                    "annotator-id": "10_A", 
                    "breakdown": "X", 
                    "comment": "", 
                    "ungrammatical-sentence": "O"
                }, 
                {
                    "annotator-id": "13_A", 
                    "breakdown": "T", 
                    "comment": "ユーザの話は無視？意味も分からない", 
                    "ungrammatical-sentence": "O"
                }
            ], 
            "speaker": "S", 
            "time": "2014-08-07 13:26:08", 
            "turn-index": 20, 
            "utterance": "世話はＨＩＲＯが見てたことあります"
        }
    ]
}