{
    "dialogue-id": "1407648487", 
    "group-id": "subset_j", 
    "speaker-id": "04_02", 
    "turns": [
        {
            "annotations": [
                {
                    "annotator-id": "06_B", 
                    "breakdown": "O", 
                    "comment": "", 
                    "ungrammatical-sentence": "O"
                }, 
                {
                    "annotator-id": "14_A", 
                    "breakdown": "O", 
                    "comment": "", 
                    "ungrammatical-sentence": "O"
                }, 
                {
                    "annotator-id": "14_B", 
                    "breakdown": "O", 
                    "comment": "", 
                    "ungrammatical-sentence": "O"
                }
            ], 
            "speaker": "S", 
            "time": "2014-08-10 14:23:25", 
            "turn-index": 0, 
            "utterance": "こんにちは。声かけてくれるのを待ってたんだ。"
        }, 
        {
            "annotations": [], 
            "speaker": "U", 
            "time": "2014-08-10 14:24:11", 
            "turn-index": 1, 
            "utterance": "そうでしたか。今日は天気がよくないですね。"
        }, 
        {
            "annotations": [
                {
                    "annotator-id": "06_B", 
                    "breakdown": "T", 
                    "comment": "", 
                    "ungrammatical-sentence": "O"
                }, 
                {
                    "annotator-id": "14_A", 
                    "breakdown": "O", 
                    "comment": "", 
                    "ungrammatical-sentence": "O"
                }, 
                {
                    "annotator-id": "14_B", 
                    "breakdown": "T", 
                    "comment": "", 
                    "ungrammatical-sentence": "O"
                }
            ], 
            "speaker": "S", 
            "time": "2014-08-10 14:24:11", 
            "turn-index": 2, 
            "utterance": "天気は心配するのでしょうか？"
        }, 
        {
            "annotations": [], 
            "speaker": "U", 
            "time": "2014-08-10 14:24:49", 
            "turn-index": 3, 
            "utterance": "天気は心配しないですが、私は気になります。"
        }, 
        {
            "annotations": [
                {
                    "annotator-id": "06_B", 
                    "breakdown": "X", 
                    "comment": "", 
                    "ungrammatical-sentence": "O"
                }, 
                {
                    "annotator-id": "14_A", 
                    "breakdown": "T", 
                    "comment": "", 
                    "ungrammatical-sentence": "O"
                }, 
                {
                    "annotator-id": "14_B", 
                    "breakdown": "T", 
                    "comment": "", 
                    "ungrammatical-sentence": "O"
                }
            ], 
            "speaker": "S", 
            "time": "2014-08-10 14:24:49", 
            "turn-index": 4, 
            "utterance": "天気は早いですか"
        }, 
        {
            "annotations": [], 
            "speaker": "U", 
            "time": "2014-08-10 14:25:21", 
            "turn-index": 5, 
            "utterance": "最近は急に変わったりするので、早いですね。"
        }, 
        {
            "annotations": [
                {
                    "annotator-id": "06_B", 
                    "breakdown": "O", 
                    "comment": "", 
                    "ungrammatical-sentence": "O"
                }, 
                {
                    "annotator-id": "14_A", 
                    "breakdown": "O", 
                    "comment": "", 
                    "ungrammatical-sentence": "O"
                }, 
                {
                    "annotator-id": "14_B", 
                    "breakdown": "O", 
                    "comment": "", 
                    "ungrammatical-sentence": "O"
                }
            ], 
            "speaker": "S", 
            "time": "2014-08-10 14:25:21", 
            "turn-index": 6, 
            "utterance": "天気は荒れ気味か"
        }, 
        {
            "annotations": [], 
            "speaker": "U", 
            "time": "2014-08-10 14:25:30", 
            "turn-index": 7, 
            "utterance": "そう思います。"
        }, 
        {
            "annotations": [
                {
                    "annotator-id": "06_B", 
                    "breakdown": "O", 
                    "comment": "", 
                    "ungrammatical-sentence": "O"
                }, 
                {
                    "annotator-id": "14_A", 
                    "breakdown": "O", 
                    "comment": "", 
                    "ungrammatical-sentence": "O"
                }, 
                {
                    "annotator-id": "14_B", 
                    "breakdown": "O", 
                    "comment": "", 
                    "ungrammatical-sentence": "O"
                }
            ], 
            "speaker": "S", 
            "time": "2014-08-10 14:25:30", 
            "turn-index": 8, 
            "utterance": "ですよね"
        }, 
        {
            "annotations": [], 
            "speaker": "U", 
            "time": "2014-08-10 14:25:54", 
            "turn-index": 9, 
            "utterance": "これからどこかへ行かれますか？"
        }, 
        {
            "annotations": [
                {
                    "annotator-id": "06_B", 
                    "breakdown": "X", 
                    "comment": "", 
                    "ungrammatical-sentence": "O"
                }, 
                {
                    "annotator-id": "14_A", 
                    "breakdown": "T", 
                    "comment": "", 
                    "ungrammatical-sentence": "O"
                }, 
                {
                    "annotator-id": "14_B", 
                    "breakdown": "T", 
                    "comment": "", 
                    "ungrammatical-sentence": "O"
                }
            ], 
            "speaker": "S", 
            "time": "2014-08-10 14:25:54", 
            "turn-index": 10, 
            "utterance": "天気はわかんないです"
        }, 
        {
            "annotations": [], 
            "speaker": "U", 
            "time": "2014-08-10 14:26:13", 
            "turn-index": 11, 
            "utterance": "天気次第ですか？"
        }, 
        {
            "annotations": [
                {
                    "annotator-id": "06_B", 
                    "breakdown": "X", 
                    "comment": "", 
                    "ungrammatical-sentence": "O"
                }, 
                {
                    "annotator-id": "14_A", 
                    "breakdown": "X", 
                    "comment": "", 
                    "ungrammatical-sentence": "O"
                }, 
                {
                    "annotator-id": "14_B", 
                    "breakdown": "T", 
                    "comment": "", 
                    "ungrammatical-sentence": "O"
                }
            ], 
            "speaker": "S", 
            "time": "2014-08-10 14:26:13", 
            "turn-index": 12, 
            "utterance": "気持ちがいいです"
        }, 
        {
            "annotations": [], 
            "speaker": "U", 
            "time": "2014-08-10 14:26:55", 
            "turn-index": 13, 
            "utterance": "それはよかったです。何かあったのですか？"
        }, 
        {
            "annotations": [
                {
                    "annotator-id": "06_B", 
                    "breakdown": "T", 
                    "comment": "", 
                    "ungrammatical-sentence": "O"
                }, 
                {
                    "annotator-id": "14_A", 
                    "breakdown": "X", 
                    "comment": "", 
                    "ungrammatical-sentence": "O"
                }, 
                {
                    "annotator-id": "14_B", 
                    "breakdown": "T", 
                    "comment": "", 
                    "ungrammatical-sentence": "O"
                }
            ], 
            "speaker": "S", 
            "time": "2014-08-10 14:26:55", 
            "turn-index": 14, 
            "utterance": "天気を考えるのです"
        }, 
        {
            "annotations": [], 
            "speaker": "U", 
            "time": "2014-08-10 14:27:20", 
            "turn-index": 15, 
            "utterance": "話は変わって、お昼は食べましたか？"
        }, 
        {
            "annotations": [
                {
                    "annotator-id": "06_B", 
                    "breakdown": "T", 
                    "comment": "", 
                    "ungrammatical-sentence": "O"
                }, 
                {
                    "annotator-id": "14_A", 
                    "breakdown": "T", 
                    "comment": "", 
                    "ungrammatical-sentence": "O"
                }, 
                {
                    "annotator-id": "14_B", 
                    "breakdown": "X", 
                    "comment": "", 
                    "ungrammatical-sentence": "O"
                }
            ], 
            "speaker": "S", 
            "time": "2014-08-10 14:27:20", 
            "turn-index": 16, 
            "utterance": "お昼は暖かいです"
        }, 
        {
            "annotations": [], 
            "speaker": "U", 
            "time": "2014-08-10 14:27:40", 
            "turn-index": 17, 
            "utterance": "そうですね。"
        }, 
        {
            "annotations": [
                {
                    "annotator-id": "06_B", 
                    "breakdown": "O", 
                    "comment": "", 
                    "ungrammatical-sentence": "O"
                }, 
                {
                    "annotator-id": "14_A", 
                    "breakdown": "O", 
                    "comment": "", 
                    "ungrammatical-sentence": "O"
                }, 
                {
                    "annotator-id": "14_B", 
                    "breakdown": "O", 
                    "comment": "", 
                    "ungrammatical-sentence": "O"
                }
            ], 
            "speaker": "S", 
            "time": "2014-08-10 14:27:40", 
            "turn-index": 18, 
            "utterance": "ですよね"
        }, 
        {
            "annotations": [], 
            "speaker": "U", 
            "time": "2014-08-10 14:28:04", 
            "turn-index": 19, 
            "utterance": "今日の予定は？"
        }, 
        {
            "annotations": [
                {
                    "annotator-id": "06_B", 
                    "breakdown": "O", 
                    "comment": "", 
                    "ungrammatical-sentence": "O"
                }, 
                {
                    "annotator-id": "14_A", 
                    "breakdown": "O", 
                    "comment": "", 
                    "ungrammatical-sentence": "O"
                }, 
                {
                    "annotator-id": "14_B", 
                    "breakdown": "O", 
                    "comment": "", 
                    "ungrammatical-sentence": "O"
                }
            ], 
            "speaker": "S", 
            "time": "2014-08-10 14:28:04", 
            "turn-index": 20, 
            "utterance": "お昼を買いに行きます"
        }
    ]
}