{
    "dialogue-id": "1407287313", 
    "group-id": "subset_k", 
    "speaker-id": "01_01", 
    "turns": [
        {
            "annotations": [
                {
                    "annotator-id": "04_C", 
                    "breakdown": "O", 
                    "comment": "", 
                    "ungrammatical-sentence": "O"
                }, 
                {
                    "annotator-id": "09_B", 
                    "breakdown": "O", 
                    "comment": "", 
                    "ungrammatical-sentence": "O"
                }
            ], 
            "speaker": "S", 
            "time": "2014-08-06 10:06:49", 
            "turn-index": 0, 
            "utterance": "おはよう。気軽に声かけてね。"
        }, 
        {
            "annotations": [], 
            "speaker": "U", 
            "time": "2014-08-06 10:06:56", 
            "turn-index": 1, 
            "utterance": "おはようございます"
        }, 
        {
            "annotations": [
                {
                    "annotator-id": "04_C", 
                    "breakdown": "O", 
                    "comment": "", 
                    "ungrammatical-sentence": "O"
                }, 
                {
                    "annotator-id": "09_B", 
                    "breakdown": "O", 
                    "comment": "", 
                    "ungrammatical-sentence": "O"
                }
            ], 
            "speaker": "S", 
            "time": "2014-08-06 10:06:56", 
            "turn-index": 2, 
            "utterance": "おはシャッス"
        }, 
        {
            "annotations": [], 
            "speaker": "U", 
            "time": "2014-08-06 10:07:03", 
            "turn-index": 3, 
            "utterance": "元気ですね"
        }, 
        {
            "annotations": [
                {
                    "annotator-id": "04_C", 
                    "breakdown": "O", 
                    "comment": "", 
                    "ungrammatical-sentence": "O"
                }, 
                {
                    "annotator-id": "09_B", 
                    "breakdown": "O", 
                    "comment": "", 
                    "ungrammatical-sentence": "O"
                }
            ], 
            "speaker": "S", 
            "time": "2014-08-06 10:07:03", 
            "turn-index": 4, 
            "utterance": "良かった"
        }, 
        {
            "annotations": [], 
            "speaker": "U", 
            "time": "2014-08-06 10:07:26", 
            "turn-index": 5, 
            "utterance": "今日は寝不足でして，少し眠いです"
        }, 
        {
            "annotations": [
                {
                    "annotator-id": "04_C", 
                    "breakdown": "O", 
                    "comment": "", 
                    "ungrammatical-sentence": "O"
                }, 
                {
                    "annotator-id": "09_B", 
                    "breakdown": "O", 
                    "comment": "", 
                    "ungrammatical-sentence": "O"
                }
            ], 
            "speaker": "S", 
            "time": "2014-08-06 10:07:26", 
            "turn-index": 6, 
            "utterance": "寝不足身体に良くなぃょぉ"
        }, 
        {
            "annotations": [], 
            "speaker": "U", 
            "time": "2014-08-06 10:07:40", 
            "turn-index": 7, 
            "utterance": "そうですね．夜更かししてしまいました"
        }, 
        {
            "annotations": [
                {
                    "annotator-id": "04_C", 
                    "breakdown": "O", 
                    "comment": "", 
                    "ungrammatical-sentence": "O"
                }, 
                {
                    "annotator-id": "09_B", 
                    "breakdown": "O", 
                    "comment": "", 
                    "ungrammatical-sentence": "O"
                }
            ], 
            "speaker": "S", 
            "time": "2014-08-06 10:07:40", 
            "turn-index": 8, 
            "utterance": "体が夜更かしに慣れます？？"
        }, 
        {
            "annotations": [], 
            "speaker": "U", 
            "time": "2014-08-06 10:07:50", 
            "turn-index": 9, 
            "utterance": "そうそう．慣れてきますよね"
        }, 
        {
            "annotations": [
                {
                    "annotator-id": "04_C", 
                    "breakdown": "O", 
                    "comment": "", 
                    "ungrammatical-sentence": "O"
                }, 
                {
                    "annotator-id": "09_B", 
                    "breakdown": "O", 
                    "comment": "", 
                    "ungrammatical-sentence": "O"
                }
            ], 
            "speaker": "S", 
            "time": "2014-08-06 10:07:50", 
            "turn-index": 10, 
            "utterance": "夜更かしは楽しいですね"
        }, 
        {
            "annotations": [], 
            "speaker": "U", 
            "time": "2014-08-06 10:08:06", 
            "turn-index": 11, 
            "utterance": "楽しいけど．朝型がいいですね"
        }, 
        {
            "annotations": [
                {
                    "annotator-id": "04_C", 
                    "breakdown": "O", 
                    "comment": "", 
                    "ungrammatical-sentence": "O"
                }, 
                {
                    "annotator-id": "09_B", 
                    "breakdown": "O", 
                    "comment": "", 
                    "ungrammatical-sentence": "O"
                }
            ], 
            "speaker": "S", 
            "time": "2014-08-06 10:08:06", 
            "turn-index": 12, 
            "utterance": "朝型がベストですけどねぇ"
        }, 
        {
            "annotations": [], 
            "speaker": "U", 
            "time": "2014-08-06 10:08:11", 
            "turn-index": 13, 
            "utterance": "そうですねえ"
        }, 
        {
            "annotations": [
                {
                    "annotator-id": "04_C", 
                    "breakdown": "O", 
                    "comment": "", 
                    "ungrammatical-sentence": "O"
                }, 
                {
                    "annotator-id": "09_B", 
                    "breakdown": "T", 
                    "comment": "何がそうなのか分からない", 
                    "ungrammatical-sentence": "O"
                }
            ], 
            "speaker": "S", 
            "time": "2014-08-06 10:08:11", 
            "turn-index": 14, 
            "utterance": "そうなの"
        }, 
        {
            "annotations": [], 
            "speaker": "U", 
            "time": "2014-08-06 10:08:17", 
            "turn-index": 15, 
            "utterance": "そう思いますよ．"
        }, 
        {
            "annotations": [
                {
                    "annotator-id": "04_C", 
                    "breakdown": "O", 
                    "comment": "", 
                    "ungrammatical-sentence": "O"
                }, 
                {
                    "annotator-id": "09_B", 
                    "breakdown": "O", 
                    "comment": "", 
                    "ungrammatical-sentence": "O"
                }
            ], 
            "speaker": "S", 
            "time": "2014-08-06 10:08:17", 
            "turn-index": 16, 
            "utterance": "ですよね"
        }, 
        {
            "annotations": [], 
            "speaker": "U", 
            "time": "2014-08-06 10:08:26", 
            "turn-index": 17, 
            "utterance": "朝型がよいですよ"
        }, 
        {
            "annotations": [
                {
                    "annotator-id": "04_C", 
                    "breakdown": "O", 
                    "comment": "", 
                    "ungrammatical-sentence": "O"
                }, 
                {
                    "annotator-id": "09_B", 
                    "breakdown": "T", 
                    "comment": "相手の言葉を繰り返しているだけでおかしい", 
                    "ungrammatical-sentence": "O"
                }
            ], 
            "speaker": "S", 
            "time": "2014-08-06 10:08:26", 
            "turn-index": 18, 
            "utterance": "朝型はいいですね"
        }, 
        {
            "annotations": [], 
            "speaker": "U", 
            "time": "2014-08-06 10:08:29", 
            "turn-index": 19, 
            "utterance": "はい"
        }, 
        {
            "annotations": [
                {
                    "annotator-id": "04_C", 
                    "breakdown": "T", 
                    "comment": "", 
                    "ungrammatical-sentence": "O"
                }, 
                {
                    "annotator-id": "09_B", 
                    "breakdown": "X", 
                    "comment": "言っている意味が分からない", 
                    "ungrammatical-sentence": "O"
                }
            ], 
            "speaker": "S", 
            "time": "2014-08-06 10:08:29", 
            "turn-index": 20, 
            "utterance": "こいよ"
        }
    ]
}