{
    "dialogue-id": "1407996000", 
    "group-id": "subset_c", 
    "speaker-id": "05_06", 
    "turns": [
        {
            "annotations": [
                {
                    "annotator-id": "04_B", 
                    "breakdown": "O", 
                    "comment": "", 
                    "ungrammatical-sentence": "O"
                }, 
                {
                    "annotator-id": "06_A", 
                    "breakdown": "O", 
                    "comment": "", 
                    "ungrammatical-sentence": "O"
                }
            ], 
            "speaker": "S", 
            "time": "2014-08-14 14:56:21", 
            "turn-index": 0, 
            "utterance": "こんにちは。声かけてくれるのを待ってたんだ。"
        }, 
        {
            "annotations": [], 
            "speaker": "U", 
            "time": "2014-08-14 14:56:45", 
            "turn-index": 1, 
            "utterance": "こんにちはー。ボードゲームとかってやる？"
        }, 
        {
            "annotations": [
                {
                    "annotator-id": "04_B", 
                    "breakdown": "X", 
                    "comment": "「クリア形式」がわからなかったのですがUはわかっている模様。ゲーム用語か。（ネットで検索すると「ステージクリア形式」が出るので、ステージクリア形式か、多人数でプレイ式する方式かにわかれるということか？　ただ、「ステージクリア形式」のことだとすると、ボードゲームの話ではなくなる気もするので、いずれにせよUの発話を受けていない。）", 
                    "ungrammatical-sentence": "O"
                }, 
                {
                    "annotator-id": "06_A", 
                    "breakdown": "O", 
                    "comment": "", 
                    "ungrammatical-sentence": "O"
                }
            ], 
            "speaker": "S", 
            "time": "2014-08-14 14:56:45", 
            "turn-index": 2, 
            "utterance": "クリア形式で楽しんでます？"
        }, 
        {
            "annotations": [], 
            "speaker": "U", 
            "time": "2014-08-14 14:57:17", 
            "turn-index": 3, 
            "utterance": "他のプレイヤーと競争する形式で遊ぶほうが多いかな"
        }, 
        {
            "annotations": [
                {
                    "annotator-id": "04_B", 
                    "breakdown": "O", 
                    "comment": "", 
                    "ungrammatical-sentence": "O"
                }, 
                {
                    "annotator-id": "06_A", 
                    "breakdown": "O", 
                    "comment": "", 
                    "ungrammatical-sentence": "O"
                }
            ], 
            "speaker": "S", 
            "time": "2014-08-14 14:57:17", 
            "turn-index": 4, 
            "utterance": "ボードゲームが大好きですね"
        }, 
        {
            "annotations": [], 
            "speaker": "U", 
            "time": "2014-08-14 14:57:26", 
            "turn-index": 5, 
            "utterance": "はい、大好きです"
        }, 
        {
            "annotations": [
                {
                    "annotator-id": "04_B", 
                    "breakdown": "T", 
                    "comment": "04の繰り返しで新情報なし", 
                    "ungrammatical-sentence": "O"
                }, 
                {
                    "annotator-id": "06_A", 
                    "breakdown": "O", 
                    "comment": "", 
                    "ungrammatical-sentence": "O"
                }
            ], 
            "speaker": "S", 
            "time": "2014-08-14 14:57:26", 
            "turn-index": 6, 
            "utterance": "ボードゲームは好きですね"
        }, 
        {
            "annotations": [], 
            "speaker": "U", 
            "time": "2014-08-14 14:57:45", 
            "turn-index": 7, 
            "utterance": "好きよー、一緒に遊ぼう"
        }, 
        {
            "annotations": [
                {
                    "annotator-id": "04_B", 
                    "breakdown": "O", 
                    "comment": "", 
                    "ungrammatical-sentence": "O"
                }, 
                {
                    "annotator-id": "06_A", 
                    "breakdown": "O", 
                    "comment": "", 
                    "ungrammatical-sentence": "O"
                }
            ], 
            "speaker": "S", 
            "time": "2014-08-14 14:57:45", 
            "turn-index": 8, 
            "utterance": "一緒はいいですね"
        }, 
        {
            "annotations": [], 
            "speaker": "U", 
            "time": "2014-08-14 14:58:13", 
            "turn-index": 9, 
            "utterance": "皆で一緒に遊ぶのは楽しいよね"
        }, 
        {
            "annotations": [
                {
                    "annotator-id": "04_B", 
                    "breakdown": "O", 
                    "comment": "", 
                    "ungrammatical-sentence": "O"
                }, 
                {
                    "annotator-id": "06_A", 
                    "breakdown": "O", 
                    "comment": "", 
                    "ungrammatical-sentence": "O"
                }
            ], 
            "speaker": "S", 
            "time": "2014-08-14 14:58:13", 
            "turn-index": 10, 
            "utterance": "都合が良いですね"
        }, 
        {
            "annotations": [], 
            "speaker": "U", 
            "time": "2014-08-14 14:58:45", 
            "turn-index": 11, 
            "utterance": "予定を合わせるのは大変だね"
        }, 
        {
            "annotations": [
                {
                    "annotator-id": "04_B", 
                    "breakdown": "T", 
                    "comment": "何にとって都合がいいのか文脈からわからない", 
                    "ungrammatical-sentence": "O"
                }, 
                {
                    "annotator-id": "06_A", 
                    "breakdown": "O", 
                    "comment": "", 
                    "ungrammatical-sentence": "O"
                }
            ], 
            "speaker": "S", 
            "time": "2014-08-14 14:58:45", 
            "turn-index": 12, 
            "utterance": "都合が実にいいですよねえ"
        }, 
        {
            "annotations": [], 
            "speaker": "U", 
            "time": "2014-08-14 14:59:04", 
            "turn-index": 13, 
            "utterance": "まあ学生の間はね"
        }, 
        {
            "annotations": [
                {
                    "annotator-id": "04_B", 
                    "breakdown": "O", 
                    "comment": "", 
                    "ungrammatical-sentence": "O"
                }, 
                {
                    "annotator-id": "06_A", 
                    "breakdown": "O", 
                    "comment": "", 
                    "ungrammatical-sentence": "O"
                }
            ], 
            "speaker": "S", 
            "time": "2014-08-14 14:59:04", 
            "turn-index": 14, 
            "utterance": "学生は気楽ですね"
        }, 
        {
            "annotations": [], 
            "speaker": "U", 
            "time": "2014-08-14 14:59:15", 
            "turn-index": 15, 
            "utterance": "今の間だけですけどねー"
        }, 
        {
            "annotations": [
                {
                    "annotator-id": "04_B", 
                    "breakdown": "O", 
                    "comment": "", 
                    "ungrammatical-sentence": "O"
                }, 
                {
                    "annotator-id": "06_A", 
                    "breakdown": "O", 
                    "comment": "", 
                    "ungrammatical-sentence": "O"
                }
            ], 
            "speaker": "S", 
            "time": "2014-08-14 14:59:15", 
            "turn-index": 16, 
            "utterance": "学生は楽ですね"
        }, 
        {
            "annotations": [], 
            "speaker": "U", 
            "time": "2014-08-14 14:59:34", 
            "turn-index": 17, 
            "utterance": "楽ではないですね"
        }, 
        {
            "annotations": [
                {
                    "annotator-id": "04_B", 
                    "breakdown": "O", 
                    "comment": "", 
                    "ungrammatical-sentence": "O"
                }, 
                {
                    "annotator-id": "06_A", 
                    "breakdown": "O", 
                    "comment": "", 
                    "ungrammatical-sentence": "O"
                }
            ], 
            "speaker": "S", 
            "time": "2014-08-14 14:59:34", 
            "turn-index": 18, 
            "utterance": "学生は気楽です"
        }, 
        {
            "annotations": [], 
            "speaker": "U", 
            "time": "2014-08-14 14:59:46", 
            "turn-index": 19, 
            "utterance": "気楽だけど楽ではないです"
        }, 
        {
            "annotations": [
                {
                    "annotator-id": "04_B", 
                    "breakdown": "O", 
                    "comment": "相手の話に同調しないが「学生は気楽／楽だ」ということを強調したいのかと解釈できる", 
                    "ungrammatical-sentence": "O"
                }, 
                {
                    "annotator-id": "06_A", 
                    "breakdown": "T", 
                    "comment": "", 
                    "ungrammatical-sentence": "O"
                }
            ], 
            "speaker": "S", 
            "time": "2014-08-14 14:59:46", 
            "turn-index": 20, 
            "utterance": "学生は楽です"
        }
    ]
}