{
    "dialogue-id": "1407474710", 
    "group-id": "subset_a", 
    "speaker-id": "03_04", 
    "turns": [
        {
            "annotations": [
                {
                    "annotator-id": "01_A", 
                    "breakdown": "O", 
                    "comment": "", 
                    "ungrammatical-sentence": "O"
                }, 
                {
                    "annotator-id": "02_B", 
                    "breakdown": "O", 
                    "comment": "", 
                    "ungrammatical-sentence": "O"
                }
            ], 
            "speaker": "S", 
            "time": "2014-08-08 14:03:56", 
            "turn-index": 0, 
            "utterance": "こんにちは。熱中症に気をつけて。"
        }, 
        {
            "annotations": [], 
            "speaker": "U", 
            "time": "2014-08-08 14:04:45", 
            "turn-index": 1, 
            "utterance": "熱中症になったことがないので大丈夫です。インドア派ですし。"
        }, 
        {
            "annotations": [
                {
                    "annotator-id": "01_A", 
                    "breakdown": "O", 
                    "comment": "", 
                    "ungrammatical-sentence": "O"
                }, 
                {
                    "annotator-id": "02_B", 
                    "breakdown": "O", 
                    "comment": "", 
                    "ungrammatical-sentence": "O"
                }
            ], 
            "speaker": "S", 
            "time": "2014-08-08 14:04:45", 
            "turn-index": 2, 
            "utterance": "熱中症に気をつけないんですか？"
        }, 
        {
            "annotations": [], 
            "speaker": "U", 
            "time": "2014-08-08 14:05:09", 
            "turn-index": 3, 
            "utterance": "インドア派なのであまり気を付けたことがありません。あなたは？"
        }, 
        {
            "annotations": [
                {
                    "annotator-id": "01_A", 
                    "breakdown": "T", 
                    "comment": "質問に答えられていない", 
                    "ungrammatical-sentence": "O"
                }, 
                {
                    "annotator-id": "02_B", 
                    "breakdown": "O", 
                    "comment": "", 
                    "ungrammatical-sentence": "O"
                }
            ], 
            "speaker": "S", 
            "time": "2014-08-08 14:05:09", 
            "turn-index": 4, 
            "utterance": "予防が大切ですね"
        }, 
        {
            "annotations": [], 
            "speaker": "U", 
            "time": "2014-08-08 14:05:24", 
            "turn-index": 5, 
            "utterance": "どんな予防をしていますか？"
        }, 
        {
            "annotations": [
                {
                    "annotator-id": "01_A", 
                    "breakdown": "T", 
                    "comment": "質問に答えられていない", 
                    "ungrammatical-sentence": "O"
                }, 
                {
                    "annotator-id": "02_B", 
                    "breakdown": "T", 
                    "comment": "", 
                    "ungrammatical-sentence": "O"
                }
            ], 
            "speaker": "S", 
            "time": "2014-08-08 14:05:24", 
            "turn-index": 6, 
            "utterance": "予防は大切です"
        }, 
        {
            "annotations": [], 
            "speaker": "U", 
            "time": "2014-08-08 14:05:52", 
            "turn-index": 7, 
            "utterance": "大切ですよね。水分をしっかり取ることが大切です。"
        }, 
        {
            "annotations": [
                {
                    "annotator-id": "01_A", 
                    "breakdown": "O", 
                    "comment": "", 
                    "ungrammatical-sentence": "O"
                }, 
                {
                    "annotator-id": "02_B", 
                    "breakdown": "O", 
                    "comment": "", 
                    "ungrammatical-sentence": "O"
                }
            ], 
            "speaker": "S", 
            "time": "2014-08-08 14:05:52", 
            "turn-index": 8, 
            "utterance": "水分は大事です"
        }, 
        {
            "annotations": [], 
            "speaker": "U", 
            "time": "2014-08-08 14:09:14", 
            "turn-index": 9, 
            "utterance": "人間の60％は水ですからね。"
        }, 
        {
            "annotations": [
                {
                    "annotator-id": "01_A", 
                    "breakdown": "O", 
                    "comment": "", 
                    "ungrammatical-sentence": "O"
                }, 
                {
                    "annotator-id": "02_B", 
                    "breakdown": "T", 
                    "comment": "", 
                    "ungrammatical-sentence": "O"
                }
            ], 
            "speaker": "S", 
            "time": "2014-08-08 14:09:14", 
            "turn-index": 10, 
            "utterance": "水分はポカリがいいですね"
        }, 
        {
            "annotations": [], 
            "speaker": "U", 
            "time": "2014-08-08 14:09:53", 
            "turn-index": 11, 
            "utterance": "ポカリ派ですか？アクエリ派ですか？"
        }, 
        {
            "annotations": [
                {
                    "annotator-id": "01_A", 
                    "breakdown": "T", 
                    "comment": "質問に答えられていない", 
                    "ungrammatical-sentence": "O"
                }, 
                {
                    "annotator-id": "02_B", 
                    "breakdown": "X", 
                    "comment": "", 
                    "ungrammatical-sentence": "O"
                }
            ], 
            "speaker": "S", 
            "time": "2014-08-08 14:09:53", 
            "turn-index": 12, 
            "utterance": "分かります！"
        }, 
        {
            "annotations": [], 
            "speaker": "U", 
            "time": "2014-08-08 14:10:40", 
            "turn-index": 13, 
            "utterance": "私はお茶が好きなんですけどね。"
        }, 
        {
            "annotations": [
                {
                    "annotator-id": "01_A", 
                    "breakdown": "O", 
                    "comment": "", 
                    "ungrammatical-sentence": "O"
                }, 
                {
                    "annotator-id": "02_B", 
                    "breakdown": "O", 
                    "comment": "", 
                    "ungrammatical-sentence": "O"
                }
            ], 
            "speaker": "S", 
            "time": "2014-08-08 14:10:40", 
            "turn-index": 14, 
            "utterance": "お茶を買いに行きます"
        }, 
        {
            "annotations": [], 
            "speaker": "U", 
            "time": "2014-08-08 14:11:13", 
            "turn-index": 15, 
            "utterance": "どこに買いに行くのですか？"
        }, 
        {
            "annotations": [
                {
                    "annotator-id": "01_A", 
                    "breakdown": "O", 
                    "comment": "", 
                    "ungrammatical-sentence": "O"
                }, 
                {
                    "annotator-id": "02_B", 
                    "breakdown": "O", 
                    "comment": "", 
                    "ungrammatical-sentence": "O"
                }
            ], 
            "speaker": "S", 
            "time": "2014-08-08 14:11:13", 
            "turn-index": 16, 
            "utterance": "お茶はコンビニで買います"
        }, 
        {
            "annotations": [], 
            "speaker": "U", 
            "time": "2014-08-08 14:11:26", 
            "turn-index": 17, 
            "utterance": "スーパーのほうが安いですよ。"
        }, 
        {
            "annotations": [
                {
                    "annotator-id": "01_A", 
                    "breakdown": "O", 
                    "comment": "", 
                    "ungrammatical-sentence": "O"
                }, 
                {
                    "annotator-id": "02_B", 
                    "breakdown": "O", 
                    "comment": "", 
                    "ungrammatical-sentence": "O"
                }
            ], 
            "speaker": "S", 
            "time": "2014-08-08 14:11:26", 
            "turn-index": 18, 
            "utterance": "スーパーはお弁当を買います"
        }, 
        {
            "annotations": [], 
            "speaker": "U", 
            "time": "2014-08-08 14:11:47", 
            "turn-index": 19, 
            "utterance": "お弁当は見切り商品が安いですよね。"
        }, 
        {
            "annotations": [
                {
                    "annotator-id": "01_A", 
                    "breakdown": "O", 
                    "comment": "", 
                    "ungrammatical-sentence": "O"
                }, 
                {
                    "annotator-id": "02_B", 
                    "breakdown": "O", 
                    "comment": "", 
                    "ungrammatical-sentence": "O"
                }
            ], 
            "speaker": "S", 
            "time": "2014-08-08 14:11:47", 
            "turn-index": 20, 
            "utterance": "スーパーは便利ですね"
        }
    ]
}