{
    "dialogue-id": "1407774560", 
    "group-id": "subset_b", 
    "speaker-id": "08_06", 
    "turns": [
        {
            "annotations": [
                {
                    "annotator-id": "02_A", 
                    "breakdown": "O", 
                    "comment": "", 
                    "ungrammatical-sentence": "O"
                }, 
                {
                    "annotator-id": "03_A", 
                    "breakdown": "O", 
                    "comment": "", 
                    "ungrammatical-sentence": "O"
                }
            ], 
            "speaker": "S", 
            "time": "2014-08-12 01:26:28", 
            "turn-index": 0, 
            "utterance": "こんばんはー。気軽に声かけてね。"
        }, 
        {
            "annotations": [], 
            "speaker": "U", 
            "time": "2014-08-12 01:26:40", 
            "turn-index": 1, 
            "utterance": "どんな音楽に興味ありますか？"
        }, 
        {
            "annotations": [
                {
                    "annotator-id": "02_A", 
                    "breakdown": "T", 
                    "comment": "", 
                    "ungrammatical-sentence": "O"
                }, 
                {
                    "annotator-id": "03_A", 
                    "breakdown": "X", 
                    "comment": "", 
                    "ungrammatical-sentence": "O"
                }
            ], 
            "speaker": "S", 
            "time": "2014-08-12 01:26:40", 
            "turn-index": 2, 
            "utterance": "音楽は長いです"
        }, 
        {
            "annotations": [], 
            "speaker": "U", 
            "time": "2014-08-12 01:26:58", 
            "turn-index": 3, 
            "utterance": "長い？嫌いってこと？"
        }, 
        {
            "annotations": [
                {
                    "annotator-id": "02_A", 
                    "breakdown": "O", 
                    "comment": "", 
                    "ungrammatical-sentence": "O"
                }, 
                {
                    "annotator-id": "03_A", 
                    "breakdown": "O", 
                    "comment": "", 
                    "ungrammatical-sentence": "O"
                }
            ], 
            "speaker": "S", 
            "time": "2014-08-12 01:26:58", 
            "turn-index": 4, 
            "utterance": "音楽は懐が深いです"
        }, 
        {
            "annotations": [], 
            "speaker": "U", 
            "time": "2014-08-12 01:27:16", 
            "turn-index": 5, 
            "utterance": "うーん、なにやら意味深な言葉ですね。"
        }, 
        {
            "annotations": [
                {
                    "annotator-id": "02_A", 
                    "breakdown": "T", 
                    "comment": "", 
                    "ungrammatical-sentence": "O"
                }, 
                {
                    "annotator-id": "03_A", 
                    "breakdown": "X", 
                    "comment": "", 
                    "ungrammatical-sentence": "O"
                }
            ], 
            "speaker": "S", 
            "time": "2014-08-12 01:27:16", 
            "turn-index": 6, 
            "utterance": "意味深に微笑まれるのです"
        }, 
        {
            "annotations": [], 
            "speaker": "U", 
            "time": "2014-08-12 01:27:39", 
            "turn-index": 7, 
            "utterance": "なるほど深いですねぇ。"
        }, 
        {
            "annotations": [
                {
                    "annotator-id": "02_A", 
                    "breakdown": "T", 
                    "comment": "", 
                    "ungrammatical-sentence": "O"
                }, 
                {
                    "annotator-id": "03_A", 
                    "breakdown": "O", 
                    "comment": "", 
                    "ungrammatical-sentence": "O"
                }
            ], 
            "speaker": "S", 
            "time": "2014-08-12 01:27:39", 
            "turn-index": 8, 
            "utterance": "意味深に答えるのです"
        }, 
        {
            "annotations": [], 
            "speaker": "U", 
            "time": "2014-08-12 01:28:08", 
            "turn-index": 9, 
            "utterance": "趣味ってありますか？"
        }, 
        {
            "annotations": [
                {
                    "annotator-id": "02_A", 
                    "breakdown": "T", 
                    "comment": "", 
                    "ungrammatical-sentence": "O"
                }, 
                {
                    "annotator-id": "03_A", 
                    "breakdown": "T", 
                    "comment": "", 
                    "ungrammatical-sentence": "O"
                }
            ], 
            "speaker": "S", 
            "time": "2014-08-12 01:28:08", 
            "turn-index": 10, 
            "utterance": "趣味は深いです"
        }, 
        {
            "annotations": [], 
            "speaker": "U", 
            "time": "2014-08-12 01:28:19", 
            "turn-index": 11, 
            "utterance": "趣味も深いんですか。"
        }, 
        {
            "annotations": [
                {
                    "annotator-id": "02_A", 
                    "breakdown": "T", 
                    "comment": "", 
                    "ungrammatical-sentence": "O"
                }, 
                {
                    "annotator-id": "03_A", 
                    "breakdown": "O", 
                    "comment": "", 
                    "ungrammatical-sentence": "O"
                }
            ], 
            "speaker": "S", 
            "time": "2014-08-12 01:28:19", 
            "turn-index": 12, 
            "utterance": "趣味は広いです"
        }, 
        {
            "annotations": [], 
            "speaker": "U", 
            "time": "2014-08-12 01:28:31", 
            "turn-index": 13, 
            "utterance": "広く深くですね"
        }, 
        {
            "annotations": [
                {
                    "annotator-id": "02_A", 
                    "breakdown": "T", 
                    "comment": "", 
                    "ungrammatical-sentence": "O"
                }, 
                {
                    "annotator-id": "03_A", 
                    "breakdown": "X", 
                    "comment": "", 
                    "ungrammatical-sentence": "O"
                }
            ], 
            "speaker": "S", 
            "time": "2014-08-12 01:28:31", 
            "turn-index": 14, 
            "utterance": "趣味は浅いです"
        }, 
        {
            "annotations": [], 
            "speaker": "U", 
            "time": "2014-08-12 01:28:48", 
            "turn-index": 15, 
            "utterance": "あ、そうなんですか。趣味は何ですか？"
        }, 
        {
            "annotations": [
                {
                    "annotator-id": "02_A", 
                    "breakdown": "T", 
                    "comment": "", 
                    "ungrammatical-sentence": "O"
                }, 
                {
                    "annotator-id": "03_A", 
                    "breakdown": "O", 
                    "comment": "", 
                    "ungrammatical-sentence": "O"
                }
            ], 
            "speaker": "S", 
            "time": "2014-08-12 01:28:48", 
            "turn-index": 16, 
            "utterance": "趣味は広くがモットーなんですよねえ"
        }, 
        {
            "annotations": [], 
            "speaker": "U", 
            "time": "2014-08-12 01:28:59", 
            "turn-index": 17, 
            "utterance": "色々やってるんですか。"
        }, 
        {
            "annotations": [
                {
                    "annotator-id": "02_A", 
                    "breakdown": "O", 
                    "comment": "", 
                    "ungrammatical-sentence": "O"
                }, 
                {
                    "annotator-id": "03_A", 
                    "breakdown": "O", 
                    "comment": "", 
                    "ungrammatical-sentence": "O"
                }
            ], 
            "speaker": "S", 
            "time": "2014-08-12 01:28:59", 
            "turn-index": 18, 
            "utterance": "趣味は幅広いですよねえ"
        }, 
        {
            "annotations": [], 
            "speaker": "U", 
            "time": "2014-08-12 01:29:15", 
            "turn-index": 19, 
            "utterance": "例えば何やっていますか？"
        }, 
        {
            "annotations": [
                {
                    "annotator-id": "02_A", 
                    "breakdown": "T", 
                    "comment": "", 
                    "ungrammatical-sentence": "O"
                }, 
                {
                    "annotator-id": "03_A", 
                    "breakdown": "T", 
                    "comment": "", 
                    "ungrammatical-sentence": "O"
                }
            ], 
            "speaker": "S", 
            "time": "2014-08-12 01:29:15", 
            "turn-index": 20, 
            "utterance": "趣味を生かしたりとかです"
        }
    ]
}