{
    "dialogue-id": "1407647931", 
    "group-id": "subset_c", 
    "speaker-id": "04_02", 
    "turns": [
        {
            "annotations": [
                {
                    "annotator-id": "04_B", 
                    "breakdown": "O", 
                    "comment": "", 
                    "ungrammatical-sentence": "O"
                }, 
                {
                    "annotator-id": "06_A", 
                    "breakdown": "O", 
                    "comment": "", 
                    "ungrammatical-sentence": "O"
                }
            ], 
            "speaker": "S", 
            "time": "2014-08-10 14:14:05", 
            "turn-index": 0, 
            "utterance": "こんにちは。気軽に声かけてね。"
        }, 
        {
            "annotations": [], 
            "speaker": "U", 
            "time": "2014-08-10 14:15:22", 
            "turn-index": 1, 
            "utterance": "これからどこへ行くのですか？"
        }, 
        {
            "annotations": [
                {
                    "annotator-id": "04_B", 
                    "breakdown": "T", 
                    "comment": "", 
                    "ungrammatical-sentence": "O"
                }, 
                {
                    "annotator-id": "06_A", 
                    "breakdown": "T", 
                    "comment": "", 
                    "ungrammatical-sentence": "O"
                }
            ], 
            "speaker": "S", 
            "time": "2014-08-10 14:15:22", 
            "turn-index": 2, 
            "utterance": "ご家族といっしょにお住まいですか?"
        }, 
        {
            "annotations": [], 
            "speaker": "U", 
            "time": "2014-08-10 14:15:34", 
            "turn-index": 3, 
            "utterance": "いいえ。1人暮らしです。"
        }, 
        {
            "annotations": [
                {
                    "annotator-id": "04_B", 
                    "breakdown": "X", 
                    "comment": "「何人暮らし」と「暮らしは厳しい」の「暮らし」は微妙に違う（これが「一人暮らしは厳しいですね」なら問題なし）", 
                    "ungrammatical-sentence": "O"
                }, 
                {
                    "annotator-id": "06_A", 
                    "breakdown": "O", 
                    "comment": "", 
                    "ungrammatical-sentence": "O"
                }
            ], 
            "speaker": "S", 
            "time": "2014-08-10 14:15:34", 
            "turn-index": 4, 
            "utterance": "暮らしは厳しいです"
        }, 
        {
            "annotations": [], 
            "speaker": "U", 
            "time": "2014-08-10 14:15:46", 
            "turn-index": 5, 
            "utterance": "そうですね。"
        }, 
        {
            "annotations": [
                {
                    "annotator-id": "04_B", 
                    "breakdown": "X", 
                    "comment": "ここでSがお礼を言うのはおかしい（Uは何もSにいいコトを言ったわけではないので）", 
                    "ungrammatical-sentence": "O"
                }, 
                {
                    "annotator-id": "06_A", 
                    "breakdown": "O", 
                    "comment": "", 
                    "ungrammatical-sentence": "O"
                }
            ], 
            "speaker": "S", 
            "time": "2014-08-10 14:15:46", 
            "turn-index": 6, 
            "utterance": "ありがとうございます"
        }, 
        {
            "annotations": [], 
            "speaker": "U", 
            "time": "2014-08-10 14:15:57", 
            "turn-index": 7, 
            "utterance": "いえいえ。大したことではありません。"
        }, 
        {
            "annotations": [
                {
                    "annotator-id": "04_B", 
                    "breakdown": "X", 
                    "comment": "脈絡がない", 
                    "ungrammatical-sentence": "O"
                }, 
                {
                    "annotator-id": "06_A", 
                    "breakdown": "O", 
                    "comment": "", 
                    "ungrammatical-sentence": "O"
                }
            ], 
            "speaker": "S", 
            "time": "2014-08-10 14:15:57", 
            "turn-index": 8, 
            "utterance": "暮らしに慣れるかもしれない"
        }, 
        {
            "annotations": [], 
            "speaker": "U", 
            "time": "2014-08-10 14:16:22", 
            "turn-index": 9, 
            "utterance": "そうですね。何事も慣れはあるかと思います。"
        }, 
        {
            "annotations": [
                {
                    "annotator-id": "04_B", 
                    "breakdown": "X", 
                    "comment": "「何事を行う」という共起表現はないと思う／「何事をするにも」という慣用句はある", 
                    "ungrammatical-sentence": "X"
                }, 
                {
                    "annotator-id": "06_A", 
                    "breakdown": "T", 
                    "comment": "", 
                    "ungrammatical-sentence": "O"
                }
            ], 
            "speaker": "S", 
            "time": "2014-08-10 14:16:22", 
            "turn-index": 10, 
            "utterance": "何事を行ってます？"
        }, 
        {
            "annotations": [], 
            "speaker": "U", 
            "time": "2014-08-10 14:17:04", 
            "turn-index": 11, 
            "utterance": "特定のことではなく、多くのことのことを言っています。"
        }, 
        {
            "annotations": [
                {
                    "annotator-id": "04_B", 
                    "breakdown": "X", 
                    "comment": "「何事があっても」という条件節はあるが、「ないです」は続かない", 
                    "ungrammatical-sentence": "X"
                }, 
                {
                    "annotator-id": "06_A", 
                    "breakdown": "X", 
                    "comment": "", 
                    "ungrammatical-sentence": "O"
                }
            ], 
            "speaker": "S", 
            "time": "2014-08-10 14:17:04", 
            "turn-index": 12, 
            "utterance": "何事があってもないですか"
        }, 
        {
            "annotations": [], 
            "speaker": "U", 
            "time": "2014-08-10 14:18:03", 
            "turn-index": 13, 
            "utterance": "ところで、今日はどこかへ行く予定はありますか？"
        }, 
        {
            "annotations": [
                {
                    "annotator-id": "04_B", 
                    "breakdown": "X", 
                    "comment": "", 
                    "ungrammatical-sentence": "O"
                }, 
                {
                    "annotator-id": "06_A", 
                    "breakdown": "X", 
                    "comment": "", 
                    "ungrammatical-sentence": "O"
                }
            ], 
            "speaker": "S", 
            "time": "2014-08-10 14:18:03", 
            "turn-index": 14, 
            "utterance": "何事を決めますか？"
        }, 
        {
            "annotations": [], 
            "speaker": "U", 
            "time": "2014-08-10 14:18:16", 
            "turn-index": 15, 
            "utterance": "一緒に行くのですか？"
        }, 
        {
            "annotations": [
                {
                    "annotator-id": "04_B", 
                    "breakdown": "O", 
                    "comment": "", 
                    "ungrammatical-sentence": "O"
                }, 
                {
                    "annotator-id": "06_A", 
                    "breakdown": "X", 
                    "comment": "", 
                    "ungrammatical-sentence": "O"
                }
            ], 
            "speaker": "S", 
            "time": "2014-08-10 14:18:16", 
            "turn-index": 16, 
            "utterance": "一緒は居心地がよくないですよ"
        }, 
        {
            "annotations": [], 
            "speaker": "U", 
            "time": "2014-08-10 14:18:31", 
            "turn-index": 17, 
            "utterance": "そうですよね。別々に行動しましょう。"
        }, 
        {
            "annotations": [
                {
                    "annotator-id": "04_B", 
                    "breakdown": "T", 
                    "comment": "", 
                    "ungrammatical-sentence": "O"
                }, 
                {
                    "annotator-id": "06_A", 
                    "breakdown": "X", 
                    "comment": "", 
                    "ungrammatical-sentence": "O"
                }
            ], 
            "speaker": "S", 
            "time": "2014-08-10 14:18:31", 
            "turn-index": 18, 
            "utterance": "居心地を考えてるのですか？"
        }, 
        {
            "annotations": [], 
            "speaker": "U", 
            "time": "2014-08-10 14:18:49", 
            "turn-index": 19, 
            "utterance": "私は考えていません。"
        }, 
        {
            "annotations": [
                {
                    "annotator-id": "04_B", 
                    "breakdown": "T", 
                    "comment": "", 
                    "ungrammatical-sentence": "O"
                }, 
                {
                    "annotator-id": "06_A", 
                    "breakdown": "X", 
                    "comment": "", 
                    "ungrammatical-sentence": "O"
                }
            ], 
            "speaker": "S", 
            "time": "2014-08-10 14:18:49", 
            "turn-index": 20, 
            "utterance": "居心地は良さそうですね"
        }
    ]
}