{
    "dialogue-id": "1407291567", 
    "group-id": "subset_b", 
    "speaker-id": "13_02", 
    "turns": [
        {
            "annotations": [
                {
                    "annotator-id": "02_A", 
                    "breakdown": "O", 
                    "comment": "", 
                    "ungrammatical-sentence": "O"
                }, 
                {
                    "annotator-id": "03_A", 
                    "breakdown": "O", 
                    "comment": "", 
                    "ungrammatical-sentence": "O"
                }
            ], 
            "speaker": "S", 
            "time": "2014-08-06 11:15:19", 
            "turn-index": 0, 
            "utterance": "こんにちは。熱中症に気をつけて。"
        }, 
        {
            "annotations": [], 
            "speaker": "U", 
            "time": "2014-08-06 11:15:32", 
            "turn-index": 1, 
            "utterance": "こんにちは。今日は暑いですね。"
        }, 
        {
            "annotations": [
                {
                    "annotator-id": "02_A", 
                    "breakdown": "O", 
                    "comment": "", 
                    "ungrammatical-sentence": "O"
                }, 
                {
                    "annotator-id": "03_A", 
                    "breakdown": "O", 
                    "comment": "", 
                    "ungrammatical-sentence": "O"
                }
            ], 
            "speaker": "S", 
            "time": "2014-08-06 11:15:32", 
            "turn-index": 2, 
            "utterance": "熱中症に気をつけないんですか？"
        }, 
        {
            "annotations": [], 
            "speaker": "U", 
            "time": "2014-08-06 11:16:08", 
            "turn-index": 3, 
            "utterance": "そうですね。特に対策はしてないです。"
        }, 
        {
            "annotations": [
                {
                    "annotator-id": "02_A", 
                    "breakdown": "O", 
                    "comment": "", 
                    "ungrammatical-sentence": "O"
                }, 
                {
                    "annotator-id": "03_A", 
                    "breakdown": "O", 
                    "comment": "", 
                    "ungrammatical-sentence": "O"
                }
            ], 
            "speaker": "S", 
            "time": "2014-08-06 11:16:08", 
            "turn-index": 4, 
            "utterance": "一緒に考えます？？"
        }, 
        {
            "annotations": [], 
            "speaker": "U", 
            "time": "2014-08-06 11:16:38", 
            "turn-index": 5, 
            "utterance": "考えましょう。水分補給は大切ですね"
        }, 
        {
            "annotations": [
                {
                    "annotator-id": "02_A", 
                    "breakdown": "T", 
                    "comment": "「補給≠一緒」、「大切≠居心地が良い」である。", 
                    "ungrammatical-sentence": "O"
                }, 
                {
                    "annotator-id": "03_A", 
                    "breakdown": "T", 
                    "comment": "話題が急に変わった", 
                    "ungrammatical-sentence": "O"
                }
            ], 
            "speaker": "S", 
            "time": "2014-08-06 11:16:38", 
            "turn-index": 6, 
            "utterance": "一緒は居心地がいいですね"
        }, 
        {
            "annotations": [], 
            "speaker": "U", 
            "time": "2014-08-06 11:17:04", 
            "turn-index": 7, 
            "utterance": "そうですね"
        }, 
        {
            "annotations": [
                {
                    "annotator-id": "02_A", 
                    "breakdown": "O", 
                    "comment": "", 
                    "ungrammatical-sentence": "O"
                }, 
                {
                    "annotator-id": "03_A", 
                    "breakdown": "O", 
                    "comment": "", 
                    "ungrammatical-sentence": "O"
                }
            ], 
            "speaker": "S", 
            "time": "2014-08-06 11:17:04", 
            "turn-index": 8, 
            "utterance": "うむ"
        }, 
        {
            "annotations": [], 
            "speaker": "U", 
            "time": "2014-08-06 11:17:24", 
            "turn-index": 9, 
            "utterance": "こんなに暑いと外に出たくないですよね"
        }, 
        {
            "annotations": [
                {
                    "annotator-id": "02_A", 
                    "breakdown": "T", 
                    "comment": "「外に出たくない」は居心地が良いことに直結しない。", 
                    "ungrammatical-sentence": "O"
                }, 
                {
                    "annotator-id": "03_A", 
                    "breakdown": "X", 
                    "comment": "主語がないので言いたいことが不明", 
                    "ungrammatical-sentence": "O"
                }
            ], 
            "speaker": "S", 
            "time": "2014-08-06 11:17:24", 
            "turn-index": 10, 
            "utterance": "居心地が最高に良いですよねえ"
        }, 
        {
            "annotations": [], 
            "speaker": "U", 
            "time": "2014-08-06 11:18:09", 
            "turn-index": 11, 
            "utterance": "最近は物騒な話が多いですよね"
        }, 
        {
            "annotations": [
                {
                    "annotator-id": "02_A", 
                    "breakdown": "X", 
                    "comment": "完全に文脈が無視されている。", 
                    "ungrammatical-sentence": "O"
                }, 
                {
                    "annotator-id": "03_A", 
                    "breakdown": "X", 
                    "comment": "主語がないので言いたいことが不明", 
                    "ungrammatical-sentence": "O"
                }
            ], 
            "speaker": "S", 
            "time": "2014-08-06 11:18:09", 
            "turn-index": 12, 
            "utterance": "居心地がホントに良いですね"
        }, 
        {
            "annotations": [], 
            "speaker": "U", 
            "time": "2014-08-06 11:18:16", 
            "turn-index": 13, 
            "utterance": "別の話をしましょう"
        }, 
        {
            "annotations": [
                {
                    "annotator-id": "02_A", 
                    "breakdown": "O", 
                    "comment": "", 
                    "ungrammatical-sentence": "O"
                }, 
                {
                    "annotator-id": "03_A", 
                    "breakdown": "O", 
                    "comment": "", 
                    "ungrammatical-sentence": "O"
                }
            ], 
            "speaker": "S", 
            "time": "2014-08-06 11:18:16", 
            "turn-index": 14, 
            "utterance": "了解です。何人家族ですか？"
        }, 
        {
            "annotations": [], 
            "speaker": "U", 
            "time": "2014-08-06 11:18:45", 
            "turn-index": 15, 
            "utterance": "四人家族です"
        }, 
        {
            "annotations": [
                {
                    "annotator-id": "02_A", 
                    "breakdown": "O", 
                    "comment": "", 
                    "ungrammatical-sentence": "O"
                }, 
                {
                    "annotator-id": "03_A", 
                    "breakdown": "O", 
                    "comment": "", 
                    "ungrammatical-sentence": "O"
                }
            ], 
            "speaker": "S", 
            "time": "2014-08-06 11:18:45", 
            "turn-index": 16, 
            "utterance": "最近どうですか？"
        }, 
        {
            "annotations": [], 
            "speaker": "U", 
            "time": "2014-08-06 11:19:11", 
            "turn-index": 17, 
            "utterance": "弟とはほとんど毎日連絡を取っていますよ"
        }, 
        {
            "annotations": [
                {
                    "annotator-id": "02_A", 
                    "breakdown": "O", 
                    "comment": "", 
                    "ungrammatical-sentence": "O"
                }, 
                {
                    "annotator-id": "03_A", 
                    "breakdown": "O", 
                    "comment": "", 
                    "ungrammatical-sentence": "O"
                }
            ], 
            "speaker": "S", 
            "time": "2014-08-06 11:19:11", 
            "turn-index": 18, 
            "utterance": "弟は多いですか"
        }, 
        {
            "annotations": [], 
            "speaker": "U", 
            "time": "2014-08-06 11:19:22", 
            "turn-index": 19, 
            "utterance": "弟は一人です"
        }, 
        {
            "annotations": [
                {
                    "annotator-id": "02_A", 
                    "breakdown": "O", 
                    "comment": "", 
                    "ungrammatical-sentence": "O"
                }, 
                {
                    "annotator-id": "03_A", 
                    "breakdown": "O", 
                    "comment": "", 
                    "ungrammatical-sentence": "O"
                }
            ], 
            "speaker": "S", 
            "time": "2014-08-06 11:19:22", 
            "turn-index": 20, 
            "utterance": "弟は忙しいですか"
        }
    ]
}