{
    "dialogue-id": "1407303952", 
    "group-id": "subset_a", 
    "speaker-id": "02_01", 
    "turns": [
        {
            "annotations": [
                {
                    "annotator-id": "01_A", 
                    "breakdown": "O", 
                    "comment": "", 
                    "ungrammatical-sentence": "O"
                }, 
                {
                    "annotator-id": "02_B", 
                    "breakdown": "O", 
                    "comment": "", 
                    "ungrammatical-sentence": "O"
                }
            ], 
            "speaker": "S", 
            "time": "2014-08-06 14:43:48", 
            "turn-index": 0, 
            "utterance": "こんにちは！夏といえばスイカだね。"
        }, 
        {
            "annotations": [], 
            "speaker": "U", 
            "time": "2014-08-06 14:44:19", 
            "turn-index": 1, 
            "utterance": "スイカ好き？"
        }, 
        {
            "annotations": [
                {
                    "annotator-id": "01_A", 
                    "breakdown": "T", 
                    "comment": "質問に答えられていない", 
                    "ungrammatical-sentence": "O"
                }, 
                {
                    "annotator-id": "02_B", 
                    "breakdown": "T", 
                    "comment": "文脈的に不自然", 
                    "ungrammatical-sentence": "O"
                }
            ], 
            "speaker": "S", 
            "time": "2014-08-06 14:44:19", 
            "turn-index": 2, 
            "utterance": "スイカで有名ですね"
        }, 
        {
            "annotations": [], 
            "speaker": "U", 
            "time": "2014-08-06 14:44:30", 
            "turn-index": 3, 
            "utterance": "そんなに好きなの？"
        }, 
        {
            "annotations": [
                {
                    "annotator-id": "01_A", 
                    "breakdown": "O", 
                    "comment": "", 
                    "ungrammatical-sentence": "O"
                }, 
                {
                    "annotator-id": "02_B", 
                    "breakdown": "T", 
                    "comment": "システムに質問しているのに第三者について語っているみたい", 
                    "ungrammatical-sentence": "O"
                }
            ], 
            "speaker": "S", 
            "time": "2014-08-06 14:44:30", 
            "turn-index": 4, 
            "utterance": "スイカにはまるらしいんです"
        }, 
        {
            "annotations": [], 
            "speaker": "U", 
            "time": "2014-08-06 14:44:40", 
            "turn-index": 5, 
            "utterance": "ミスタースイカさんですか。"
        }, 
        {
            "annotations": [
                {
                    "annotator-id": "01_A", 
                    "breakdown": "O", 
                    "comment": "", 
                    "ungrammatical-sentence": "O"
                }, 
                {
                    "annotator-id": "02_B", 
                    "breakdown": "T", 
                    "comment": "文脈的に不自然", 
                    "ungrammatical-sentence": "O"
                }
            ], 
            "speaker": "S", 
            "time": "2014-08-06 14:44:40", 
            "turn-index": 6, 
            "utterance": "スイカはすごいらしいですよ"
        }, 
        {
            "annotations": [], 
            "speaker": "U", 
            "time": "2014-08-06 14:44:46", 
            "turn-index": 7, 
            "utterance": "ほほぅ"
        }, 
        {
            "annotations": [
                {
                    "annotator-id": "01_A", 
                    "breakdown": "O", 
                    "comment": "", 
                    "ungrammatical-sentence": "O"
                }, 
                {
                    "annotator-id": "02_B", 
                    "breakdown": "X", 
                    "comment": "文脈的に唐突すぎる", 
                    "ungrammatical-sentence": "O"
                }
            ], 
            "speaker": "S", 
            "time": "2014-08-06 14:44:46", 
            "turn-index": 8, 
            "utterance": "スイカが落ちてるようですよ"
        }, 
        {
            "annotations": [], 
            "speaker": "U", 
            "time": "2014-08-06 14:45:01", 
            "turn-index": 9, 
            "utterance": "たぶんそれは落ちてるんじゃなくて育ててるんじゃないかな"
        }, 
        {
            "annotations": [
                {
                    "annotator-id": "01_A", 
                    "breakdown": "O", 
                    "comment": "", 
                    "ungrammatical-sentence": "O"
                }, 
                {
                    "annotator-id": "02_B", 
                    "breakdown": "X", 
                    "comment": "文脈的に唐突すぎる", 
                    "ungrammatical-sentence": "O"
                }
            ], 
            "speaker": "S", 
            "time": "2014-08-06 14:45:01", 
            "turn-index": 10, 
            "utterance": "スイカは糖分が多いそうですよ"
        }, 
        {
            "annotations": [], 
            "speaker": "U", 
            "time": "2014-08-06 14:45:12", 
            "turn-index": 11, 
            "utterance": "甘いですね"
        }, 
        {
            "annotations": [
                {
                    "annotator-id": "01_A", 
                    "breakdown": "O", 
                    "comment": "", 
                    "ungrammatical-sentence": "O"
                }, 
                {
                    "annotator-id": "02_B", 
                    "breakdown": "O", 
                    "comment": "", 
                    "ungrammatical-sentence": "O"
                }
            ], 
            "speaker": "S", 
            "time": "2014-08-06 14:45:12", 
            "turn-index": 12, 
            "utterance": "やめられませんね。"
        }, 
        {
            "annotations": [], 
            "speaker": "U", 
            "time": "2014-08-06 14:45:22", 
            "turn-index": 13, 
            "utterance": "食べ過ぎるとおなか壊しますよ"
        }, 
        {
            "annotations": [
                {
                    "annotator-id": "01_A", 
                    "breakdown": "O", 
                    "comment": "", 
                    "ungrammatical-sentence": "O"
                }, 
                {
                    "annotator-id": "02_B", 
                    "breakdown": "T", 
                    "comment": "文脈的に不自然", 
                    "ungrammatical-sentence": "O"
                }
            ], 
            "speaker": "S", 
            "time": "2014-08-06 14:45:22", 
            "turn-index": 14, 
            "utterance": "スイカにはまりますよねー"
        }, 
        {
            "annotations": [], 
            "speaker": "U", 
            "time": "2014-08-06 14:45:35", 
            "turn-index": 15, 
            "utterance": "僕はネクタリン派ですねー"
        }, 
        {
            "annotations": [
                {
                    "annotator-id": "01_A", 
                    "breakdown": "O", 
                    "comment": "", 
                    "ungrammatical-sentence": "O"
                }, 
                {
                    "annotator-id": "02_B", 
                    "breakdown": "O", 
                    "comment": "", 
                    "ungrammatical-sentence": "O"
                }
            ], 
            "speaker": "S", 
            "time": "2014-08-06 14:45:35", 
            "turn-index": 16, 
            "utterance": "いいですね"
        }, 
        {
            "annotations": [], 
            "speaker": "U", 
            "time": "2014-08-06 14:45:40", 
            "turn-index": 17, 
            "utterance": "でしょ"
        }, 
        {
            "annotations": [
                {
                    "annotator-id": "01_A", 
                    "breakdown": "O", 
                    "comment": "", 
                    "ungrammatical-sentence": "O"
                }, 
                {
                    "annotator-id": "02_B", 
                    "breakdown": "O", 
                    "comment": "", 
                    "ungrammatical-sentence": "O"
                }
            ], 
            "speaker": "S", 
            "time": "2014-08-06 14:45:40", 
            "turn-index": 18, 
            "utterance": "うむ"
        }, 
        {
            "annotations": [], 
            "speaker": "U", 
            "time": "2014-08-06 14:45:50", 
            "turn-index": 19, 
            "utterance": "歯ごたえが好きです"
        }, 
        {
            "annotations": [
                {
                    "annotator-id": "01_A", 
                    "breakdown": "O", 
                    "comment": "", 
                    "ungrammatical-sentence": "O"
                }, 
                {
                    "annotator-id": "02_B", 
                    "breakdown": "O", 
                    "comment": "", 
                    "ungrammatical-sentence": "O"
                }
            ], 
            "speaker": "S", 
            "time": "2014-08-06 14:45:50", 
            "turn-index": 20, 
            "utterance": "歯ごたえが抜群にいいですね"
        }
    ]
}