{
    "dialogue-id": "1407995776", 
    "group-id": "subset_f", 
    "speaker-id": "05_06", 
    "turns": [
        {
            "annotations": [
                {
                    "annotator-id": "09_A", 
                    "breakdown": "O", 
                    "comment": "", 
                    "ungrammatical-sentence": "O"
                }, 
                {
                    "annotator-id": "10_B", 
                    "breakdown": "O", 
                    "comment": "", 
                    "ungrammatical-sentence": "O"
                }
            ], 
            "speaker": "S", 
            "time": "2014-08-14 14:50:34", 
            "turn-index": 0, 
            "utterance": "こんにちは。海へ行きたいね。"
        }, 
        {
            "annotations": [], 
            "speaker": "U", 
            "time": "2014-08-14 14:51:29", 
            "turn-index": 1, 
            "utterance": "こんにちわ。海行きたいです"
        }, 
        {
            "annotations": [
                {
                    "annotator-id": "09_A", 
                    "breakdown": "O", 
                    "comment": "", 
                    "ungrammatical-sentence": "O"
                }, 
                {
                    "annotator-id": "10_B", 
                    "breakdown": "O", 
                    "comment": "", 
                    "ungrammatical-sentence": "O"
                }
            ], 
            "speaker": "S", 
            "time": "2014-08-14 14:51:29", 
            "turn-index": 2, 
            "utterance": "朝から海に行きますか？？"
        }, 
        {
            "annotations": [], 
            "speaker": "U", 
            "time": "2014-08-14 14:51:47", 
            "turn-index": 3, 
            "utterance": "そうね、朝から行くといいね"
        }, 
        {
            "annotations": [
                {
                    "annotator-id": "09_A", 
                    "breakdown": "O", 
                    "comment": "", 
                    "ungrammatical-sentence": "O"
                }, 
                {
                    "annotator-id": "10_B", 
                    "breakdown": "O", 
                    "comment": "", 
                    "ungrammatical-sentence": "O"
                }
            ], 
            "speaker": "S", 
            "time": "2014-08-14 14:51:47", 
            "turn-index": 4, 
            "utterance": "海は楽しいですね"
        }, 
        {
            "annotations": [], 
            "speaker": "U", 
            "time": "2014-08-14 14:52:08", 
            "turn-index": 5, 
            "utterance": "友人と行くと楽しいだろうね"
        }, 
        {
            "annotations": [
                {
                    "annotator-id": "09_A", 
                    "breakdown": "T", 
                    "comment": "それは場所や天候による", 
                    "ungrammatical-sentence": "O"
                }, 
                {
                    "annotator-id": "10_B", 
                    "breakdown": "O", 
                    "comment": "", 
                    "ungrammatical-sentence": "O"
                }
            ], 
            "speaker": "S", 
            "time": "2014-08-14 14:52:08", 
            "turn-index": 6, 
            "utterance": "海は穏やかですね"
        }, 
        {
            "annotations": [], 
            "speaker": "U", 
            "time": "2014-08-14 14:54:09", 
            "turn-index": 7, 
            "utterance": "最近は台風がきてたから荒れてたはずだよー"
        }, 
        {
            "annotations": [
                {
                    "annotator-id": "09_A", 
                    "breakdown": "X", 
                    "comment": "どう大丈夫？", 
                    "ungrammatical-sentence": "O"
                }, 
                {
                    "annotator-id": "10_B", 
                    "breakdown": "T", 
                    "comment": "", 
                    "ungrammatical-sentence": "O"
                }
            ], 
            "speaker": "S", 
            "time": "2014-08-14 14:54:09", 
            "turn-index": 8, 
            "utterance": "台風は大丈夫ですね"
        }, 
        {
            "annotations": [], 
            "speaker": "U", 
            "time": "2014-08-14 14:54:16", 
            "turn-index": 9, 
            "utterance": "大丈夫じゃないです"
        }, 
        {
            "annotations": [
                {
                    "annotator-id": "09_A", 
                    "breakdown": "X", 
                    "comment": "大丈夫じゃないと言っている", 
                    "ungrammatical-sentence": "O"
                }, 
                {
                    "annotator-id": "10_B", 
                    "breakdown": "O", 
                    "comment": "", 
                    "ungrammatical-sentence": "O"
                }
            ], 
            "speaker": "S", 
            "time": "2014-08-14 14:54:16", 
            "turn-index": 10, 
            "utterance": "台風は大丈夫です"
        }, 
        {
            "annotations": [], 
            "speaker": "U", 
            "time": "2014-08-14 14:54:33", 
            "turn-index": 11, 
            "utterance": "いいや、絶対に大丈夫じゃないです"
        }, 
        {
            "annotations": [
                {
                    "annotator-id": "09_A", 
                    "breakdown": "T", 
                    "comment": "言わなくもないがちょっと変", 
                    "ungrammatical-sentence": "O"
                }, 
                {
                    "annotator-id": "10_B", 
                    "breakdown": "T", 
                    "comment": "", 
                    "ungrammatical-sentence": "O"
                }
            ], 
            "speaker": "S", 
            "time": "2014-08-14 14:54:33", 
            "turn-index": 12, 
            "utterance": "台風は元気です"
        }, 
        {
            "annotations": [], 
            "speaker": "U", 
            "time": "2014-08-14 14:55:14", 
            "turn-index": 13, 
            "utterance": "台風が元気なせいでびしょ濡れになりました"
        }, 
        {
            "annotations": [
                {
                    "annotator-id": "09_A", 
                    "breakdown": "T", 
                    "comment": "正しいが前に元気と言ったのとほぼ一緒", 
                    "ungrammatical-sentence": "O"
                }, 
                {
                    "annotator-id": "10_B", 
                    "breakdown": "O", 
                    "comment": "", 
                    "ungrammatical-sentence": "O"
                }
            ], 
            "speaker": "S", 
            "time": "2014-08-14 14:55:14", 
            "turn-index": 14, 
            "utterance": "台風は勢力が強いですね"
        }, 
        {
            "annotations": [], 
            "speaker": "U", 
            "time": "2014-08-14 14:55:24", 
            "turn-index": 15, 
            "utterance": "そうですね、大変でした"
        }, 
        {
            "annotations": [
                {
                    "annotator-id": "09_A", 
                    "breakdown": "T", 
                    "comment": "今は強いはず。いつの話をしている？", 
                    "ungrammatical-sentence": "O"
                }, 
                {
                    "annotator-id": "10_B", 
                    "breakdown": "T", 
                    "comment": "", 
                    "ungrammatical-sentence": "O"
                }
            ], 
            "speaker": "S", 
            "time": "2014-08-14 14:55:24", 
            "turn-index": 16, 
            "utterance": "勢力が弱まりますか"
        }, 
        {
            "annotations": [], 
            "speaker": "U", 
            "time": "2014-08-14 14:55:39", 
            "turn-index": 17, 
            "utterance": "東のほうに抜けてからですけどね"
        }, 
        {
            "annotations": [
                {
                    "annotator-id": "09_A", 
                    "breakdown": "X", 
                    "comment": "方位なのか人名なのかわからない。かっこいいが今出てくるところではない", 
                    "ungrammatical-sentence": "O"
                }, 
                {
                    "annotator-id": "10_B", 
                    "breakdown": "T", 
                    "comment": "", 
                    "ungrammatical-sentence": "O"
                }
            ], 
            "speaker": "S", 
            "time": "2014-08-14 14:55:39", 
            "turn-index": 18, 
            "utterance": "東はかっこいいですね"
        }, 
        {
            "annotations": [], 
            "speaker": "U", 
            "time": "2014-08-14 14:55:55", 
            "turn-index": 19, 
            "utterance": "西はかっこよくないんですか？"
        }, 
        {
            "annotations": [
                {
                    "annotator-id": "09_A", 
                    "breakdown": "X", 
                    "comment": "質問の答えになっていない。何が西から東へ？", 
                    "ungrammatical-sentence": "O"
                }, 
                {
                    "annotator-id": "10_B", 
                    "breakdown": "T", 
                    "comment": "", 
                    "ungrammatical-sentence": "O"
                }
            ], 
            "speaker": "S", 
            "time": "2014-08-14 14:55:55", 
            "turn-index": 20, 
            "utterance": "西から東に移るんですよ"
        }
    ]
}