{
    "dialogue-id": "1407474576", 
    "group-id": "subset_g", 
    "speaker-id": "13_01", 
    "turns": [
        {
            "annotations": [
                {
                    "annotator-id": "09_B", 
                    "breakdown": "O", 
                    "comment": "", 
                    "ungrammatical-sentence": "O"
                }, 
                {
                    "annotator-id": "12_A", 
                    "breakdown": "O", 
                    "comment": "", 
                    "ungrammatical-sentence": "O"
                }
            ], 
            "speaker": "S", 
            "time": "2014-08-08 14:05:35", 
            "turn-index": 0, 
            "utterance": "こんにちは。声かけてくれるのを待ってたんだ。"
        }, 
        {
            "annotations": [], 
            "speaker": "U", 
            "time": "2014-08-08 14:05:52", 
            "turn-index": 1, 
            "utterance": "こんにちは"
        }, 
        {
            "annotations": [
                {
                    "annotator-id": "09_B", 
                    "breakdown": "T", 
                    "comment": "", 
                    "ungrammatical-sentence": "O"
                }, 
                {
                    "annotator-id": "12_A", 
                    "breakdown": "O", 
                    "comment": "", 
                    "ungrammatical-sentence": "O"
                }
            ], 
            "speaker": "S", 
            "time": "2014-08-08 14:05:52", 
            "turn-index": 2, 
            "utterance": "こんにちはなでなで"
        }, 
        {
            "annotations": [], 
            "speaker": "U", 
            "time": "2014-08-08 14:06:29", 
            "turn-index": 3, 
            "utterance": "何をなでなでするんですか？"
        }, 
        {
            "annotations": [
                {
                    "annotator-id": "09_B", 
                    "breakdown": "X", 
                    "comment": "", 
                    "ungrammatical-sentence": "O"
                }, 
                {
                    "annotator-id": "12_A", 
                    "breakdown": "T", 
                    "comment": "", 
                    "ungrammatical-sentence": "O"
                }
            ], 
            "speaker": "S", 
            "time": "2014-08-08 14:06:29", 
            "turn-index": 4, 
            "utterance": "結婚したいですか？"
        }, 
        {
            "annotations": [], 
            "speaker": "U", 
            "time": "2014-08-08 14:06:37", 
            "turn-index": 5, 
            "utterance": "したいです"
        }, 
        {
            "annotations": [
                {
                    "annotator-id": "09_B", 
                    "breakdown": "T", 
                    "comment": "", 
                    "ungrammatical-sentence": "O"
                }, 
                {
                    "annotator-id": "12_A", 
                    "breakdown": "O", 
                    "comment": "", 
                    "ungrammatical-sentence": "O"
                }
            ], 
            "speaker": "S", 
            "time": "2014-08-08 14:06:37", 
            "turn-index": 6, 
            "utterance": "しようか"
        }, 
        {
            "annotations": [], 
            "speaker": "U", 
            "time": "2014-08-08 14:06:58", 
            "turn-index": 7, 
            "utterance": "しましょう！"
        }, 
        {
            "annotations": [
                {
                    "annotator-id": "09_B", 
                    "breakdown": "O", 
                    "comment": "", 
                    "ungrammatical-sentence": "O"
                }, 
                {
                    "annotator-id": "12_A", 
                    "breakdown": "O", 
                    "comment": "", 
                    "ungrammatical-sentence": "O"
                }
            ], 
            "speaker": "S", 
            "time": "2014-08-08 14:06:58", 
            "turn-index": 8, 
            "utterance": "はい"
        }, 
        {
            "annotations": [], 
            "speaker": "U", 
            "time": "2014-08-08 14:07:13", 
            "turn-index": 9, 
            "utterance": "素晴らしいですね"
        }, 
        {
            "annotations": [
                {
                    "annotator-id": "09_B", 
                    "breakdown": "O", 
                    "comment": "", 
                    "ungrammatical-sentence": "O"
                }, 
                {
                    "annotator-id": "12_A", 
                    "breakdown": "O", 
                    "comment": "", 
                    "ungrammatical-sentence": "O"
                }
            ], 
            "speaker": "S", 
            "time": "2014-08-08 14:07:13", 
            "turn-index": 10, 
            "utterance": "ありがとー"
        }, 
        {
            "annotations": [], 
            "speaker": "U", 
            "time": "2014-08-08 14:07:25", 
            "turn-index": 11, 
            "utterance": "結婚したら何をしましょうか？"
        }, 
        {
            "annotations": [
                {
                    "annotator-id": "09_B", 
                    "breakdown": "T", 
                    "comment": "", 
                    "ungrammatical-sentence": "O"
                }, 
                {
                    "annotator-id": "12_A", 
                    "breakdown": "O", 
                    "comment": "", 
                    "ungrammatical-sentence": "O"
                }
            ], 
            "speaker": "S", 
            "time": "2014-08-08 14:07:25", 
            "turn-index": 12, 
            "utterance": "結婚は大切よねえ"
        }, 
        {
            "annotations": [], 
            "speaker": "U", 
            "time": "2014-08-08 14:07:37", 
            "turn-index": 13, 
            "utterance": "大切ですね"
        }, 
        {
            "annotations": [
                {
                    "annotator-id": "09_B", 
                    "breakdown": "T", 
                    "comment": "", 
                    "ungrammatical-sentence": "O"
                }, 
                {
                    "annotator-id": "12_A", 
                    "breakdown": "T", 
                    "comment": "", 
                    "ungrammatical-sentence": "O"
                }
            ], 
            "speaker": "S", 
            "time": "2014-08-08 14:07:37", 
            "turn-index": 14, 
            "utterance": "結婚は大きいですね"
        }, 
        {
            "annotations": [], 
            "speaker": "U", 
            "time": "2014-08-08 14:08:09", 
            "turn-index": 15, 
            "utterance": "何が大きいですか？"
        }, 
        {
            "annotations": [
                {
                    "annotator-id": "09_B", 
                    "breakdown": "X", 
                    "comment": "", 
                    "ungrammatical-sentence": "O"
                }, 
                {
                    "annotator-id": "12_A", 
                    "breakdown": "X", 
                    "comment": "", 
                    "ungrammatical-sentence": "O"
                }
            ], 
            "speaker": "S", 
            "time": "2014-08-08 14:08:09", 
            "turn-index": 16, 
            "utterance": "結婚は遅いですね"
        }, 
        {
            "annotations": [], 
            "speaker": "U", 
            "time": "2014-08-08 14:08:37", 
            "turn-index": 17, 
            "utterance": "私の結婚は遅いですね"
        }, 
        {
            "annotations": [
                {
                    "annotator-id": "09_B", 
                    "breakdown": "T", 
                    "comment": "", 
                    "ungrammatical-sentence": "O"
                }, 
                {
                    "annotator-id": "12_A", 
                    "breakdown": "X", 
                    "comment": "", 
                    "ungrammatical-sentence": "O"
                }
            ], 
            "speaker": "S", 
            "time": "2014-08-08 14:08:37", 
            "turn-index": 18, 
            "utterance": "結婚は強いですね"
        }, 
        {
            "annotations": [], 
            "speaker": "U", 
            "time": "2014-08-08 14:08:57", 
            "turn-index": 19, 
            "utterance": "最強ですね！"
        }, 
        {
            "annotations": [
                {
                    "annotator-id": "09_B", 
                    "breakdown": "T", 
                    "comment": "", 
                    "ungrammatical-sentence": "O"
                }, 
                {
                    "annotator-id": "12_A", 
                    "breakdown": "X", 
                    "comment": "", 
                    "ungrammatical-sentence": "O"
                }
            ], 
            "speaker": "S", 
            "time": "2014-08-08 14:08:57", 
            "turn-index": 20, 
            "utterance": "結婚は重いですね"
        }
    ]
}