{
    "dialogue-id": "1407302807", 
    "group-id": "subset_a", 
    "speaker-id": "02_01", 
    "turns": [
        {
            "annotations": [
                {
                    "annotator-id": "01_A", 
                    "breakdown": "O", 
                    "comment": "", 
                    "ungrammatical-sentence": "O"
                }, 
                {
                    "annotator-id": "02_B", 
                    "breakdown": "O", 
                    "comment": "", 
                    "ungrammatical-sentence": "O"
                }
            ], 
            "speaker": "S", 
            "time": "2014-08-06 14:24:44", 
            "turn-index": 0, 
            "utterance": "こんにちは。声かけてくれるのを待ってたんだ。"
        }, 
        {
            "annotations": [], 
            "speaker": "U", 
            "time": "2014-08-06 14:24:52", 
            "turn-index": 1, 
            "utterance": "退屈してた？"
        }, 
        {
            "annotations": [
                {
                    "annotator-id": "01_A", 
                    "breakdown": "O", 
                    "comment": "", 
                    "ungrammatical-sentence": "O"
                }, 
                {
                    "annotator-id": "02_B", 
                    "breakdown": "O", 
                    "comment": "", 
                    "ungrammatical-sentence": "O"
                }
            ], 
            "speaker": "S", 
            "time": "2014-08-06 14:24:52", 
            "turn-index": 2, 
            "utterance": "退屈で疲れますよねー"
        }, 
        {
            "annotations": [], 
            "speaker": "U", 
            "time": "2014-08-06 14:24:59", 
            "turn-index": 3, 
            "utterance": "ねー"
        }, 
        {
            "annotations": [
                {
                    "annotator-id": "01_A", 
                    "breakdown": "O", 
                    "comment": "", 
                    "ungrammatical-sentence": "O"
                }, 
                {
                    "annotator-id": "02_B", 
                    "breakdown": "T", 
                    "comment": "", 
                    "ungrammatical-sentence": "O"
                }
            ], 
            "speaker": "S", 
            "time": "2014-08-06 14:24:59", 
            "turn-index": 4, 
            "utterance": "どした"
        }, 
        {
            "annotations": [], 
            "speaker": "U", 
            "time": "2014-08-06 14:25:07", 
            "turn-index": 5, 
            "utterance": "いや、疲れてるんだ"
        }, 
        {
            "annotations": [
                {
                    "annotator-id": "01_A", 
                    "breakdown": "O", 
                    "comment": "", 
                    "ungrammatical-sentence": "O"
                }, 
                {
                    "annotator-id": "02_B", 
                    "breakdown": "O", 
                    "comment": "", 
                    "ungrammatical-sentence": "O"
                }
            ], 
            "speaker": "S", 
            "time": "2014-08-06 14:25:07", 
            "turn-index": 6, 
            "utterance": "なでなで"
        }, 
        {
            "annotations": [], 
            "speaker": "U", 
            "time": "2014-08-06 14:25:11", 
            "turn-index": 7, 
            "utterance": "ありがとう"
        }, 
        {
            "annotations": [
                {
                    "annotator-id": "01_A", 
                    "breakdown": "T", 
                    "comment": "前の発話に関係がない", 
                    "ungrammatical-sentence": "O"
                }, 
                {
                    "annotator-id": "02_B", 
                    "breakdown": "T", 
                    "comment": "", 
                    "ungrammatical-sentence": "O"
                }
            ], 
            "speaker": "S", 
            "time": "2014-08-06 14:25:11", 
            "turn-index": 8, 
            "utterance": "おめでとーう"
        }, 
        {
            "annotations": [], 
            "speaker": "U", 
            "time": "2014-08-06 14:25:22", 
            "turn-index": 9, 
            "utterance": "めでたくはないかな。"
        }, 
        {
            "annotations": [
                {
                    "annotator-id": "01_A", 
                    "breakdown": "O", 
                    "comment": "", 
                    "ungrammatical-sentence": "O"
                }, 
                {
                    "annotator-id": "02_B", 
                    "breakdown": "O", 
                    "comment": "", 
                    "ungrammatical-sentence": "O"
                }
            ], 
            "speaker": "S", 
            "time": "2014-08-06 14:25:22", 
            "turn-index": 10, 
            "utterance": "それはつらいですね"
        }, 
        {
            "annotations": [], 
            "speaker": "U", 
            "time": "2014-08-06 14:25:36", 
            "turn-index": 11, 
            "utterance": "つらいというほどじゃないけど。"
        }, 
        {
            "annotations": [
                {
                    "annotator-id": "01_A", 
                    "breakdown": "O", 
                    "comment": "", 
                    "ungrammatical-sentence": "O"
                }, 
                {
                    "annotator-id": "02_B", 
                    "breakdown": "T", 
                    "comment": "", 
                    "ungrammatical-sentence": "O"
                }
            ], 
            "speaker": "S", 
            "time": "2014-08-06 14:25:36", 
            "turn-index": 12, 
            "utterance": "残念です！"
        }, 
        {
            "annotations": [], 
            "speaker": "U", 
            "time": "2014-08-06 14:25:45", 
            "turn-index": 13, 
            "utterance": "残念なのかよ"
        }, 
        {
            "annotations": [
                {
                    "annotator-id": "01_A", 
                    "breakdown": "O", 
                    "comment": "", 
                    "ungrammatical-sentence": "O"
                }, 
                {
                    "annotator-id": "02_B", 
                    "breakdown": "O", 
                    "comment": "", 
                    "ungrammatical-sentence": "O"
                }
            ], 
            "speaker": "S", 
            "time": "2014-08-06 14:25:45", 
            "turn-index": 14, 
            "utterance": "大変でしたね"
        }, 
        {
            "annotations": [], 
            "speaker": "U", 
            "time": "2014-08-06 14:25:52", 
            "turn-index": 15, 
            "utterance": "まあね"
        }, 
        {
            "annotations": [
                {
                    "annotator-id": "01_A", 
                    "breakdown": "O", 
                    "comment": "", 
                    "ungrammatical-sentence": "O"
                }, 
                {
                    "annotator-id": "02_B", 
                    "breakdown": "O", 
                    "comment": "", 
                    "ungrammatical-sentence": "O"
                }
            ], 
            "speaker": "S", 
            "time": "2014-08-06 14:25:52", 
            "turn-index": 16, 
            "utterance": "でしょ"
        }, 
        {
            "annotations": [], 
            "speaker": "U", 
            "time": "2014-08-06 14:26:02", 
            "turn-index": 17, 
            "utterance": "だよ"
        }, 
        {
            "annotations": [
                {
                    "annotator-id": "01_A", 
                    "breakdown": "O", 
                    "comment": "", 
                    "ungrammatical-sentence": "O"
                }, 
                {
                    "annotator-id": "02_B", 
                    "breakdown": "O", 
                    "comment": "", 
                    "ungrammatical-sentence": "O"
                }
            ], 
            "speaker": "S", 
            "time": "2014-08-06 14:26:02", 
            "turn-index": 18, 
            "utterance": "だよ"
        }, 
        {
            "annotations": [], 
            "speaker": "U", 
            "time": "2014-08-06 14:26:46", 
            "turn-index": 19, 
            "utterance": "うん"
        }, 
        {
            "annotations": [
                {
                    "annotator-id": "01_A", 
                    "breakdown": "O", 
                    "comment": "", 
                    "ungrammatical-sentence": "O"
                }, 
                {
                    "annotator-id": "02_B", 
                    "breakdown": "O", 
                    "comment": "", 
                    "ungrammatical-sentence": "O"
                }
            ], 
            "speaker": "S", 
            "time": "2014-08-06 14:26:46", 
            "turn-index": 20, 
            "utterance": "だよなー"
        }
    ]
}