{
    "dialogue-id": "1407726950", 
    "group-id": "subset_g", 
    "speaker-id": "10_01", 
    "turns": [
        {
            "annotations": [
                {
                    "annotator-id": "09_B", 
                    "breakdown": "O", 
                    "comment": "", 
                    "ungrammatical-sentence": "O"
                }, 
                {
                    "annotator-id": "12_A", 
                    "breakdown": "O", 
                    "comment": "", 
                    "ungrammatical-sentence": "O"
                }
            ], 
            "speaker": "S", 
            "time": "2014-08-11 12:13:07", 
            "turn-index": 0, 
            "utterance": "こんにちは。熱中症に気をつけて。"
        }, 
        {
            "annotations": [], 
            "speaker": "U", 
            "time": "2014-08-11 12:13:23", 
            "turn-index": 1, 
            "utterance": "エアコンが必要な季節ですね．"
        }, 
        {
            "annotations": [
                {
                    "annotator-id": "09_B", 
                    "breakdown": "T", 
                    "comment": "", 
                    "ungrammatical-sentence": "O"
                }, 
                {
                    "annotator-id": "12_A", 
                    "breakdown": "O", 
                    "comment": "", 
                    "ungrammatical-sentence": "O"
                }
            ], 
            "speaker": "S", 
            "time": "2014-08-11 12:13:23", 
            "turn-index": 2, 
            "utterance": "エアコンは大丈夫ですね"
        }, 
        {
            "annotations": [], 
            "speaker": "U", 
            "time": "2014-08-11 12:13:40", 
            "turn-index": 3, 
            "utterance": "あなたは夏と冬どっちが好きですか？"
        }, 
        {
            "annotations": [
                {
                    "annotator-id": "09_B", 
                    "breakdown": "X", 
                    "comment": "", 
                    "ungrammatical-sentence": "O"
                }, 
                {
                    "annotator-id": "12_A", 
                    "breakdown": "T", 
                    "comment": "", 
                    "ungrammatical-sentence": "O"
                }
            ], 
            "speaker": "S", 
            "time": "2014-08-11 12:13:40", 
            "turn-index": 4, 
            "utterance": "エアコンで快適ですね"
        }, 
        {
            "annotations": [], 
            "speaker": "U", 
            "time": "2014-08-11 12:13:52", 
            "turn-index": 5, 
            "utterance": "夏と冬どっちがすきですか？"
        }, 
        {
            "annotations": [
                {
                    "annotator-id": "09_B", 
                    "breakdown": "X", 
                    "comment": "", 
                    "ungrammatical-sentence": "O"
                }, 
                {
                    "annotator-id": "12_A", 
                    "breakdown": "X", 
                    "comment": "", 
                    "ungrammatical-sentence": "O"
                }
            ], 
            "speaker": "S", 
            "time": "2014-08-11 12:13:52", 
            "turn-index": 6, 
            "utterance": "エアコンは便利ですね"
        }, 
        {
            "annotations": [], 
            "speaker": "U", 
            "time": "2014-08-11 12:14:07", 
            "turn-index": 7, 
            "utterance": "もういいです．そうですね．"
        }, 
        {
            "annotations": [
                {
                    "annotator-id": "09_B", 
                    "breakdown": "X", 
                    "comment": "", 
                    "ungrammatical-sentence": "O"
                }, 
                {
                    "annotator-id": "12_A", 
                    "breakdown": "O", 
                    "comment": "", 
                    "ungrammatical-sentence": "O"
                }
            ], 
            "speaker": "S", 
            "time": "2014-08-11 12:14:07", 
            "turn-index": 8, 
            "utterance": "エアコンは効率が悪いですね"
        }, 
        {
            "annotations": [], 
            "speaker": "U", 
            "time": "2014-08-11 12:14:28", 
            "turn-index": 9, 
            "utterance": "かき氷が食べたいですね．"
        }, 
        {
            "annotations": [
                {
                    "annotator-id": "09_B", 
                    "breakdown": "O", 
                    "comment": "", 
                    "ungrammatical-sentence": "O"
                }, 
                {
                    "annotator-id": "12_A", 
                    "breakdown": "O", 
                    "comment": "", 
                    "ungrammatical-sentence": "O"
                }
            ], 
            "speaker": "S", 
            "time": "2014-08-11 12:14:28", 
            "turn-index": 10, 
            "utterance": "かき氷はきめ細かいのが好みなんですがねぇ"
        }, 
        {
            "annotations": [], 
            "speaker": "U", 
            "time": "2014-08-11 12:14:42", 
            "turn-index": 11, 
            "utterance": "そうなんですね．僕はどっちでもいいです．"
        }, 
        {
            "annotations": [
                {
                    "annotator-id": "09_B", 
                    "breakdown": "T", 
                    "comment": "", 
                    "ungrammatical-sentence": "O"
                }, 
                {
                    "annotator-id": "12_A", 
                    "breakdown": "O", 
                    "comment": "", 
                    "ungrammatical-sentence": "O"
                }
            ], 
            "speaker": "S", 
            "time": "2014-08-11 12:14:42", 
            "turn-index": 12, 
            "utterance": "きめ細かいのが好みです"
        }, 
        {
            "annotations": [], 
            "speaker": "U", 
            "time": "2014-08-11 12:14:58", 
            "turn-index": 13, 
            "utterance": "分かりました．何味が好きですか？"
        }, 
        {
            "annotations": [
                {
                    "annotator-id": "09_B", 
                    "breakdown": "T", 
                    "comment": "", 
                    "ungrammatical-sentence": "O"
                }, 
                {
                    "annotator-id": "12_A", 
                    "breakdown": "O", 
                    "comment": "", 
                    "ungrammatical-sentence": "O"
                }
            ], 
            "speaker": "S", 
            "time": "2014-08-11 12:14:58", 
            "turn-index": 14, 
            "utterance": "かき氷は味が好きですね"
        }, 
        {
            "annotations": [], 
            "speaker": "U", 
            "time": "2014-08-11 12:15:12", 
            "turn-index": 15, 
            "utterance": "僕はいちごが好きです．"
        }, 
        {
            "annotations": [
                {
                    "annotator-id": "09_B", 
                    "breakdown": "X", 
                    "comment": "", 
                    "ungrammatical-sentence": "O"
                }, 
                {
                    "annotator-id": "12_A", 
                    "breakdown": "O", 
                    "comment": "", 
                    "ungrammatical-sentence": "O"
                }
            ], 
            "speaker": "S", 
            "time": "2014-08-11 12:15:12", 
            "turn-index": 16, 
            "utterance": "味が濃いですね"
        }, 
        {
            "annotations": [], 
            "speaker": "U", 
            "time": "2014-08-11 12:15:34", 
            "turn-index": 17, 
            "utterance": "練乳はかけますか？"
        }, 
        {
            "annotations": [
                {
                    "annotator-id": "09_B", 
                    "breakdown": "X", 
                    "comment": "", 
                    "ungrammatical-sentence": "O"
                }, 
                {
                    "annotator-id": "12_A", 
                    "breakdown": "O", 
                    "comment": "", 
                    "ungrammatical-sentence": "O"
                }
            ], 
            "speaker": "S", 
            "time": "2014-08-11 12:15:34", 
            "turn-index": 18, 
            "utterance": "砂糖に加えます"
        }, 
        {
            "annotations": [], 
            "speaker": "U", 
            "time": "2014-08-11 12:15:47", 
            "turn-index": 19, 
            "utterance": "砂糖も入れるってこと？"
        }, 
        {
            "annotations": [
                {
                    "annotator-id": "09_B", 
                    "breakdown": "T", 
                    "comment": "", 
                    "ungrammatical-sentence": "O"
                }, 
                {
                    "annotator-id": "12_A", 
                    "breakdown": "O", 
                    "comment": "", 
                    "ungrammatical-sentence": "O"
                }
            ], 
            "speaker": "S", 
            "time": "2014-08-11 12:15:47", 
            "turn-index": 20, 
            "utterance": "練乳を加えます"
        }
    ]
}