{
    "dialogue-id": "1407399178", 
    "group-id": "subset_b", 
    "speaker-id": "04_01", 
    "turns": [
        {
            "annotations": [
                {
                    "annotator-id": "02_A", 
                    "breakdown": "O", 
                    "comment": "", 
                    "ungrammatical-sentence": "O"
                }, 
                {
                    "annotator-id": "03_A", 
                    "breakdown": "O", 
                    "comment": "", 
                    "ungrammatical-sentence": "O"
                }
            ], 
            "speaker": "S", 
            "time": "2014-08-07 17:10:13", 
            "turn-index": 0, 
            "utterance": "こんばんは！気軽に声かけてね。"
        }, 
        {
            "annotations": [], 
            "speaker": "U", 
            "time": "2014-08-07 17:10:31", 
            "turn-index": 1, 
            "utterance": "暑いのは平気ですか"
        }, 
        {
            "annotations": [
                {
                    "annotator-id": "02_A", 
                    "breakdown": "X", 
                    "comment": "", 
                    "ungrammatical-sentence": "O"
                }, 
                {
                    "annotator-id": "03_A", 
                    "breakdown": "X", 
                    "comment": "", 
                    "ungrammatical-sentence": "O"
                }
            ], 
            "speaker": "S", 
            "time": "2014-08-07 17:10:31", 
            "turn-index": 2, 
            "utterance": "宇宙人はいると思いますか？"
        }, 
        {
            "annotations": [], 
            "speaker": "U", 
            "time": "2014-08-07 17:10:40", 
            "turn-index": 3, 
            "utterance": "いると思います"
        }, 
        {
            "annotations": [
                {
                    "annotator-id": "02_A", 
                    "breakdown": "X", 
                    "comment": "", 
                    "ungrammatical-sentence": "O"
                }, 
                {
                    "annotator-id": "03_A", 
                    "breakdown": "T", 
                    "comment": "", 
                    "ungrammatical-sentence": "O"
                }
            ], 
            "speaker": "S", 
            "time": "2014-08-07 17:10:40", 
            "turn-index": 4, 
            "utterance": "読書だそうですが、最近は本を読んでおられますか？"
        }, 
        {
            "annotations": [], 
            "speaker": "U", 
            "time": "2014-08-07 17:10:51", 
            "turn-index": 5, 
            "utterance": "読んでいます"
        }, 
        {
            "annotations": [
                {
                    "annotator-id": "02_A", 
                    "breakdown": "T", 
                    "comment": "", 
                    "ungrammatical-sentence": "O"
                }, 
                {
                    "annotator-id": "03_A", 
                    "breakdown": "T", 
                    "comment": "", 
                    "ungrammatical-sentence": "O"
                }
            ], 
            "speaker": "S", 
            "time": "2014-08-07 17:10:51", 
            "turn-index": 6, 
            "utterance": "奥が深いですね"
        }, 
        {
            "annotations": [], 
            "speaker": "U", 
            "time": "2014-08-07 17:10:56", 
            "turn-index": 7, 
            "utterance": "そうなんですか"
        }, 
        {
            "annotations": [
                {
                    "annotator-id": "02_A", 
                    "breakdown": "O", 
                    "comment": "", 
                    "ungrammatical-sentence": "O"
                }, 
                {
                    "annotator-id": "03_A", 
                    "breakdown": "O", 
                    "comment": "", 
                    "ungrammatical-sentence": "O"
                }
            ], 
            "speaker": "S", 
            "time": "2014-08-07 17:10:56", 
            "turn-index": 8, 
            "utterance": "そーなんです"
        }, 
        {
            "annotations": [], 
            "speaker": "U", 
            "time": "2014-08-07 17:11:05", 
            "turn-index": 9, 
            "utterance": "好きな作家はいますか"
        }, 
        {
            "annotations": [
                {
                    "annotator-id": "02_A", 
                    "breakdown": "X", 
                    "comment": "", 
                    "ungrammatical-sentence": "O"
                }, 
                {
                    "annotator-id": "03_A", 
                    "breakdown": "T", 
                    "comment": "", 
                    "ungrammatical-sentence": "O"
                }
            ], 
            "speaker": "S", 
            "time": "2014-08-07 17:11:05", 
            "turn-index": 10, 
            "utterance": "好奇心が原動力ですけどねぇ"
        }, 
        {
            "annotations": [], 
            "speaker": "U", 
            "time": "2014-08-07 17:11:22", 
            "turn-index": 11, 
            "utterance": "あなたの性格を教えてください"
        }, 
        {
            "annotations": [
                {
                    "annotator-id": "02_A", 
                    "breakdown": "X", 
                    "comment": "", 
                    "ungrammatical-sentence": "O"
                }, 
                {
                    "annotator-id": "03_A", 
                    "breakdown": "X", 
                    "comment": "", 
                    "ungrammatical-sentence": "O"
                }
            ], 
            "speaker": "S", 
            "time": "2014-08-07 17:11:22", 
            "turn-index": 12, 
            "utterance": "20才です"
        }, 
        {
            "annotations": [], 
            "speaker": "U", 
            "time": "2014-08-07 17:11:42", 
            "turn-index": 13, 
            "utterance": "性別を教えて"
        }, 
        {
            "annotations": [
                {
                    "annotator-id": "02_A", 
                    "breakdown": "O", 
                    "comment": "", 
                    "ungrammatical-sentence": "O"
                }, 
                {
                    "annotator-id": "03_A", 
                    "breakdown": "O", 
                    "comment": "", 
                    "ungrammatical-sentence": "O"
                }
            ], 
            "speaker": "S", 
            "time": "2014-08-07 17:11:42", 
            "turn-index": 14, 
            "utterance": "性別は不詳です"
        }, 
        {
            "annotations": [], 
            "speaker": "U", 
            "time": "2014-08-07 17:12:39", 
            "turn-index": 15, 
            "utterance": "好きな飲み物はありますか"
        }, 
        {
            "annotations": [
                {
                    "annotator-id": "02_A", 
                    "breakdown": "X", 
                    "comment": "", 
                    "ungrammatical-sentence": "O"
                }, 
                {
                    "annotator-id": "03_A", 
                    "breakdown": "X", 
                    "comment": "", 
                    "ungrammatical-sentence": "O"
                }
            ], 
            "speaker": "S", 
            "time": "2014-08-07 17:12:39", 
            "turn-index": 16, 
            "utterance": "飲み物を忘れるかもしれない"
        }, 
        {
            "annotations": [], 
            "speaker": "U", 
            "time": "2014-08-07 17:12:48", 
            "turn-index": 17, 
            "utterance": "なぜ忘れるのですか"
        }, 
        {
            "annotations": [
                {
                    "annotator-id": "02_A", 
                    "breakdown": "X", 
                    "comment": "", 
                    "ungrammatical-sentence": "O"
                }, 
                {
                    "annotator-id": "03_A", 
                    "breakdown": "X", 
                    "comment": "", 
                    "ungrammatical-sentence": "O"
                }
            ], 
            "speaker": "S", 
            "time": "2014-08-07 17:12:48", 
            "turn-index": 18, 
            "utterance": "飲み物は恋しいです"
        }, 
        {
            "annotations": [], 
            "speaker": "U", 
            "time": "2014-08-07 17:12:56", 
            "turn-index": 19, 
            "utterance": "なぜですか"
        }, 
        {
            "annotations": [
                {
                    "annotator-id": "02_A", 
                    "breakdown": "O", 
                    "comment": "", 
                    "ungrammatical-sentence": "O"
                }, 
                {
                    "annotator-id": "03_A", 
                    "breakdown": "O", 
                    "comment": "", 
                    "ungrammatical-sentence": "O"
                }
            ], 
            "speaker": "S", 
            "time": "2014-08-07 17:12:56", 
            "turn-index": 20, 
            "utterance": "しらない"
        }
    ]
}