{
    "dialogue-id": "1407297210", 
    "group-id": "subset_d", 
    "speaker-id": "12_06", 
    "turns": [
        {
            "annotations": [
                {
                    "annotator-id": "05_A", 
                    "breakdown": "O", 
                    "comment": "", 
                    "ungrammatical-sentence": "O"
                }, 
                {
                    "annotator-id": "07_A", 
                    "breakdown": "O", 
                    "comment": "", 
                    "ungrammatical-sentence": "O"
                }
            ], 
            "speaker": "S", 
            "time": "2014-08-06 12:48:11", 
            "turn-index": 0, 
            "utterance": "こんにちはー。声かけてくれるのを待ってたんだ。"
        }, 
        {
            "annotations": [], 
            "speaker": "U", 
            "time": "2014-08-06 12:48:41", 
            "turn-index": 1, 
            "utterance": "こんにちは"
        }, 
        {
            "annotations": [
                {
                    "annotator-id": "05_A", 
                    "breakdown": "O", 
                    "comment": "", 
                    "ungrammatical-sentence": "O"
                }, 
                {
                    "annotator-id": "07_A", 
                    "breakdown": "O", 
                    "comment": "", 
                    "ungrammatical-sentence": "O"
                }
            ], 
            "speaker": "S", 
            "time": "2014-08-06 12:48:41", 
            "turn-index": 2, 
            "utterance": "はろー"
        }, 
        {
            "annotations": [], 
            "speaker": "U", 
            "time": "2014-08-06 12:48:58", 
            "turn-index": 3, 
            "utterance": "暑いですね"
        }, 
        {
            "annotations": [
                {
                    "annotator-id": "05_A", 
                    "breakdown": "O", 
                    "comment": "", 
                    "ungrammatical-sentence": "O"
                }, 
                {
                    "annotator-id": "07_A", 
                    "breakdown": "O", 
                    "comment": "", 
                    "ungrammatical-sentence": "O"
                }
            ], 
            "speaker": "S", 
            "time": "2014-08-06 12:48:58", 
            "turn-index": 4, 
            "utterance": "暑いです"
        }, 
        {
            "annotations": [], 
            "speaker": "U", 
            "time": "2014-08-06 12:49:14", 
            "turn-index": 5, 
            "utterance": "これだけ暑いと、食欲が出ません。"
        }, 
        {
            "annotations": [
                {
                    "annotator-id": "05_A", 
                    "breakdown": "O", 
                    "comment": "", 
                    "ungrammatical-sentence": "O"
                }, 
                {
                    "annotator-id": "07_A", 
                    "breakdown": "O", 
                    "comment": "", 
                    "ungrammatical-sentence": "O"
                }
            ], 
            "speaker": "S", 
            "time": "2014-08-06 12:49:14", 
            "turn-index": 6, 
            "utterance": "何か健康に気をつけてますか？"
        }, 
        {
            "annotations": [], 
            "speaker": "U", 
            "time": "2014-08-06 12:49:40", 
            "turn-index": 7, 
            "utterance": "そうですね、冷たいものを飲みすぎないように気を付けています。"
        }, 
        {
            "annotations": [
                {
                    "annotator-id": "05_A", 
                    "breakdown": "O", 
                    "comment": "", 
                    "ungrammatical-sentence": "O"
                }, 
                {
                    "annotator-id": "07_A", 
                    "breakdown": "O", 
                    "comment": "", 
                    "ungrammatical-sentence": "O"
                }
            ], 
            "speaker": "S", 
            "time": "2014-08-06 12:49:40", 
            "turn-index": 8, 
            "utterance": "ところで、東京都江東区有明にあるパナソニックセンター東京で、深海を有人潜水調査船で航行する仮想体験ができるイベント「深海ワンダーランド」が人気だそうです。"
        }, 
        {
            "annotations": [], 
            "speaker": "U", 
            "time": "2014-08-06 12:50:17", 
            "turn-index": 9, 
            "utterance": "面白そうですね。子供でも楽しめるのでしょうか。"
        }, 
        {
            "annotations": [
                {
                    "annotator-id": "05_A", 
                    "breakdown": "X", 
                    "comment": "子供が楽しめるかについて答えていない", 
                    "ungrammatical-sentence": "O"
                }, 
                {
                    "annotator-id": "07_A", 
                    "breakdown": "X", 
                    "comment": "質問に答えていない", 
                    "ungrammatical-sentence": "X"
                }
            ], 
            "speaker": "S", 
            "time": "2014-08-06 12:50:17", 
            "turn-index": 10, 
            "utterance": "深海は海の真ん中で潜るらしいんです"
        }, 
        {
            "annotations": [], 
            "speaker": "U", 
            "time": "2014-08-06 12:50:34", 
            "turn-index": 11, 
            "utterance": "じゃあ、暗いんでしょうね。"
        }, 
        {
            "annotations": [
                {
                    "annotator-id": "05_A", 
                    "breakdown": "X", 
                    "comment": "暗いかどうかにこたえていない", 
                    "ungrammatical-sentence": "O"
                }, 
                {
                    "annotator-id": "07_A", 
                    "breakdown": "O", 
                    "comment": "", 
                    "ungrammatical-sentence": "O"
                }
            ], 
            "speaker": "S", 
            "time": "2014-08-06 12:50:34", 
            "turn-index": 12, 
            "utterance": "深海にもぐるらしいですよ"
        }, 
        {
            "annotations": [], 
            "speaker": "U", 
            "time": "2014-08-06 12:50:54", 
            "turn-index": 13, 
            "utterance": "深海に住んでいる生物って知っていますか。"
        }, 
        {
            "annotations": [
                {
                    "annotator-id": "05_A", 
                    "breakdown": "X", 
                    "comment": "生物について答えていない", 
                    "ungrammatical-sentence": "O"
                }, 
                {
                    "annotator-id": "07_A", 
                    "breakdown": "X", 
                    "comment": "質問に答えていない", 
                    "ungrammatical-sentence": "X"
                }
            ], 
            "speaker": "S", 
            "time": "2014-08-06 12:50:54", 
            "turn-index": 14, 
            "utterance": "メキシコ湾流が深海に潜るのです"
        }, 
        {
            "annotations": [], 
            "speaker": "U", 
            "time": "2014-08-06 12:52:27", 
            "turn-index": 15, 
            "utterance": "ところで、これだけ暑いので、何かさっぱりしたものを食べたいのですが、おすすめのレストランってありますか。"
        }, 
        {
            "annotations": [
                {
                    "annotator-id": "05_A", 
                    "breakdown": "X", 
                    "comment": "おすすめのレストランを答えていない", 
                    "ungrammatical-sentence": "O"
                }, 
                {
                    "annotator-id": "07_A", 
                    "breakdown": "T", 
                    "comment": "質問に答えていない", 
                    "ungrammatical-sentence": "O"
                }
            ], 
            "speaker": "S", 
            "time": "2014-08-06 12:52:27", 
            "turn-index": 16, 
            "utterance": "レストランは長いですよねー"
        }, 
        {
            "annotations": [], 
            "speaker": "U", 
            "time": "2014-08-06 12:52:51", 
            "turn-index": 17, 
            "utterance": "そうですね、人気のレストランは長く待たされたりして、うんざりしますね。"
        }, 
        {
            "annotations": [
                {
                    "annotator-id": "05_A", 
                    "breakdown": "T", 
                    "comment": "どのレストラン？", 
                    "ungrammatical-sentence": "O"
                }, 
                {
                    "annotator-id": "07_A", 
                    "breakdown": "O", 
                    "comment": "", 
                    "ungrammatical-sentence": "O"
                }
            ], 
            "speaker": "S", 
            "time": "2014-08-06 12:52:51", 
            "turn-index": 18, 
            "utterance": "レストランは評判が良いですね"
        }, 
        {
            "annotations": [], 
            "speaker": "U", 
            "time": "2014-08-06 12:53:09", 
            "turn-index": 19, 
            "utterance": "評判のよいお寿司屋さんを知りませんか。"
        }, 
        {
            "annotations": [
                {
                    "annotator-id": "05_A", 
                    "breakdown": "X", 
                    "comment": "知ってるかに答えていない", 
                    "ungrammatical-sentence": "O"
                }, 
                {
                    "annotator-id": "07_A", 
                    "breakdown": "X", 
                    "comment": "質問に答えていない", 
                    "ungrammatical-sentence": "O"
                }
            ], 
            "speaker": "S", 
            "time": "2014-08-06 12:53:09", 
            "turn-index": 20, 
            "utterance": "ですよねぇ"
        }
    ]
}