{
    "dialogue-id": "1408158844", 
    "group-id": "subset_e", 
    "speaker-id": "08_09", 
    "turns": [
        {
            "annotations": [
                {
                    "annotator-id": "05_B", 
                    "breakdown": "O", 
                    "comment": "", 
                    "ungrammatical-sentence": "O"
                }, 
                {
                    "annotator-id": "08_B", 
                    "breakdown": "O", 
                    "comment": "", 
                    "ungrammatical-sentence": "O"
                }
            ], 
            "speaker": "S", 
            "time": "2014-08-16 12:12:37", 
            "turn-index": 0, 
            "utterance": "こんにちはー。海へ行きたいね。"
        }, 
        {
            "annotations": [], 
            "speaker": "U", 
            "time": "2014-08-16 12:12:47", 
            "turn-index": 1, 
            "utterance": "こんにちはー。行きたい"
        }, 
        {
            "annotations": [
                {
                    "annotator-id": "05_B", 
                    "breakdown": "O", 
                    "comment": "", 
                    "ungrammatical-sentence": "O"
                }, 
                {
                    "annotator-id": "08_B", 
                    "breakdown": "O", 
                    "comment": "", 
                    "ungrammatical-sentence": "O"
                }
            ], 
            "speaker": "S", 
            "time": "2014-08-16 12:12:47", 
            "turn-index": 2, 
            "utterance": "朝から海に行きますか？？"
        }, 
        {
            "annotations": [], 
            "speaker": "U", 
            "time": "2014-08-16 12:12:57", 
            "turn-index": 3, 
            "utterance": "夜の海もきれいだよ"
        }, 
        {
            "annotations": [
                {
                    "annotator-id": "05_B", 
                    "breakdown": "O", 
                    "comment": "", 
                    "ungrammatical-sentence": "O"
                }, 
                {
                    "annotator-id": "08_B", 
                    "breakdown": "O", 
                    "comment": "", 
                    "ungrammatical-sentence": "O"
                }
            ], 
            "speaker": "S", 
            "time": "2014-08-16 12:12:57", 
            "turn-index": 4, 
            "utterance": "海は一人で行ってます？"
        }, 
        {
            "annotations": [], 
            "speaker": "U", 
            "time": "2014-08-16 12:13:04", 
            "turn-index": 5, 
            "utterance": "みんなで行きたいね"
        }, 
        {
            "annotations": [
                {
                    "annotator-id": "05_B", 
                    "breakdown": "O", 
                    "comment": "", 
                    "ungrammatical-sentence": "O"
                }, 
                {
                    "annotator-id": "08_B", 
                    "breakdown": "O", 
                    "comment": "", 
                    "ungrammatical-sentence": "O"
                }
            ], 
            "speaker": "S", 
            "time": "2014-08-16 12:13:04", 
            "turn-index": 6, 
            "utterance": "気持ちがいいですね"
        }, 
        {
            "annotations": [], 
            "speaker": "U", 
            "time": "2014-08-16 12:13:09", 
            "turn-index": 7, 
            "utterance": "楽しいね"
        }, 
        {
            "annotations": [
                {
                    "annotator-id": "05_B", 
                    "breakdown": "O", 
                    "comment": "", 
                    "ungrammatical-sentence": "O"
                }, 
                {
                    "annotator-id": "08_B", 
                    "breakdown": "O", 
                    "comment": "", 
                    "ungrammatical-sentence": "O"
                }
            ], 
            "speaker": "S", 
            "time": "2014-08-16 12:13:09", 
            "turn-index": 8, 
            "utterance": "楽しいですね"
        }, 
        {
            "annotations": [], 
            "speaker": "U", 
            "time": "2014-08-16 12:13:20", 
            "turn-index": 9, 
            "utterance": "でも今日は暑いからねー"
        }, 
        {
            "annotations": [
                {
                    "annotator-id": "05_B", 
                    "breakdown": "T", 
                    "comment": "暑いといったことを無視して話題を続けている", 
                    "ungrammatical-sentence": "O"
                }, 
                {
                    "annotator-id": "08_B", 
                    "breakdown": "O", 
                    "comment": "", 
                    "ungrammatical-sentence": "O"
                }
            ], 
            "speaker": "S", 
            "time": "2014-08-16 12:13:20", 
            "turn-index": 10, 
            "utterance": "海は穏やかですね"
        }, 
        {
            "annotations": [], 
            "speaker": "U", 
            "time": "2014-08-16 12:13:27", 
            "turn-index": 11, 
            "utterance": "穏やかでいいね"
        }, 
        {
            "annotations": [
                {
                    "annotator-id": "05_B", 
                    "breakdown": "O", 
                    "comment": "", 
                    "ungrammatical-sentence": "O"
                }, 
                {
                    "annotator-id": "08_B", 
                    "breakdown": "O", 
                    "comment": "", 
                    "ungrammatical-sentence": "O"
                }
            ], 
            "speaker": "S", 
            "time": "2014-08-16 12:13:27", 
            "turn-index": 12, 
            "utterance": "海は温かいですね"
        }, 
        {
            "annotations": [], 
            "speaker": "U", 
            "time": "2014-08-16 12:13:37", 
            "turn-index": 13, 
            "utterance": "うん。海水浴日和だね"
        }, 
        {
            "annotations": [
                {
                    "annotator-id": "05_B", 
                    "breakdown": "O", 
                    "comment": "", 
                    "ungrammatical-sentence": "O"
                }, 
                {
                    "annotator-id": "08_B", 
                    "breakdown": "O", 
                    "comment": "", 
                    "ungrammatical-sentence": "O"
                }
            ], 
            "speaker": "S", 
            "time": "2014-08-16 12:13:37", 
            "turn-index": 14, 
            "utterance": "海は素晴らしいですね"
        }, 
        {
            "annotations": [], 
            "speaker": "U", 
            "time": "2014-08-16 12:13:47", 
            "turn-index": 15, 
            "utterance": "日焼けしちゃうけど"
        }, 
        {
            "annotations": [
                {
                    "annotator-id": "05_B", 
                    "breakdown": "O", 
                    "comment": "", 
                    "ungrammatical-sentence": "O"
                }, 
                {
                    "annotator-id": "08_B", 
                    "breakdown": "O", 
                    "comment": "", 
                    "ungrammatical-sentence": "O"
                }
            ], 
            "speaker": "S", 
            "time": "2014-08-16 12:13:47", 
            "turn-index": 16, 
            "utterance": "うん"
        }, 
        {
            "annotations": [], 
            "speaker": "U", 
            "time": "2014-08-16 12:13:56", 
            "turn-index": 17, 
            "utterance": "黒くなっちゃう"
        }, 
        {
            "annotations": [
                {
                    "annotator-id": "05_B", 
                    "breakdown": "T", 
                    "comment": "ネガティブなことを言っていることを認識できていない", 
                    "ungrammatical-sentence": "O"
                }, 
                {
                    "annotator-id": "08_B", 
                    "breakdown": "O", 
                    "comment": "", 
                    "ungrammatical-sentence": "O"
                }
            ], 
            "speaker": "S", 
            "time": "2014-08-16 12:13:56", 
            "turn-index": 18, 
            "utterance": "日焼けは面白いですね"
        }, 
        {
            "annotations": [], 
            "speaker": "U", 
            "time": "2014-08-16 12:14:02", 
            "turn-index": 19, 
            "utterance": "面白くないよ"
        }, 
        {
            "annotations": [
                {
                    "annotator-id": "05_B", 
                    "breakdown": "T", 
                    "comment": "理由が返ってくるべきなので", 
                    "ungrammatical-sentence": "O"
                }, 
                {
                    "annotator-id": "08_B", 
                    "breakdown": "O", 
                    "comment": "", 
                    "ungrammatical-sentence": "O"
                }
            ], 
            "speaker": "S", 
            "time": "2014-08-16 12:14:02", 
            "turn-index": 20, 
            "utterance": "おもしろい"
        }
    ]
}