{
    "dialogue-id": "1408264031", 
    "group-id": "subset_g", 
    "speaker-id": "11_03", 
    "turns": [
        {
            "annotations": [
                {
                    "annotator-id": "09_B", 
                    "breakdown": "O", 
                    "comment": "", 
                    "ungrammatical-sentence": "O"
                }, 
                {
                    "annotator-id": "12_A", 
                    "breakdown": "O", 
                    "comment": "", 
                    "ungrammatical-sentence": "O"
                }
            ], 
            "speaker": "S", 
            "time": "2014-08-17 17:21:01", 
            "turn-index": 0, 
            "utterance": "こんばんはー。気軽に声かけてね。"
        }, 
        {
            "annotations": [], 
            "speaker": "U", 
            "time": "2014-08-17 17:21:26", 
            "turn-index": 1, 
            "utterance": "こんばんは！　良い携帯ですね。"
        }, 
        {
            "annotations": [
                {
                    "annotator-id": "09_B", 
                    "breakdown": "T", 
                    "comment": "", 
                    "ungrammatical-sentence": "O"
                }, 
                {
                    "annotator-id": "12_A", 
                    "breakdown": "T", 
                    "comment": "", 
                    "ungrammatical-sentence": "O"
                }
            ], 
            "speaker": "S", 
            "time": "2014-08-17 17:21:26", 
            "turn-index": 2, 
            "utterance": "電話が携帯に入りますか？？"
        }, 
        {
            "annotations": [], 
            "speaker": "U", 
            "time": "2014-08-17 17:21:38", 
            "turn-index": 3, 
            "utterance": "それはスマホですか？"
        }, 
        {
            "annotations": [
                {
                    "annotator-id": "09_B", 
                    "breakdown": "T", 
                    "comment": "", 
                    "ungrammatical-sentence": "O"
                }, 
                {
                    "annotator-id": "12_A", 
                    "breakdown": "O", 
                    "comment": "", 
                    "ungrammatical-sentence": "O"
                }
            ], 
            "speaker": "S", 
            "time": "2014-08-17 17:21:38", 
            "turn-index": 4, 
            "utterance": "携帯電話ショップで見るのです"
        }, 
        {
            "annotations": [], 
            "speaker": "U", 
            "time": "2014-08-17 17:21:58", 
            "turn-index": 5, 
            "utterance": "ショップでよく選んだほうがいいですよね。"
        }, 
        {
            "annotations": [
                {
                    "annotator-id": "09_B", 
                    "breakdown": "T", 
                    "comment": "", 
                    "ungrammatical-sentence": "O"
                }, 
                {
                    "annotator-id": "12_A", 
                    "breakdown": "O", 
                    "comment": "", 
                    "ungrammatical-sentence": "O"
                }
            ], 
            "speaker": "S", 
            "time": "2014-08-17 17:21:58", 
            "turn-index": 6, 
            "utterance": "電話が携帯にかかるのです"
        }, 
        {
            "annotations": [], 
            "speaker": "U", 
            "time": "2014-08-17 17:23:58", 
            "turn-index": 7, 
            "utterance": "ちなみにガラケーとスマホどちらが好きですか？"
        }, 
        {
            "annotations": [
                {
                    "annotator-id": "09_B", 
                    "breakdown": "X", 
                    "comment": "", 
                    "ungrammatical-sentence": "O"
                }, 
                {
                    "annotator-id": "12_A", 
                    "breakdown": "O", 
                    "comment": "", 
                    "ungrammatical-sentence": "O"
                }
            ], 
            "speaker": "S", 
            "time": "2014-08-17 17:23:58", 
            "turn-index": 8, 
            "utterance": "電話は欲しいですね"
        }, 
        {
            "annotations": [], 
            "speaker": "U", 
            "time": "2014-08-17 17:24:29", 
            "turn-index": 9, 
            "utterance": "やはり通話が一番大事ですよね。最近のスマホは大画面過ぎて通話には向かないですね。"
        }, 
        {
            "annotations": [
                {
                    "annotator-id": "09_B", 
                    "breakdown": "O", 
                    "comment": "", 
                    "ungrammatical-sentence": "O"
                }, 
                {
                    "annotator-id": "12_A", 
                    "breakdown": "O", 
                    "comment": "", 
                    "ungrammatical-sentence": "O"
                }
            ], 
            "speaker": "S", 
            "time": "2014-08-17 17:24:29", 
            "turn-index": 10, 
            "utterance": "スマホは欲しいですね"
        }, 
        {
            "annotations": [], 
            "speaker": "U", 
            "time": "2014-08-17 17:25:05", 
            "turn-index": 11, 
            "utterance": "ガラケーより便利なことは確かなんですけどね。"
        }, 
        {
            "annotations": [
                {
                    "annotator-id": "09_B", 
                    "breakdown": "O", 
                    "comment": "", 
                    "ungrammatical-sentence": "O"
                }, 
                {
                    "annotator-id": "12_A", 
                    "breakdown": "O", 
                    "comment": "", 
                    "ungrammatical-sentence": "O"
                }
            ], 
            "speaker": "S", 
            "time": "2014-08-17 17:25:05", 
            "turn-index": 12, 
            "utterance": "ガラケーで十分なんですがねぇ"
        }, 
        {
            "annotations": [], 
            "speaker": "U", 
            "time": "2014-08-17 17:26:08", 
            "turn-index": 13, 
            "utterance": "通話だけならガラケーでいいかもしれませんね。"
        }, 
        {
            "annotations": [
                {
                    "annotator-id": "09_B", 
                    "breakdown": "O", 
                    "comment": "", 
                    "ungrammatical-sentence": "O"
                }, 
                {
                    "annotator-id": "12_A", 
                    "breakdown": "O", 
                    "comment": "", 
                    "ungrammatical-sentence": "O"
                }
            ], 
            "speaker": "S", 
            "time": "2014-08-17 17:26:08", 
            "turn-index": 14, 
            "utterance": "ガラケーはいいですね"
        }, 
        {
            "annotations": [], 
            "speaker": "U", 
            "time": "2014-08-17 17:26:35", 
            "turn-index": 15, 
            "utterance": "ただ連絡先の管理はスマホの方が楽ですよ"
        }, 
        {
            "annotations": [
                {
                    "annotator-id": "09_B", 
                    "breakdown": "O", 
                    "comment": "", 
                    "ungrammatical-sentence": "O"
                }, 
                {
                    "annotator-id": "12_A", 
                    "breakdown": "O", 
                    "comment": "", 
                    "ungrammatical-sentence": "O"
                }
            ], 
            "speaker": "S", 
            "time": "2014-08-17 17:26:35", 
            "turn-index": 16, 
            "utterance": "スマホは便利ですね"
        }, 
        {
            "annotations": [], 
            "speaker": "U", 
            "time": "2014-08-17 17:26:56", 
            "turn-index": 17, 
            "utterance": "地図アプリなどが便利ですよ。"
        }, 
        {
            "annotations": [
                {
                    "annotator-id": "09_B", 
                    "breakdown": "O", 
                    "comment": "", 
                    "ungrammatical-sentence": "O"
                }, 
                {
                    "annotator-id": "12_A", 
                    "breakdown": "O", 
                    "comment": "", 
                    "ungrammatical-sentence": "O"
                }
            ], 
            "speaker": "S", 
            "time": "2014-08-17 17:26:56", 
            "turn-index": 18, 
            "utterance": "地図アプリが見やすいですね"
        }, 
        {
            "annotations": [], 
            "speaker": "U", 
            "time": "2014-08-17 17:27:09", 
            "turn-index": 19, 
            "utterance": "知らない場所でも簡単にたどり着けます。"
        }, 
        {
            "annotations": [
                {
                    "annotator-id": "09_B", 
                    "breakdown": "T", 
                    "comment": "", 
                    "ungrammatical-sentence": "O"
                }, 
                {
                    "annotator-id": "12_A", 
                    "breakdown": "O", 
                    "comment": "", 
                    "ungrammatical-sentence": "O"
                }
            ], 
            "speaker": "S", 
            "time": "2014-08-17 17:27:09", 
            "turn-index": 20, 
            "utterance": "地図アプリは携帯電話アプリですね"
        }
    ]
}