{
    "dialogue-id": "1408250005", 
    "group-id": "subset_h", 
    "speaker-id": "01_02", 
    "turns": [
        {
            "annotations": [
                {
                    "annotator-id": "10_A", 
                    "breakdown": "O", 
                    "comment": "", 
                    "ungrammatical-sentence": "O"
                }, 
                {
                    "annotator-id": "13_A", 
                    "breakdown": "O", 
                    "comment": "", 
                    "ungrammatical-sentence": "O"
                }
            ], 
            "speaker": "S", 
            "time": "2014-08-17 13:14:08", 
            "turn-index": 0, 
            "utterance": "こんにちは。夏といえばスイカだね。"
        }, 
        {
            "annotations": [], 
            "speaker": "U", 
            "time": "2014-08-17 13:15:52", 
            "turn-index": 1, 
            "utterance": "暇っすね。"
        }, 
        {
            "annotations": [
                {
                    "annotator-id": "10_A", 
                    "breakdown": "X", 
                    "comment": "", 
                    "ungrammatical-sentence": "O"
                }, 
                {
                    "annotator-id": "13_A", 
                    "breakdown": "O", 
                    "comment": "", 
                    "ungrammatical-sentence": "O"
                }
            ], 
            "speaker": "S", 
            "time": "2014-08-17 13:15:52", 
            "turn-index": 2, 
            "utterance": "なでなで"
        }, 
        {
            "annotations": [], 
            "speaker": "U", 
            "time": "2014-08-17 13:16:06", 
            "turn-index": 3, 
            "utterance": "やめてください。"
        }, 
        {
            "annotations": [
                {
                    "annotator-id": "10_A", 
                    "breakdown": "O", 
                    "comment": "", 
                    "ungrammatical-sentence": "O"
                }, 
                {
                    "annotator-id": "13_A", 
                    "breakdown": "O", 
                    "comment": "", 
                    "ungrammatical-sentence": "O"
                }
            ], 
            "speaker": "S", 
            "time": "2014-08-17 13:16:06", 
            "turn-index": 4, 
            "utterance": "ごめんなさい"
        }, 
        {
            "annotations": [], 
            "speaker": "U", 
            "time": "2014-08-17 13:16:25", 
            "turn-index": 5, 
            "utterance": "許しません。"
        }, 
        {
            "annotations": [
                {
                    "annotator-id": "10_A", 
                    "breakdown": "O", 
                    "comment": "", 
                    "ungrammatical-sentence": "O"
                }, 
                {
                    "annotator-id": "13_A", 
                    "breakdown": "O", 
                    "comment": "", 
                    "ungrammatical-sentence": "O"
                }
            ], 
            "speaker": "S", 
            "time": "2014-08-17 13:16:25", 
            "turn-index": 6, 
            "utterance": "ごめんなさい"
        }, 
        {
            "annotations": [], 
            "speaker": "U", 
            "time": "2014-08-17 13:16:50", 
            "turn-index": 7, 
            "utterance": "しりとりしましょう。"
        }, 
        {
            "annotations": [
                {
                    "annotator-id": "10_A", 
                    "breakdown": "O", 
                    "comment": "", 
                    "ungrammatical-sentence": "O"
                }, 
                {
                    "annotator-id": "13_A", 
                    "breakdown": "O", 
                    "comment": "", 
                    "ungrammatical-sentence": "O"
                }
            ], 
            "speaker": "S", 
            "time": "2014-08-17 13:16:50", 
            "turn-index": 8, 
            "utterance": "はい、やりましょう。それでは、ロボットのトからスタートです。"
        }, 
        {
            "annotations": [], 
            "speaker": "U", 
            "time": "2014-08-17 13:17:04", 
            "turn-index": 9, 
            "utterance": "トカゲ。"
        }, 
        {
            "annotations": [
                {
                    "annotator-id": "10_A", 
                    "breakdown": "X", 
                    "comment": "", 
                    "ungrammatical-sentence": "O"
                }, 
                {
                    "annotator-id": "13_A", 
                    "breakdown": "T", 
                    "comment": "しりとりではないの？", 
                    "ungrammatical-sentence": "O"
                }
            ], 
            "speaker": "S", 
            "time": "2014-08-17 13:17:04", 
            "turn-index": 10, 
            "utterance": "トカゲを探します"
        }, 
        {
            "annotations": [], 
            "speaker": "U", 
            "time": "2014-08-17 13:18:09", 
            "turn-index": 11, 
            "utterance": "すべらない話をしてください。"
        }, 
        {
            "annotations": [
                {
                    "annotator-id": "10_A", 
                    "breakdown": "T", 
                    "comment": "", 
                    "ungrammatical-sentence": "O"
                }, 
                {
                    "annotator-id": "13_A", 
                    "breakdown": "O", 
                    "comment": "", 
                    "ungrammatical-sentence": "O"
                }
            ], 
            "speaker": "S", 
            "time": "2014-08-17 13:18:09", 
            "turn-index": 12, 
            "utterance": "すべらない話がすべります"
        }, 
        {
            "annotations": [], 
            "speaker": "U", 
            "time": "2014-08-17 13:21:32", 
            "turn-index": 13, 
            "utterance": "おもしろいですね。"
        }, 
        {
            "annotations": [
                {
                    "annotator-id": "10_A", 
                    "breakdown": "T", 
                    "comment": "", 
                    "ungrammatical-sentence": "O"
                }, 
                {
                    "annotator-id": "13_A", 
                    "breakdown": "O", 
                    "comment": "", 
                    "ungrammatical-sentence": "O"
                }
            ], 
            "speaker": "S", 
            "time": "2014-08-17 13:21:32", 
            "turn-index": 14, 
            "utterance": "おもしろい"
        }, 
        {
            "annotations": [], 
            "speaker": "U", 
            "time": "2014-08-17 13:31:49", 
            "turn-index": 15, 
            "utterance": "今度飲みに行きましょう。"
        }, 
        {
            "annotations": [
                {
                    "annotator-id": "10_A", 
                    "breakdown": "O", 
                    "comment": "", 
                    "ungrammatical-sentence": "O"
                }, 
                {
                    "annotator-id": "13_A", 
                    "breakdown": "O", 
                    "comment": "", 
                    "ungrammatical-sentence": "O"
                }
            ], 
            "speaker": "S", 
            "time": "2014-08-17 13:31:49", 
            "turn-index": 16, 
            "utterance": "すべらない話で盛り上がります"
        }, 
        {
            "annotations": [], 
            "speaker": "U", 
            "time": "2014-08-17 13:32:56", 
            "turn-index": 17, 
            "utterance": "私も用意しときます。"
        }, 
        {
            "annotations": [
                {
                    "annotator-id": "10_A", 
                    "breakdown": "O", 
                    "comment": "", 
                    "ungrammatical-sentence": "O"
                }, 
                {
                    "annotator-id": "13_A", 
                    "breakdown": "O", 
                    "comment": "", 
                    "ungrammatical-sentence": "O"
                }
            ], 
            "speaker": "S", 
            "time": "2014-08-17 13:32:56", 
            "turn-index": 18, 
            "utterance": "用意は完璧ですね"
        }, 
        {
            "annotations": [], 
            "speaker": "U", 
            "time": "2014-08-17 13:33:12", 
            "turn-index": 19, 
            "utterance": "どこで飲みますか？"
        }, 
        {
            "annotations": [
                {
                    "annotator-id": "10_A", 
                    "breakdown": "X", 
                    "comment": "", 
                    "ungrammatical-sentence": "O"
                }, 
                {
                    "annotator-id": "13_A", 
                    "breakdown": "T", 
                    "comment": "質問に答えない", 
                    "ungrammatical-sentence": "O"
                }
            ], 
            "speaker": "S", 
            "time": "2014-08-17 13:33:12", 
            "turn-index": 20, 
            "utterance": "用意が完璧に整います"
        }
    ]
}