{
    "dialogue-id": "1408886247", 
    "group-id": "subset_g", 
    "speaker-id": "04_08", 
    "turns": [
        {
            "annotations": [
                {
                    "annotator-id": "09_B", 
                    "breakdown": "O", 
                    "comment": "", 
                    "ungrammatical-sentence": "O"
                }, 
                {
                    "annotator-id": "12_A", 
                    "breakdown": "O", 
                    "comment": "", 
                    "ungrammatical-sentence": "O"
                }
            ], 
            "speaker": "S", 
            "time": "2014-08-24 22:14:46", 
            "turn-index": 0, 
            "utterance": "こんばんはー。ちょうど退屈してたんだ。"
        }, 
        {
            "annotations": [], 
            "speaker": "U", 
            "time": "2014-08-24 22:14:57", 
            "turn-index": 1, 
            "utterance": "こんばんは"
        }, 
        {
            "annotations": [
                {
                    "annotator-id": "09_B", 
                    "breakdown": "T", 
                    "comment": "", 
                    "ungrammatical-sentence": "O"
                }, 
                {
                    "annotator-id": "12_A", 
                    "breakdown": "O", 
                    "comment": "", 
                    "ungrammatical-sentence": "O"
                }
            ], 
            "speaker": "S", 
            "time": "2014-08-24 22:14:57", 
            "turn-index": 2, 
            "utterance": "こんばんはにこ"
        }, 
        {
            "annotations": [], 
            "speaker": "U", 
            "time": "2014-08-24 22:15:08", 
            "turn-index": 3, 
            "utterance": "にこって何"
        }, 
        {
            "annotations": [
                {
                    "annotator-id": "09_B", 
                    "breakdown": "T", 
                    "comment": "", 
                    "ungrammatical-sentence": "O"
                }, 
                {
                    "annotator-id": "12_A", 
                    "breakdown": "T", 
                    "comment": "", 
                    "ungrammatical-sentence": "O"
                }
            ], 
            "speaker": "S", 
            "time": "2014-08-24 22:15:08", 
            "turn-index": 4, 
            "utterance": "いいですねぇ"
        }, 
        {
            "annotations": [], 
            "speaker": "U", 
            "time": "2014-08-24 22:15:16", 
            "turn-index": 5, 
            "utterance": "何がですか？"
        }, 
        {
            "annotations": [
                {
                    "annotator-id": "09_B", 
                    "breakdown": "T", 
                    "comment": "", 
                    "ungrammatical-sentence": "O"
                }, 
                {
                    "annotator-id": "12_A", 
                    "breakdown": "O", 
                    "comment": "", 
                    "ungrammatical-sentence": "O"
                }
            ], 
            "speaker": "S", 
            "time": "2014-08-24 22:15:16", 
            "turn-index": 6, 
            "utterance": "いや別に"
        }, 
        {
            "annotations": [], 
            "speaker": "U", 
            "time": "2014-08-24 22:15:30", 
            "turn-index": 7, 
            "utterance": "今日はそんな暑くない"
        }, 
        {
            "annotations": [
                {
                    "annotator-id": "09_B", 
                    "breakdown": "X", 
                    "comment": "", 
                    "ungrammatical-sentence": "O"
                }, 
                {
                    "annotator-id": "12_A", 
                    "breakdown": "T", 
                    "comment": "", 
                    "ungrammatical-sentence": "O"
                }
            ], 
            "speaker": "S", 
            "time": "2014-08-24 22:15:30", 
            "turn-index": 8, 
            "utterance": "大変でしたね"
        }, 
        {
            "annotations": [], 
            "speaker": "U", 
            "time": "2014-08-24 22:15:40", 
            "turn-index": 9, 
            "utterance": "大変じゃないよ"
        }, 
        {
            "annotations": [
                {
                    "annotator-id": "09_B", 
                    "breakdown": "X", 
                    "comment": "", 
                    "ungrammatical-sentence": "O"
                }, 
                {
                    "annotator-id": "12_A", 
                    "breakdown": "T", 
                    "comment": "", 
                    "ungrammatical-sentence": "O"
                }
            ], 
            "speaker": "S", 
            "time": "2014-08-24 22:15:40", 
            "turn-index": 10, 
            "utterance": "残念です。"
        }, 
        {
            "annotations": [], 
            "speaker": "U", 
            "time": "2014-08-24 22:15:59", 
            "turn-index": 11, 
            "utterance": "バレーボールはどうなったんだろう"
        }, 
        {
            "annotations": [
                {
                    "annotator-id": "09_B", 
                    "breakdown": "T", 
                    "comment": "", 
                    "ungrammatical-sentence": "O"
                }, 
                {
                    "annotator-id": "12_A", 
                    "breakdown": "O", 
                    "comment": "", 
                    "ungrammatical-sentence": "O"
                }
            ], 
            "speaker": "S", 
            "time": "2014-08-24 22:15:59", 
            "turn-index": 12, 
            "utterance": "バレーボールは悪いそうですよ"
        }, 
        {
            "annotations": [], 
            "speaker": "U", 
            "time": "2014-08-24 22:16:06", 
            "turn-index": 13, 
            "utterance": "そうなんだ"
        }, 
        {
            "annotations": [
                {
                    "annotator-id": "09_B", 
                    "breakdown": "O", 
                    "comment": "", 
                    "ungrammatical-sentence": "O"
                }, 
                {
                    "annotator-id": "12_A", 
                    "breakdown": "O", 
                    "comment": "", 
                    "ungrammatical-sentence": "O"
                }
            ], 
            "speaker": "S", 
            "time": "2014-08-24 22:16:06", 
            "turn-index": 14, 
            "utterance": "そうそう"
        }, 
        {
            "annotations": [], 
            "speaker": "U", 
            "time": "2014-08-24 22:16:21", 
            "turn-index": 15, 
            "utterance": "他にいいニュースはない？"
        }, 
        {
            "annotations": [
                {
                    "annotator-id": "09_B", 
                    "breakdown": "T", 
                    "comment": "", 
                    "ungrammatical-sentence": "O"
                }, 
                {
                    "annotator-id": "12_A", 
                    "breakdown": "X", 
                    "comment": "", 
                    "ungrammatical-sentence": "O"
                }
            ], 
            "speaker": "S", 
            "time": "2014-08-24 22:16:21", 
            "turn-index": 16, 
            "utterance": "バレーボールに関わりますよねー"
        }, 
        {
            "annotations": [], 
            "speaker": "U", 
            "time": "2014-08-24 22:16:30", 
            "turn-index": 17, 
            "utterance": "何が？"
        }, 
        {
            "annotations": [
                {
                    "annotator-id": "09_B", 
                    "breakdown": "X", 
                    "comment": "", 
                    "ungrammatical-sentence": "O"
                }, 
                {
                    "annotator-id": "12_A", 
                    "breakdown": "O", 
                    "comment": "", 
                    "ungrammatical-sentence": "O"
                }
            ], 
            "speaker": "S", 
            "time": "2014-08-24 22:16:30", 
            "turn-index": 18, 
            "utterance": "別に"
        }, 
        {
            "annotations": [], 
            "speaker": "U", 
            "time": "2014-08-24 22:17:24", 
            "turn-index": 19, 
            "utterance": "困ったね"
        }, 
        {
            "annotations": [
                {
                    "annotator-id": "09_B", 
                    "breakdown": "T", 
                    "comment": "", 
                    "ungrammatical-sentence": "O"
                }, 
                {
                    "annotator-id": "12_A", 
                    "breakdown": "O", 
                    "comment": "", 
                    "ungrammatical-sentence": "O"
                }
            ], 
            "speaker": "S", 
            "time": "2014-08-24 22:17:24", 
            "turn-index": 20, 
            "utterance": "どうした"
        }
    ]
}