{
    "dialogue-id": "1408262910", 
    "group-id": "subset_f", 
    "speaker-id": "11_03", 
    "turns": [
        {
            "annotations": [
                {
                    "annotator-id": "09_A", 
                    "breakdown": "O", 
                    "comment": "", 
                    "ungrammatical-sentence": "O"
                }, 
                {
                    "annotator-id": "10_B", 
                    "breakdown": "O", 
                    "comment": "", 
                    "ungrammatical-sentence": "O"
                }
            ], 
            "speaker": "S", 
            "time": "2014-08-17 17:02:42", 
            "turn-index": 0, 
            "utterance": "こんにちは。声かけてくれるのを待ってたんだ。"
        }, 
        {
            "annotations": [], 
            "speaker": "U", 
            "time": "2014-08-17 17:03:34", 
            "turn-index": 1, 
            "utterance": "こんにちは！ご出身はどちらですか？"
        }, 
        {
            "annotations": [
                {
                    "annotator-id": "09_A", 
                    "breakdown": "X", 
                    "comment": "01の質問に答えていない。読書の話はどこから来たの？", 
                    "ungrammatical-sentence": "O"
                }, 
                {
                    "annotator-id": "10_B", 
                    "breakdown": "X", 
                    "comment": "", 
                    "ungrammatical-sentence": "O"
                }
            ], 
            "speaker": "S", 
            "time": "2014-08-17 17:03:34", 
            "turn-index": 2, 
            "utterance": "読書だそうですが、最近は本を読んでおられますか？"
        }, 
        {
            "annotations": [], 
            "speaker": "U", 
            "time": "2014-08-17 17:04:23", 
            "turn-index": 3, 
            "utterance": "時代小説が好きです。"
        }, 
        {
            "annotations": [
                {
                    "annotator-id": "09_A", 
                    "breakdown": "O", 
                    "comment": "", 
                    "ungrammatical-sentence": "O"
                }, 
                {
                    "annotator-id": "10_B", 
                    "breakdown": "O", 
                    "comment": "", 
                    "ungrammatical-sentence": "O"
                }
            ], 
            "speaker": "S", 
            "time": "2014-08-17 17:04:23", 
            "turn-index": 4, 
            "utterance": "時代小説は勧善懲悪なのがいいですね"
        }, 
        {
            "annotations": [], 
            "speaker": "U", 
            "time": "2014-08-17 17:05:15", 
            "turn-index": 5, 
            "utterance": "私はそうは思いません。勧善懲悪だけではありませんよ。"
        }, 
        {
            "annotations": [
                {
                    "annotator-id": "09_A", 
                    "breakdown": "X", 
                    "comment": "05出そうではないと言われている", 
                    "ungrammatical-sentence": "O"
                }, 
                {
                    "annotator-id": "10_B", 
                    "breakdown": "T", 
                    "comment": "", 
                    "ungrammatical-sentence": "O"
                }
            ], 
            "speaker": "S", 
            "time": "2014-08-17 17:05:15", 
            "turn-index": 6, 
            "utterance": "勧善懲悪が好きですね"
        }, 
        {
            "annotations": [], 
            "speaker": "U", 
            "time": "2014-08-17 17:06:16", 
            "turn-index": 7, 
            "utterance": "具体的には何が好きですか？"
        }, 
        {
            "annotations": [
                {
                    "annotator-id": "09_A", 
                    "breakdown": "X", 
                    "comment": "好きではないと言われているし、07の質問にこたえていない", 
                    "ungrammatical-sentence": "O"
                }, 
                {
                    "annotator-id": "10_B", 
                    "breakdown": "T", 
                    "comment": "", 
                    "ungrammatical-sentence": "O"
                }
            ], 
            "speaker": "S", 
            "time": "2014-08-17 17:06:16", 
            "turn-index": 8, 
            "utterance": "みんな勧善懲悪の物語が好きなのかなあと。"
        }, 
        {
            "annotations": [], 
            "speaker": "U", 
            "time": "2014-08-17 17:06:42", 
            "turn-index": 9, 
            "utterance": "すっきりした話が読みたい、という時はありますよね。"
        }, 
        {
            "annotations": [
                {
                    "annotator-id": "09_A", 
                    "breakdown": "O", 
                    "comment": "", 
                    "ungrammatical-sentence": "O"
                }, 
                {
                    "annotator-id": "10_B", 
                    "breakdown": "O", 
                    "comment": "", 
                    "ungrammatical-sentence": "O"
                }
            ], 
            "speaker": "S", 
            "time": "2014-08-17 17:06:42", 
            "turn-index": 10, 
            "utterance": "単純な勧善懲悪のストーリー、好きです。"
        }, 
        {
            "annotations": [], 
            "speaker": "U", 
            "time": "2014-08-17 17:06:57", 
            "turn-index": 11, 
            "utterance": "爽快感はありますよね。"
        }, 
        {
            "annotations": [
                {
                    "annotator-id": "09_A", 
                    "breakdown": "T", 
                    "comment": "Uは好きではないと言っているのでちょっと押しつけがましい", 
                    "ungrammatical-sentence": "O"
                }, 
                {
                    "annotator-id": "10_B", 
                    "breakdown": "T", 
                    "comment": "", 
                    "ungrammatical-sentence": "O"
                }
            ], 
            "speaker": "S", 
            "time": "2014-08-17 17:06:57", 
            "turn-index": 12, 
            "utterance": "時代劇は勧善懲悪のシナリオでいいですね。"
        }, 
        {
            "annotations": [], 
            "speaker": "U", 
            "time": "2014-08-17 17:07:35", 
            "turn-index": 13, 
            "utterance": "そういうものもあってもいいですね・"
        }, 
        {
            "annotations": [
                {
                    "annotator-id": "09_A", 
                    "breakdown": "T", 
                    "comment": "Uは好きではないと言っているのでちょっと押しつけがましい", 
                    "ungrammatical-sentence": "O"
                }, 
                {
                    "annotator-id": "10_B", 
                    "breakdown": "O", 
                    "comment": "", 
                    "ungrammatical-sentence": "O"
                }
            ], 
            "speaker": "S", 
            "time": "2014-08-17 17:07:35", 
            "turn-index": 14, 
            "utterance": "勧善懲悪は日本の美学ですね"
        }, 
        {
            "annotations": [], 
            "speaker": "U", 
            "time": "2014-08-17 17:08:01", 
            "turn-index": 15, 
            "utterance": "海外でも結構多いですよ"
        }, 
        {
            "annotations": [
                {
                    "annotator-id": "09_A", 
                    "breakdown": "O", 
                    "comment": "", 
                    "ungrammatical-sentence": "O"
                }, 
                {
                    "annotator-id": "10_B", 
                    "breakdown": "O", 
                    "comment": "", 
                    "ungrammatical-sentence": "O"
                }
            ], 
            "speaker": "S", 
            "time": "2014-08-17 17:08:01", 
            "turn-index": 16, 
            "utterance": "勧善懲悪を望むのですか"
        }, 
        {
            "annotations": [], 
            "speaker": "U", 
            "time": "2014-08-17 17:08:26", 
            "turn-index": 17, 
            "utterance": "時にはですね。けど毎回毎回勧善懲悪でも困りますね。"
        }, 
        {
            "annotations": [
                {
                    "annotator-id": "09_A", 
                    "breakdown": "X", 
                    "comment": "UはUは好きではない・たまにはと言っている。しつこすぎる", 
                    "ungrammatical-sentence": "O"
                }, 
                {
                    "annotator-id": "10_B", 
                    "breakdown": "T", 
                    "comment": "", 
                    "ungrammatical-sentence": "O"
                }
            ], 
            "speaker": "S", 
            "time": "2014-08-17 17:08:26", 
            "turn-index": 18, 
            "utterance": "勧善懲悪を描くのでしょうか？"
        }, 
        {
            "annotations": [], 
            "speaker": "U", 
            "time": "2014-08-17 17:08:27", 
            "turn-index": 19, 
            "utterance": "時にはですね。けど毎回毎回勧善懲悪でも困りますね。"
        }, 
        {
            "annotations": [
                {
                    "annotator-id": "09_A", 
                    "breakdown": "X", 
                    "comment": "しつこい", 
                    "ungrammatical-sentence": "O"
                }, 
                {
                    "annotator-id": "10_B", 
                    "breakdown": "T", 
                    "comment": "", 
                    "ungrammatical-sentence": "O"
                }
            ], 
            "speaker": "S", 
            "time": "2014-08-17 17:08:27", 
            "turn-index": 20, 
            "utterance": "勧善懲悪になりきらないのですか"
        }
    ]
}