{
    "dialogue-id": "1408446239", 
    "group-id": "subset_f", 
    "speaker-id": "14_01", 
    "turns": [
        {
            "annotations": [
                {
                    "annotator-id": "09_A", 
                    "breakdown": "O", 
                    "comment": "", 
                    "ungrammatical-sentence": "O"
                }, 
                {
                    "annotator-id": "10_B", 
                    "breakdown": "O", 
                    "comment": "", 
                    "ungrammatical-sentence": "O"
                }
            ], 
            "speaker": "S", 
            "time": "2014-08-19 20:01:34", 
            "turn-index": 0, 
            "utterance": "こんばんは！気軽に声かけてね。"
        }, 
        {
            "annotations": [], 
            "speaker": "U", 
            "time": "2014-08-19 20:01:42", 
            "turn-index": 1, 
            "utterance": "こんばんわー"
        }, 
        {
            "annotations": [
                {
                    "annotator-id": "09_A", 
                    "breakdown": "T", 
                    "comment": "あいさつはもうしている", 
                    "ungrammatical-sentence": "O"
                }, 
                {
                    "annotator-id": "10_B", 
                    "breakdown": "O", 
                    "comment": "", 
                    "ungrammatical-sentence": "O"
                }
            ], 
            "speaker": "S", 
            "time": "2014-08-19 20:01:42", 
            "turn-index": 2, 
            "utterance": "こんばんはです"
        }, 
        {
            "annotations": [], 
            "speaker": "U", 
            "time": "2014-08-19 20:02:02", 
            "turn-index": 3, 
            "utterance": "明日から旅行に行くんだよね"
        }, 
        {
            "annotations": [
                {
                    "annotator-id": "09_A", 
                    "breakdown": "O", 
                    "comment": "", 
                    "ungrammatical-sentence": "O"
                }, 
                {
                    "annotator-id": "10_B", 
                    "breakdown": "O", 
                    "comment": "", 
                    "ungrammatical-sentence": "O"
                }
            ], 
            "speaker": "S", 
            "time": "2014-08-19 20:02:02", 
            "turn-index": 4, 
            "utterance": "旅行は長いですか"
        }, 
        {
            "annotations": [], 
            "speaker": "U", 
            "time": "2014-08-19 20:02:16", 
            "turn-index": 5, 
            "utterance": "長いの２週間とか"
        }, 
        {
            "annotations": [
                {
                    "annotator-id": "09_A", 
                    "breakdown": "T", 
                    "comment": "知っていて確認？勝手に言っている？", 
                    "ungrammatical-sentence": "O"
                }, 
                {
                    "annotator-id": "10_B", 
                    "breakdown": "X", 
                    "comment": "", 
                    "ungrammatical-sentence": "O"
                }
            ], 
            "speaker": "S", 
            "time": "2014-08-19 20:02:16", 
            "turn-index": 6, 
            "utterance": "旅行はスイスの登山列車で楽しむんですね？"
        }, 
        {
            "annotations": [], 
            "speaker": "U", 
            "time": "2014-08-19 20:02:34", 
            "turn-index": 7, 
            "utterance": "違うよ。パリでサッカーをみて楽しむのです"
        }, 
        {
            "annotations": [
                {
                    "annotator-id": "09_A", 
                    "breakdown": "T", 
                    "comment": "「ですね」はどっちが？", 
                    "ungrammatical-sentence": "O"
                }, 
                {
                    "annotator-id": "10_B", 
                    "breakdown": "O", 
                    "comment": "", 
                    "ungrammatical-sentence": "O"
                }
            ], 
            "speaker": "S", 
            "time": "2014-08-19 20:02:34", 
            "turn-index": 8, 
            "utterance": "サッカーは大好きですね"
        }, 
        {
            "annotations": [], 
            "speaker": "U", 
            "time": "2014-08-19 20:02:48", 
            "turn-index": 9, 
            "utterance": "どこのチームがすきですか？"
        }, 
        {
            "annotations": [
                {
                    "annotator-id": "09_A", 
                    "breakdown": "T", 
                    "comment": "09の質問にこたえていない", 
                    "ungrammatical-sentence": "O"
                }, 
                {
                    "annotator-id": "10_B", 
                    "breakdown": "T", 
                    "comment": "", 
                    "ungrammatical-sentence": "O"
                }
            ], 
            "speaker": "S", 
            "time": "2014-08-19 20:02:48", 
            "turn-index": 10, 
            "utterance": "サッカーはすばらしいですね"
        }, 
        {
            "annotations": [], 
            "speaker": "U", 
            "time": "2014-08-19 20:03:01", 
            "turn-index": 11, 
            "utterance": "ワールドカップはすばらしかったね"
        }, 
        {
            "annotations": [
                {
                    "annotator-id": "09_A", 
                    "breakdown": "O", 
                    "comment": "", 
                    "ungrammatical-sentence": "O"
                }, 
                {
                    "annotator-id": "10_B", 
                    "breakdown": "T", 
                    "comment": "", 
                    "ungrammatical-sentence": "O"
                }
            ], 
            "speaker": "S", 
            "time": "2014-08-19 20:03:01", 
            "turn-index": 12, 
            "utterance": "ワールドカップは楽しいですね"
        }, 
        {
            "annotations": [], 
            "speaker": "U", 
            "time": "2014-08-19 20:03:14", 
            "turn-index": 13, 
            "utterance": "次が楽しみ"
        }, 
        {
            "annotations": [
                {
                    "annotator-id": "09_A", 
                    "breakdown": "X", 
                    "comment": "何がゆっくりなのかわからない", 
                    "ungrammatical-sentence": "O"
                }, 
                {
                    "annotator-id": "10_B", 
                    "breakdown": "T", 
                    "comment": "", 
                    "ungrammatical-sentence": "O"
                }
            ], 
            "speaker": "S", 
            "time": "2014-08-19 20:03:14", 
            "turn-index": 14, 
            "utterance": "ゆっくりがいいですね"
        }, 
        {
            "annotations": [], 
            "speaker": "U", 
            "time": "2014-08-19 20:03:31", 
            "turn-index": 15, 
            "utterance": "何がゆっくり？"
        }, 
        {
            "annotations": [
                {
                    "annotator-id": "09_A", 
                    "breakdown": "T", 
                    "comment": "15の質問に答えていない", 
                    "ungrammatical-sentence": "O"
                }, 
                {
                    "annotator-id": "10_B", 
                    "breakdown": "T", 
                    "comment": "", 
                    "ungrammatical-sentence": "O"
                }
            ], 
            "speaker": "S", 
            "time": "2014-08-19 20:03:31", 
            "turn-index": 16, 
            "utterance": "楽しみは必要です"
        }, 
        {
            "annotations": [], 
            "speaker": "U", 
            "time": "2014-08-19 20:03:42", 
            "turn-index": 17, 
            "utterance": "そうだね"
        }, 
        {
            "annotations": [
                {
                    "annotator-id": "09_A", 
                    "breakdown": "T", 
                    "comment": "16に同意してくれているので、ちょっとおかしい", 
                    "ungrammatical-sentence": "O"
                }, 
                {
                    "annotator-id": "10_B", 
                    "breakdown": "O", 
                    "comment": "", 
                    "ungrammatical-sentence": "O"
                }
            ], 
            "speaker": "S", 
            "time": "2014-08-19 20:03:42", 
            "turn-index": 18, 
            "utterance": "だよね"
        }, 
        {
            "annotations": [], 
            "speaker": "U", 
            "time": "2014-08-19 20:03:57", 
            "turn-index": 19, 
            "utterance": "じゃあねバイバイ"
        }, 
        {
            "annotations": [
                {
                    "annotator-id": "09_A", 
                    "breakdown": "X", 
                    "comment": "19で終わらせようとしている。16.17で同じ話をしている", 
                    "ungrammatical-sentence": "O"
                }, 
                {
                    "annotator-id": "10_B", 
                    "breakdown": "X", 
                    "comment": "", 
                    "ungrammatical-sentence": "O"
                }
            ], 
            "speaker": "S", 
            "time": "2014-08-19 20:03:57", 
            "turn-index": 20, 
            "utterance": "楽しみは必要ですか"
        }
    ]
}