{
    "dialogue-id": "1408415862", 
    "group-id": "subset_i", 
    "speaker-id": "09_10", 
    "turns": [
        {
            "annotations": [
                {
                    "annotator-id": "04_C", 
                    "breakdown": "O", 
                    "comment": "", 
                    "ungrammatical-sentence": "O"
                }, 
                {
                    "annotator-id": "11_A", 
                    "breakdown": "O", 
                    "comment": "", 
                    "ungrammatical-sentence": "O"
                }, 
                {
                    "annotator-id": "15_A", 
                    "breakdown": "O", 
                    "comment": "", 
                    "ungrammatical-sentence": "O"
                }
            ], 
            "speaker": "S", 
            "time": "2014-08-19 11:29:30", 
            "turn-index": 0, 
            "utterance": "こんにちは。声かけてくれるのを待ってたんだ。"
        }, 
        {
            "annotations": [], 
            "speaker": "U", 
            "time": "2014-08-19 11:31:39", 
            "turn-index": 1, 
            "utterance": "ペットは飼っている？私は昔犬を飼っていたよ。"
        }, 
        {
            "annotations": [
                {
                    "annotator-id": "04_C", 
                    "breakdown": "O", 
                    "comment": "", 
                    "ungrammatical-sentence": "O"
                }, 
                {
                    "annotator-id": "11_A", 
                    "breakdown": "T", 
                    "comment": "", 
                    "ungrammatical-sentence": "O"
                }, 
                {
                    "annotator-id": "15_A", 
                    "breakdown": "O", 
                    "comment": "", 
                    "ungrammatical-sentence": "O"
                }
            ], 
            "speaker": "S", 
            "time": "2014-08-19 11:31:39", 
            "turn-index": 2, 
            "utterance": "ペットは言葉が話せるかもしれない"
        }, 
        {
            "annotations": [], 
            "speaker": "U", 
            "time": "2014-08-19 11:32:08", 
            "turn-index": 3, 
            "utterance": "話は通じているかもね。インコはたまにしゃべるよね。"
        }, 
        {
            "annotations": [
                {
                    "annotator-id": "04_C", 
                    "breakdown": "O", 
                    "comment": "", 
                    "ungrammatical-sentence": "O"
                }, 
                {
                    "annotator-id": "11_A", 
                    "breakdown": "O", 
                    "comment": "", 
                    "ungrammatical-sentence": "O"
                }, 
                {
                    "annotator-id": "15_A", 
                    "breakdown": "O", 
                    "comment": "", 
                    "ungrammatical-sentence": "O"
                }
            ], 
            "speaker": "S", 
            "time": "2014-08-19 11:32:08", 
            "turn-index": 4, 
            "utterance": "インコを飼いたいです"
        }, 
        {
            "annotations": [], 
            "speaker": "U", 
            "time": "2014-08-19 11:32:30", 
            "turn-index": 5, 
            "utterance": "小学校の頃にセキセイインコを買っていたよ。凶暴だった。"
        }, 
        {
            "annotations": [
                {
                    "annotator-id": "04_C", 
                    "breakdown": "O", 
                    "comment": "", 
                    "ungrammatical-sentence": "O"
                }, 
                {
                    "annotator-id": "11_A", 
                    "breakdown": "O", 
                    "comment": "", 
                    "ungrammatical-sentence": "O"
                }, 
                {
                    "annotator-id": "15_A", 
                    "breakdown": "O", 
                    "comment": "", 
                    "ungrammatical-sentence": "O"
                }
            ], 
            "speaker": "S", 
            "time": "2014-08-19 11:32:30", 
            "turn-index": 6, 
            "utterance": "セキセイインコは可愛いですね"
        }, 
        {
            "annotations": [], 
            "speaker": "U", 
            "time": "2014-08-19 11:32:49", 
            "turn-index": 7, 
            "utterance": "見た目は可愛いけどすごく凶暴だったの。"
        }, 
        {
            "annotations": [
                {
                    "annotator-id": "04_C", 
                    "breakdown": "O", 
                    "comment": "", 
                    "ungrammatical-sentence": "O"
                }, 
                {
                    "annotator-id": "11_A", 
                    "breakdown": "O", 
                    "comment": "", 
                    "ungrammatical-sentence": "O"
                }, 
                {
                    "annotator-id": "15_A", 
                    "breakdown": "O", 
                    "comment": "", 
                    "ungrammatical-sentence": "O"
                }
            ], 
            "speaker": "S", 
            "time": "2014-08-19 11:32:49", 
            "turn-index": 8, 
            "utterance": "見た目は愛らしいですね"
        }, 
        {
            "annotations": [], 
            "speaker": "U", 
            "time": "2014-08-19 11:33:59", 
            "turn-index": 9, 
            "utterance": "犬は好きじゃない？"
        }, 
        {
            "annotations": [
                {
                    "annotator-id": "04_C", 
                    "breakdown": "O", 
                    "comment": "", 
                    "ungrammatical-sentence": "O"
                }, 
                {
                    "annotator-id": "11_A", 
                    "breakdown": "O", 
                    "comment": "", 
                    "ungrammatical-sentence": "O"
                }, 
                {
                    "annotator-id": "15_A", 
                    "breakdown": "O", 
                    "comment": "", 
                    "ungrammatical-sentence": "O"
                }
            ], 
            "speaker": "S", 
            "time": "2014-08-19 11:33:59", 
            "turn-index": 10, 
            "utterance": "犬は可愛いですね"
        }, 
        {
            "annotations": [], 
            "speaker": "U", 
            "time": "2014-08-19 11:34:29", 
            "turn-index": 11, 
            "utterance": "中型の日本犬が好きなの。"
        }, 
        {
            "annotations": [
                {
                    "annotator-id": "04_C", 
                    "breakdown": "O", 
                    "comment": "", 
                    "ungrammatical-sentence": "O"
                }, 
                {
                    "annotator-id": "11_A", 
                    "breakdown": "O", 
                    "comment": "", 
                    "ungrammatical-sentence": "O"
                }, 
                {
                    "annotator-id": "15_A", 
                    "breakdown": "O", 
                    "comment": "", 
                    "ungrammatical-sentence": "O"
                }
            ], 
            "speaker": "S", 
            "time": "2014-08-19 11:34:29", 
            "turn-index": 12, 
            "utterance": "犬は賢いですね"
        }, 
        {
            "annotations": [], 
            "speaker": "U", 
            "time": "2014-08-19 11:35:23", 
            "turn-index": 13, 
            "utterance": "猟犬とかお利巧だよね。"
        }, 
        {
            "annotations": [
                {
                    "annotator-id": "04_C", 
                    "breakdown": "O", 
                    "comment": "", 
                    "ungrammatical-sentence": "O"
                }, 
                {
                    "annotator-id": "11_A", 
                    "breakdown": "O", 
                    "comment": "", 
                    "ungrammatical-sentence": "O"
                }, 
                {
                    "annotator-id": "15_A", 
                    "breakdown": "O", 
                    "comment": "", 
                    "ungrammatical-sentence": "O"
                }
            ], 
            "speaker": "S", 
            "time": "2014-08-19 11:35:23", 
            "turn-index": 14, 
            "utterance": "素質が良いですね"
        }, 
        {
            "annotations": [], 
            "speaker": "U", 
            "time": "2014-08-19 11:36:07", 
            "turn-index": 15, 
            "utterance": "年とってお散歩がつらいから次は爬虫類が飼いたいな。"
        }, 
        {
            "annotations": [
                {
                    "annotator-id": "04_C", 
                    "breakdown": "O", 
                    "comment": "", 
                    "ungrammatical-sentence": "O"
                }, 
                {
                    "annotator-id": "11_A", 
                    "breakdown": "O", 
                    "comment": "", 
                    "ungrammatical-sentence": "O"
                }, 
                {
                    "annotator-id": "15_A", 
                    "breakdown": "O", 
                    "comment": "", 
                    "ungrammatical-sentence": "O"
                }
            ], 
            "speaker": "S", 
            "time": "2014-08-19 11:36:07", 
            "turn-index": 16, 
            "utterance": "爬虫類を持ちますよねー"
        }, 
        {
            "annotations": [], 
            "speaker": "U", 
            "time": "2014-08-19 11:36:56", 
            "turn-index": 17, 
            "utterance": "うん、ヘビとかみたいにうろこがあるものが好き。"
        }, 
        {
            "annotations": [
                {
                    "annotator-id": "04_C", 
                    "breakdown": "O", 
                    "comment": "", 
                    "ungrammatical-sentence": "O"
                }, 
                {
                    "annotator-id": "11_A", 
                    "breakdown": "O", 
                    "comment": "", 
                    "ungrammatical-sentence": "O"
                }, 
                {
                    "annotator-id": "15_A", 
                    "breakdown": "O", 
                    "comment": "", 
                    "ungrammatical-sentence": "O"
                }
            ], 
            "speaker": "S", 
            "time": "2014-08-19 11:36:56", 
            "turn-index": 18, 
            "utterance": "ヘビを触りますよねえ"
        }, 
        {
            "annotations": [], 
            "speaker": "U", 
            "time": "2014-08-19 11:37:41", 
            "turn-index": 19, 
            "utterance": "触り心地いいよね。飼いたいな。"
        }, 
        {
            "annotations": [
                {
                    "annotator-id": "04_C", 
                    "breakdown": "O", 
                    "comment": "", 
                    "ungrammatical-sentence": "O"
                }, 
                {
                    "annotator-id": "11_A", 
                    "breakdown": "O", 
                    "comment": "", 
                    "ungrammatical-sentence": "O"
                }, 
                {
                    "annotator-id": "15_A", 
                    "breakdown": "O", 
                    "comment": "", 
                    "ungrammatical-sentence": "O"
                }
            ], 
            "speaker": "S", 
            "time": "2014-08-19 11:37:41", 
            "turn-index": 20, 
            "utterance": "ヘビを探しますよねー"
        }
    ]
}