{
    "dialogue-id": "1408437934", 
    "group-id": "subset_d", 
    "speaker-id": "03_01", 
    "turns": [
        {
            "annotations": [
                {
                    "annotator-id": "05_A", 
                    "breakdown": "O", 
                    "comment": "", 
                    "ungrammatical-sentence": "O"
                }, 
                {
                    "annotator-id": "07_A", 
                    "breakdown": "O", 
                    "comment": "", 
                    "ungrammatical-sentence": "O"
                }
            ], 
            "speaker": "S", 
            "time": "2014-08-19 17:42:59", 
            "turn-index": 0, 
            "utterance": "こんばんは！ちょうど退屈してたんだ。"
        }, 
        {
            "annotations": [], 
            "speaker": "U", 
            "time": "2014-08-19 17:43:23", 
            "turn-index": 1, 
            "utterance": "それはちょうどよかったです！"
        }, 
        {
            "annotations": [
                {
                    "annotator-id": "05_A", 
                    "breakdown": "X", 
                    "comment": "", 
                    "ungrammatical-sentence": "O"
                }, 
                {
                    "annotator-id": "07_A", 
                    "breakdown": "X", 
                    "comment": "意味がわからない", 
                    "ungrammatical-sentence": "X"
                }
            ], 
            "speaker": "S", 
            "time": "2014-08-19 17:43:23", 
            "turn-index": 2, 
            "utterance": "退屈は心ですね"
        }, 
        {
            "annotations": [], 
            "speaker": "U", 
            "time": "2014-08-19 17:43:33", 
            "turn-index": 3, 
            "utterance": "難しいことを言いますね．"
        }, 
        {
            "annotations": [
                {
                    "annotator-id": "05_A", 
                    "breakdown": "X", 
                    "comment": "", 
                    "ungrammatical-sentence": "O"
                }, 
                {
                    "annotator-id": "07_A", 
                    "breakdown": "O", 
                    "comment": "", 
                    "ungrammatical-sentence": "O"
                }
            ], 
            "speaker": "S", 
            "time": "2014-08-19 17:43:33", 
            "turn-index": 4, 
            "utterance": "退屈でしかたないですよねー"
        }, 
        {
            "annotations": [], 
            "speaker": "U", 
            "time": "2014-08-19 17:43:49", 
            "turn-index": 5, 
            "utterance": "私はそんなことは無いですよ．"
        }, 
        {
            "annotations": [
                {
                    "annotator-id": "05_A", 
                    "breakdown": "X", 
                    "comment": "", 
                    "ungrammatical-sentence": "O"
                }, 
                {
                    "annotator-id": "07_A", 
                    "breakdown": "T", 
                    "comment": "", 
                    "ungrammatical-sentence": "O"
                }
            ], 
            "speaker": "S", 
            "time": "2014-08-19 17:43:49", 
            "turn-index": 6, 
            "utterance": "退屈は心の哲学ですね"
        }, 
        {
            "annotations": [], 
            "speaker": "U", 
            "time": "2014-08-19 17:44:07", 
            "turn-index": 7, 
            "utterance": "仕事は何をされてるんですか？"
        }, 
        {
            "annotations": [
                {
                    "annotator-id": "05_A", 
                    "breakdown": "T", 
                    "comment": "", 
                    "ungrammatical-sentence": "O"
                }, 
                {
                    "annotator-id": "07_A", 
                    "breakdown": "X", 
                    "comment": "質問に答えられていない", 
                    "ungrammatical-sentence": "O"
                }
            ], 
            "speaker": "S", 
            "time": "2014-08-19 17:44:07", 
            "turn-index": 8, 
            "utterance": "仕事は普通です"
        }, 
        {
            "annotations": [], 
            "speaker": "U", 
            "time": "2014-08-19 17:44:16", 
            "turn-index": 9, 
            "utterance": "サラリーマンとか？"
        }, 
        {
            "annotations": [
                {
                    "annotator-id": "05_A", 
                    "breakdown": "X", 
                    "comment": "", 
                    "ungrammatical-sentence": "O"
                }, 
                {
                    "annotator-id": "07_A", 
                    "breakdown": "T", 
                    "comment": "", 
                    "ungrammatical-sentence": "O"
                }
            ], 
            "speaker": "S", 
            "time": "2014-08-19 17:44:16", 
            "turn-index": 10, 
            "utterance": "サラリーマンは楽です"
        }, 
        {
            "annotations": [], 
            "speaker": "U", 
            "time": "2014-08-19 17:44:33", 
            "turn-index": 11, 
            "utterance": "だから退屈だと"
        }, 
        {
            "annotations": [
                {
                    "annotator-id": "05_A", 
                    "breakdown": "O", 
                    "comment": "", 
                    "ungrammatical-sentence": "O"
                }, 
                {
                    "annotator-id": "07_A", 
                    "breakdown": "O", 
                    "comment": "", 
                    "ungrammatical-sentence": "O"
                }
            ], 
            "speaker": "S", 
            "time": "2014-08-19 17:44:33", 
            "turn-index": 12, 
            "utterance": "しりとりでもしましょうか"
        }, 
        {
            "annotations": [], 
            "speaker": "U", 
            "time": "2014-08-19 17:44:58", 
            "turn-index": 13, 
            "utterance": "それよりもあなたの仕事についてもっと教えて下さい．"
        }, 
        {
            "annotations": [
                {
                    "annotator-id": "05_A", 
                    "breakdown": "X", 
                    "comment": "", 
                    "ungrammatical-sentence": "O"
                }, 
                {
                    "annotator-id": "07_A", 
                    "breakdown": "T", 
                    "comment": "", 
                    "ungrammatical-sentence": "O"
                }
            ], 
            "speaker": "S", 
            "time": "2014-08-19 17:44:58", 
            "turn-index": 14, 
            "utterance": "仕事は真面目です"
        }, 
        {
            "annotations": [], 
            "speaker": "U", 
            "time": "2014-08-19 17:45:14", 
            "turn-index": 15, 
            "utterance": "でもこんな時間から退屈なんですか？"
        }, 
        {
            "annotations": [
                {
                    "annotator-id": "05_A", 
                    "breakdown": "X", 
                    "comment": "", 
                    "ungrammatical-sentence": "O"
                }, 
                {
                    "annotator-id": "07_A", 
                    "breakdown": "O", 
                    "comment": "", 
                    "ungrammatical-sentence": "O"
                }
            ], 
            "speaker": "S", 
            "time": "2014-08-19 17:45:14", 
            "turn-index": 16, 
            "utterance": "仕事はミスが多いらしいです"
        }, 
        {
            "annotations": [], 
            "speaker": "U", 
            "time": "2014-08-19 17:45:21", 
            "turn-index": 17, 
            "utterance": "ダメじゃないですか"
        }, 
        {
            "annotations": [
                {
                    "annotator-id": "05_A", 
                    "breakdown": "X", 
                    "comment": "", 
                    "ungrammatical-sentence": "O"
                }, 
                {
                    "annotator-id": "07_A", 
                    "breakdown": "O", 
                    "comment": "", 
                    "ungrammatical-sentence": "O"
                }
            ], 
            "speaker": "S", 
            "time": "2014-08-19 17:45:21", 
            "turn-index": 18, 
            "utterance": "仕事はデスクワークが多いらしい"
        }, 
        {
            "annotations": [], 
            "speaker": "U", 
            "time": "2014-08-19 17:45:30", 
            "turn-index": 19, 
            "utterance": "らしい，とは？"
        }, 
        {
            "annotations": [
                {
                    "annotator-id": "05_A", 
                    "breakdown": "X", 
                    "comment": "", 
                    "ungrammatical-sentence": "O"
                }, 
                {
                    "annotator-id": "07_A", 
                    "breakdown": "O", 
                    "comment": "", 
                    "ungrammatical-sentence": "O"
                }
            ], 
            "speaker": "S", 
            "time": "2014-08-19 17:45:30", 
            "turn-index": 20, 
            "utterance": "仕事はデスクワークが多いです"
        }
    ]
}