{
    "dialogue-id": "1408584426", 
    "group-id": "subset_b", 
    "speaker-id": "10_03", 
    "turns": [
        {
            "annotations": [
                {
                    "annotator-id": "02_A", 
                    "breakdown": "O", 
                    "comment": "", 
                    "ungrammatical-sentence": "O"
                }, 
                {
                    "annotator-id": "03_A", 
                    "breakdown": "O", 
                    "comment": "", 
                    "ungrammatical-sentence": "O"
                }
            ], 
            "speaker": "S", 
            "time": "2014-08-21 10:25:27", 
            "turn-index": 0, 
            "utterance": "おはよう！熱中症に気をつけて。"
        }, 
        {
            "annotations": [], 
            "speaker": "U", 
            "time": "2014-08-21 10:25:33", 
            "turn-index": 1, 
            "utterance": "ありがとうございます"
        }, 
        {
            "annotations": [
                {
                    "annotator-id": "02_A", 
                    "breakdown": "O", 
                    "comment": "", 
                    "ungrammatical-sentence": "O"
                }, 
                {
                    "annotator-id": "03_A", 
                    "breakdown": "O", 
                    "comment": "", 
                    "ungrammatical-sentence": "O"
                }
            ], 
            "speaker": "S", 
            "time": "2014-08-21 10:25:33", 
            "turn-index": 2, 
            "utterance": "おおう"
        }, 
        {
            "annotations": [], 
            "speaker": "U", 
            "time": "2014-08-21 10:25:43", 
            "turn-index": 3, 
            "utterance": "そちらは暑いですか？"
        }, 
        {
            "annotations": [
                {
                    "annotator-id": "02_A", 
                    "breakdown": "O", 
                    "comment": "", 
                    "ungrammatical-sentence": "O"
                }, 
                {
                    "annotator-id": "03_A", 
                    "breakdown": "O", 
                    "comment": "", 
                    "ungrammatical-sentence": "O"
                }
            ], 
            "speaker": "S", 
            "time": "2014-08-21 10:25:43", 
            "turn-index": 4, 
            "utterance": "熱中症を引き起こすのです"
        }, 
        {
            "annotations": [], 
            "speaker": "U", 
            "time": "2014-08-21 10:25:52", 
            "turn-index": 5, 
            "utterance": "暑いと熱中症になりますよね"
        }, 
        {
            "annotations": [
                {
                    "annotator-id": "02_A", 
                    "breakdown": "O", 
                    "comment": "", 
                    "ungrammatical-sentence": "O"
                }, 
                {
                    "annotator-id": "03_A", 
                    "breakdown": "O", 
                    "comment": "", 
                    "ungrammatical-sentence": "O"
                }
            ], 
            "speaker": "S", 
            "time": "2014-08-21 10:25:52", 
            "turn-index": 6, 
            "utterance": "熱中症を起こします"
        }, 
        {
            "annotations": [], 
            "speaker": "U", 
            "time": "2014-08-21 10:26:01", 
            "turn-index": 7, 
            "utterance": "はい、暑いとそうなりますね"
        }, 
        {
            "annotations": [
                {
                    "annotator-id": "02_A", 
                    "breakdown": "O", 
                    "comment": "", 
                    "ungrammatical-sentence": "O"
                }, 
                {
                    "annotator-id": "03_A", 
                    "breakdown": "O", 
                    "comment": "", 
                    "ungrammatical-sentence": "O"
                }
            ], 
            "speaker": "S", 
            "time": "2014-08-21 10:26:01", 
            "turn-index": 8, 
            "utterance": "熱中症は命を落とします"
        }, 
        {
            "annotations": [], 
            "speaker": "U", 
            "time": "2014-08-21 10:26:14", 
            "turn-index": 9, 
            "utterance": "ひどい場合はそうなるらしいですね"
        }, 
        {
            "annotations": [
                {
                    "annotator-id": "02_A", 
                    "breakdown": "T", 
                    "comment": "", 
                    "ungrammatical-sentence": "O"
                }, 
                {
                    "annotator-id": "03_A", 
                    "breakdown": "O", 
                    "comment": "", 
                    "ungrammatical-sentence": "O"
                }
            ], 
            "speaker": "S", 
            "time": "2014-08-21 10:26:14", 
            "turn-index": 10, 
            "utterance": "命は凄いですね"
        }, 
        {
            "annotations": [], 
            "speaker": "U", 
            "time": "2014-08-21 10:26:26", 
            "turn-index": 11, 
            "utterance": "何が凄いんですか？"
        }, 
        {
            "annotations": [
                {
                    "annotator-id": "02_A", 
                    "breakdown": "T", 
                    "comment": "", 
                    "ungrammatical-sentence": "O"
                }, 
                {
                    "annotator-id": "03_A", 
                    "breakdown": "T", 
                    "comment": "", 
                    "ungrammatical-sentence": "O"
                }
            ], 
            "speaker": "S", 
            "time": "2014-08-21 10:26:26", 
            "turn-index": 12, 
            "utterance": "人が命を落とします"
        }, 
        {
            "annotations": [], 
            "speaker": "U", 
            "time": "2014-08-21 10:26:37", 
            "turn-index": 13, 
            "utterance": "はい、そうなったら大変です"
        }, 
        {
            "annotations": [
                {
                    "annotator-id": "02_A", 
                    "breakdown": "T", 
                    "comment": "", 
                    "ungrammatical-sentence": "O"
                }, 
                {
                    "annotator-id": "03_A", 
                    "breakdown": "X", 
                    "comment": "", 
                    "ungrammatical-sentence": "O"
                }
            ], 
            "speaker": "S", 
            "time": "2014-08-21 10:26:37", 
            "turn-index": 14, 
            "utterance": "命は病気で落とします"
        }, 
        {
            "annotations": [], 
            "speaker": "U", 
            "time": "2014-08-21 10:26:48", 
            "turn-index": 15, 
            "utterance": "そういう場合もありますね"
        }, 
        {
            "annotations": [
                {
                    "annotator-id": "02_A", 
                    "breakdown": "T", 
                    "comment": "", 
                    "ungrammatical-sentence": "O"
                }, 
                {
                    "annotator-id": "03_A", 
                    "breakdown": "T", 
                    "comment": "", 
                    "ungrammatical-sentence": "O"
                }
            ], 
            "speaker": "S", 
            "time": "2014-08-21 10:26:48", 
            "turn-index": 16, 
            "utterance": "命が無くなります"
        }, 
        {
            "annotations": [], 
            "speaker": "U", 
            "time": "2014-08-21 10:26:54", 
            "turn-index": 17, 
            "utterance": "はい、そうです"
        }, 
        {
            "annotations": [
                {
                    "annotator-id": "02_A", 
                    "breakdown": "T", 
                    "comment": "", 
                    "ungrammatical-sentence": "O"
                }, 
                {
                    "annotator-id": "03_A", 
                    "breakdown": "T", 
                    "comment": "", 
                    "ungrammatical-sentence": "O"
                }
            ], 
            "speaker": "S", 
            "time": "2014-08-21 10:26:54", 
            "turn-index": 18, 
            "utterance": "命に関ります"
        }, 
        {
            "annotations": [], 
            "speaker": "U", 
            "time": "2014-08-21 10:27:01", 
            "turn-index": 19, 
            "utterance": "そうですね"
        }, 
        {
            "annotations": [
                {
                    "annotator-id": "02_A", 
                    "breakdown": "O", 
                    "comment": "", 
                    "ungrammatical-sentence": "O"
                }, 
                {
                    "annotator-id": "03_A", 
                    "breakdown": "O", 
                    "comment": "", 
                    "ungrammatical-sentence": "O"
                }
            ], 
            "speaker": "S", 
            "time": "2014-08-21 10:27:01", 
            "turn-index": 20, 
            "utterance": "うん"
        }
    ]
}