{
    "dialogue-id": "1408379705", 
    "group-id": "subset_a", 
    "speaker-id": "08_05", 
    "turns": [
        {
            "annotations": [
                {
                    "annotator-id": "01_A", 
                    "breakdown": "O", 
                    "comment": "", 
                    "ungrammatical-sentence": "O"
                }, 
                {
                    "annotator-id": "02_B", 
                    "breakdown": "O", 
                    "comment": "", 
                    "ungrammatical-sentence": "O"
                }
            ], 
            "speaker": "S", 
            "time": "2014-08-19 01:28:30", 
            "turn-index": 0, 
            "utterance": "こんばんはー。熱中症に気をつけて。"
        }, 
        {
            "annotations": [], 
            "speaker": "U", 
            "time": "2014-08-19 01:29:15", 
            "turn-index": 1, 
            "utterance": "ありがとうございます。あなたも気をつけてくださいね。"
        }, 
        {
            "annotations": [
                {
                    "annotator-id": "01_A", 
                    "breakdown": "O", 
                    "comment": "", 
                    "ungrammatical-sentence": "O"
                }, 
                {
                    "annotator-id": "02_B", 
                    "breakdown": "O", 
                    "comment": "", 
                    "ungrammatical-sentence": "O"
                }
            ], 
            "speaker": "S", 
            "time": "2014-08-19 01:29:15", 
            "turn-index": 2, 
            "utterance": "熱中症に気をつけてたいですか？"
        }, 
        {
            "annotations": [], 
            "speaker": "U", 
            "time": "2014-08-19 01:29:41", 
            "turn-index": 3, 
            "utterance": "命を落とすこともありますからね。"
        }, 
        {
            "annotations": [
                {
                    "annotator-id": "01_A", 
                    "breakdown": "X", 
                    "comment": "発話の意図がわからず、日本語がおかしい", 
                    "ungrammatical-sentence": "O"
                }, 
                {
                    "annotator-id": "02_B", 
                    "breakdown": "T", 
                    "comment": "", 
                    "ungrammatical-sentence": "O"
                }
            ], 
            "speaker": "S", 
            "time": "2014-08-19 01:29:41", 
            "turn-index": 4, 
            "utterance": "命は取り返しがついてます？"
        }, 
        {
            "annotations": [], 
            "speaker": "U", 
            "time": "2014-08-19 01:30:07", 
            "turn-index": 5, 
            "utterance": "取り返しがつかないから大事にしないとだめですよ。"
        }, 
        {
            "annotations": [
                {
                    "annotator-id": "01_A", 
                    "breakdown": "T", 
                    "comment": "発話の意図がわからない", 
                    "ungrammatical-sentence": "O"
                }, 
                {
                    "annotator-id": "02_B", 
                    "breakdown": "T", 
                    "comment": "", 
                    "ungrammatical-sentence": "O"
                }
            ], 
            "speaker": "S", 
            "time": "2014-08-19 01:30:07", 
            "turn-index": 6, 
            "utterance": "取り返しにゆきますよねえ"
        }, 
        {
            "annotations": [], 
            "speaker": "U", 
            "time": "2014-08-19 01:32:13", 
            "turn-index": 7, 
            "utterance": "取り返せるものならいいですけどね。"
        }, 
        {
            "annotations": [
                {
                    "annotator-id": "01_A", 
                    "breakdown": "X", 
                    "comment": "発話の意図がわからず、日本語がおかしい", 
                    "ungrammatical-sentence": "O"
                }, 
                {
                    "annotator-id": "02_B", 
                    "breakdown": "T", 
                    "comment": "", 
                    "ungrammatical-sentence": "O"
                }
            ], 
            "speaker": "S", 
            "time": "2014-08-19 01:32:13", 
            "turn-index": 8, 
            "utterance": "奪われたものをいきますよねえ"
        }, 
        {
            "annotations": [], 
            "speaker": "U", 
            "time": "2014-08-19 01:32:33", 
            "turn-index": 9, 
            "utterance": "奪われたら取り返したくなりますよね。"
        }, 
        {
            "annotations": [
                {
                    "annotator-id": "01_A", 
                    "breakdown": "O", 
                    "comment": "", 
                    "ungrammatical-sentence": "O"
                }, 
                {
                    "annotator-id": "02_B", 
                    "breakdown": "O", 
                    "comment": "", 
                    "ungrammatical-sentence": "O"
                }
            ], 
            "speaker": "S", 
            "time": "2014-08-19 01:32:33", 
            "turn-index": 10, 
            "utterance": "取り返しに行きたいですよねー"
        }, 
        {
            "annotations": [], 
            "speaker": "U", 
            "time": "2014-08-19 01:33:11", 
            "turn-index": 11, 
            "utterance": "何かを取られたことがありますか。"
        }, 
        {
            "annotations": [
                {
                    "annotator-id": "01_A", 
                    "breakdown": "O", 
                    "comment": "", 
                    "ungrammatical-sentence": "O"
                }, 
                {
                    "annotator-id": "02_B", 
                    "breakdown": "O", 
                    "comment": "", 
                    "ungrammatical-sentence": "O"
                }
            ], 
            "speaker": "S", 
            "time": "2014-08-19 01:33:11", 
            "turn-index": 12, 
            "utterance": "取り返しに行きたかったことあります"
        }, 
        {
            "annotations": [], 
            "speaker": "U", 
            "time": "2014-08-19 01:33:38", 
            "turn-index": 13, 
            "utterance": "大事なものだったんですか？"
        }, 
        {
            "annotations": [
                {
                    "annotator-id": "01_A", 
                    "breakdown": "T", 
                    "comment": "行くは忘れ物にかからない", 
                    "ungrammatical-sentence": "O"
                }, 
                {
                    "annotator-id": "02_B", 
                    "breakdown": "T", 
                    "comment": "", 
                    "ungrammatical-sentence": "O"
                }
            ], 
            "speaker": "S", 
            "time": "2014-08-19 01:33:38", 
            "turn-index": 14, 
            "utterance": "忘れ物を行くようです"
        }, 
        {
            "annotations": [], 
            "speaker": "U", 
            "time": "2014-08-19 01:34:06", 
            "turn-index": 15, 
            "utterance": "最近物忘れが多くていやになりますね。"
        }, 
        {
            "annotations": [
                {
                    "annotator-id": "01_A", 
                    "breakdown": "O", 
                    "comment": "", 
                    "ungrammatical-sentence": "O"
                }, 
                {
                    "annotator-id": "02_B", 
                    "breakdown": "O", 
                    "comment": "", 
                    "ungrammatical-sentence": "O"
                }
            ], 
            "speaker": "S", 
            "time": "2014-08-19 01:34:06", 
            "turn-index": 16, 
            "utterance": "物忘れはハンパないようです"
        }, 
        {
            "annotations": [], 
            "speaker": "U", 
            "time": "2014-08-19 01:34:38", 
            "turn-index": 17, 
            "utterance": "改善できるといいんですけどね。"
        }, 
        {
            "annotations": [
                {
                    "annotator-id": "01_A", 
                    "breakdown": "O", 
                    "comment": "", 
                    "ungrammatical-sentence": "O"
                }, 
                {
                    "annotator-id": "02_B", 
                    "breakdown": "O", 
                    "comment": "", 
                    "ungrammatical-sentence": "O"
                }
            ], 
            "speaker": "S", 
            "time": "2014-08-19 01:34:38", 
            "turn-index": 18, 
            "utterance": "物忘れが急にひどいそうですよ"
        }, 
        {
            "annotations": [], 
            "speaker": "U", 
            "time": "2014-08-19 01:35:03", 
            "turn-index": 19, 
            "utterance": "ある程度の年齢になるとひどくなりそうですね。"
        }, 
        {
            "annotations": [
                {
                    "annotator-id": "01_A", 
                    "breakdown": "O", 
                    "comment": "", 
                    "ungrammatical-sentence": "O"
                }, 
                {
                    "annotator-id": "02_B", 
                    "breakdown": "T", 
                    "comment": "", 
                    "ungrammatical-sentence": "O"
                }
            ], 
            "speaker": "S", 
            "time": "2014-08-19 01:35:03", 
            "turn-index": 20, 
            "utterance": "物忘れはひどいらしいですよ"
        }
    ]
}