{
    "dialogue-id": "1408692893", 
    "group-id": "subset_g", 
    "speaker-id": "09_04", 
    "turns": [
        {
            "annotations": [
                {
                    "annotator-id": "09_B", 
                    "breakdown": "O", 
                    "comment": "", 
                    "ungrammatical-sentence": "O"
                }, 
                {
                    "annotator-id": "12_A", 
                    "breakdown": "O", 
                    "comment": "", 
                    "ungrammatical-sentence": "O"
                }
            ], 
            "speaker": "S", 
            "time": "2014-08-22 16:31:03", 
            "turn-index": 0, 
            "utterance": "こんにちは！熱中症に気をつけて。"
        }, 
        {
            "annotations": [], 
            "speaker": "U", 
            "time": "2014-08-22 16:31:45", 
            "turn-index": 1, 
            "utterance": "水分の補給が大事です。"
        }, 
        {
            "annotations": [
                {
                    "annotator-id": "09_B", 
                    "breakdown": "T", 
                    "comment": "", 
                    "ungrammatical-sentence": "O"
                }, 
                {
                    "annotator-id": "12_A", 
                    "breakdown": "O", 
                    "comment": "", 
                    "ungrammatical-sentence": "O"
                }
            ], 
            "speaker": "S", 
            "time": "2014-08-22 16:31:45", 
            "turn-index": 2, 
            "utterance": "補給は少ないですね"
        }, 
        {
            "annotations": [], 
            "speaker": "U", 
            "time": "2014-08-22 16:32:09", 
            "turn-index": 3, 
            "utterance": "なるべく多めに摂った方が良いですね。"
        }, 
        {
            "annotations": [
                {
                    "annotator-id": "09_B", 
                    "breakdown": "T", 
                    "comment": "", 
                    "ungrammatical-sentence": "O"
                }, 
                {
                    "annotator-id": "12_A", 
                    "breakdown": "T", 
                    "comment": "", 
                    "ungrammatical-sentence": "O"
                }
            ], 
            "speaker": "S", 
            "time": "2014-08-22 16:32:09", 
            "turn-index": 4, 
            "utterance": "補給に最適ですね"
        }, 
        {
            "annotations": [], 
            "speaker": "U", 
            "time": "2014-08-22 16:32:38", 
            "turn-index": 5, 
            "utterance": "経口補水液とかいうやつですか。"
        }, 
        {
            "annotations": [
                {
                    "annotator-id": "09_B", 
                    "breakdown": "O", 
                    "comment": "", 
                    "ungrammatical-sentence": "O"
                }, 
                {
                    "annotator-id": "12_A", 
                    "breakdown": "O", 
                    "comment": "", 
                    "ungrammatical-sentence": "O"
                }
            ], 
            "speaker": "S", 
            "time": "2014-08-22 16:32:38", 
            "turn-index": 6, 
            "utterance": "全くその通りです"
        }, 
        {
            "annotations": [], 
            "speaker": "U", 
            "time": "2014-08-22 16:33:07", 
            "turn-index": 7, 
            "utterance": "他にどんな対策方法があるでしょうか。"
        }, 
        {
            "annotations": [
                {
                    "annotator-id": "09_B", 
                    "breakdown": "T", 
                    "comment": "", 
                    "ungrammatical-sentence": "O"
                }, 
                {
                    "annotator-id": "12_A", 
                    "breakdown": "T", 
                    "comment": "", 
                    "ungrammatical-sentence": "O"
                }
            ], 
            "speaker": "S", 
            "time": "2014-08-22 16:33:07", 
            "turn-index": 8, 
            "utterance": "なるほど"
        }, 
        {
            "annotations": [], 
            "speaker": "U", 
            "time": "2014-08-22 16:33:19", 
            "turn-index": 9, 
            "utterance": "塩分も必要ですか。"
        }, 
        {
            "annotations": [
                {
                    "annotator-id": "09_B", 
                    "breakdown": "X", 
                    "comment": "", 
                    "ungrammatical-sentence": "O"
                }, 
                {
                    "annotator-id": "12_A", 
                    "breakdown": "T", 
                    "comment": "", 
                    "ungrammatical-sentence": "O"
                }
            ], 
            "speaker": "S", 
            "time": "2014-08-22 16:33:19", 
            "turn-index": 10, 
            "utterance": "塩分はきついようです"
        }, 
        {
            "annotations": [], 
            "speaker": "U", 
            "time": "2014-08-22 16:33:32", 
            "turn-index": 11, 
            "utterance": "取り過ぎは良くないのですね。"
        }, 
        {
            "annotations": [
                {
                    "annotator-id": "09_B", 
                    "breakdown": "X", 
                    "comment": "", 
                    "ungrammatical-sentence": "O"
                }, 
                {
                    "annotator-id": "12_A", 
                    "breakdown": "T", 
                    "comment": "", 
                    "ungrammatical-sentence": "O"
                }
            ], 
            "speaker": "S", 
            "time": "2014-08-22 16:33:32", 
            "turn-index": 12, 
            "utterance": "塩分は強いらしい"
        }, 
        {
            "annotations": [], 
            "speaker": "U", 
            "time": "2014-08-22 16:33:45", 
            "turn-index": 13, 
            "utterance": "しょっぱいのは苦手です。"
        }, 
        {
            "annotations": [
                {
                    "annotator-id": "09_B", 
                    "breakdown": "X", 
                    "comment": "", 
                    "ungrammatical-sentence": "O"
                }, 
                {
                    "annotator-id": "12_A", 
                    "breakdown": "O", 
                    "comment": "", 
                    "ungrammatical-sentence": "O"
                }
            ], 
            "speaker": "S", 
            "time": "2014-08-22 16:33:45", 
            "turn-index": 14, 
            "utterance": "塩分はきついです"
        }, 
        {
            "annotations": [], 
            "speaker": "U", 
            "time": "2014-08-22 16:34:06", 
            "turn-index": 15, 
            "utterance": "塩分は控えめが良いですね。"
        }, 
        {
            "annotations": [
                {
                    "annotator-id": "09_B", 
                    "breakdown": "T", 
                    "comment": "", 
                    "ungrammatical-sentence": "O"
                }, 
                {
                    "annotator-id": "12_A", 
                    "breakdown": "O", 
                    "comment": "", 
                    "ungrammatical-sentence": "O"
                }
            ], 
            "speaker": "S", 
            "time": "2014-08-22 16:34:06", 
            "turn-index": 16, 
            "utterance": "塩分は難しいですよねえ"
        }, 
        {
            "annotations": [], 
            "speaker": "U", 
            "time": "2014-08-22 16:34:21", 
            "turn-index": 17, 
            "utterance": "そう思いますよ。"
        }, 
        {
            "annotations": [
                {
                    "annotator-id": "09_B", 
                    "breakdown": "O", 
                    "comment": "", 
                    "ungrammatical-sentence": "O"
                }, 
                {
                    "annotator-id": "12_A", 
                    "breakdown": "O", 
                    "comment": "", 
                    "ungrammatical-sentence": "O"
                }
            ], 
            "speaker": "S", 
            "time": "2014-08-22 16:34:21", 
            "turn-index": 18, 
            "utterance": "ですよね"
        }, 
        {
            "annotations": [], 
            "speaker": "U", 
            "time": "2014-08-22 16:34:46", 
            "turn-index": 19, 
            "utterance": "塩分の取り過ぎに気をつけましょう。"
        }, 
        {
            "annotations": [
                {
                    "annotator-id": "09_B", 
                    "breakdown": "T", 
                    "comment": "", 
                    "ungrammatical-sentence": "O"
                }, 
                {
                    "annotator-id": "12_A", 
                    "breakdown": "O", 
                    "comment": "", 
                    "ungrammatical-sentence": "O"
                }
            ], 
            "speaker": "S", 
            "time": "2014-08-22 16:34:46", 
            "turn-index": 20, 
            "utterance": "体外に出します"
        }
    ]
}