{
    "dialogue-id": "1408430789", 
    "group-id": "subset_c", 
    "speaker-id": "15_08", 
    "turns": [
        {
            "annotations": [
                {
                    "annotator-id": "04_B", 
                    "breakdown": "O", 
                    "comment": "", 
                    "ungrammatical-sentence": "O"
                }, 
                {
                    "annotator-id": "06_A", 
                    "breakdown": "O", 
                    "comment": "", 
                    "ungrammatical-sentence": "O"
                }
            ], 
            "speaker": "S", 
            "time": "2014-08-19 15:37:11", 
            "turn-index": 0, 
            "utterance": "こんにちは。夏といえばスイカだね。"
        }, 
        {
            "annotations": [], 
            "speaker": "U", 
            "time": "2014-08-19 15:37:41", 
            "turn-index": 1, 
            "utterance": "山形県の尾花沢という場所はスイカで有名でおいしいですよ"
        }, 
        {
            "annotations": [
                {
                    "annotator-id": "04_B", 
                    "breakdown": "O", 
                    "comment": "", 
                    "ungrammatical-sentence": "O"
                }, 
                {
                    "annotator-id": "06_A", 
                    "breakdown": "O", 
                    "comment": "", 
                    "ungrammatical-sentence": "O"
                }
            ], 
            "speaker": "S", 
            "time": "2014-08-19 15:37:41", 
            "turn-index": 2, 
            "utterance": "スイカはうまいですね"
        }, 
        {
            "annotations": [], 
            "speaker": "U", 
            "time": "2014-08-19 15:38:01", 
            "turn-index": 3, 
            "utterance": "夏にしか食べれない季節のものとかはやっぱり食べないと越せないですね"
        }, 
        {
            "annotations": [
                {
                    "annotator-id": "04_B", 
                    "breakdown": "O", 
                    "comment": "", 
                    "ungrammatical-sentence": "O"
                }, 
                {
                    "annotator-id": "06_A", 
                    "breakdown": "O", 
                    "comment": "", 
                    "ungrammatical-sentence": "O"
                }
            ], 
            "speaker": "S", 
            "time": "2014-08-19 15:38:01", 
            "turn-index": 4, 
            "utterance": "育てるのが難しいです"
        }, 
        {
            "annotations": [], 
            "speaker": "U", 
            "time": "2014-08-19 15:40:22", 
            "turn-index": 5, 
            "utterance": "作物はどれだけ頑張っても天気や台風とかはコントロールできないですものね"
        }, 
        {
            "annotations": [
                {
                    "annotator-id": "04_B", 
                    "breakdown": "T", 
                    "comment": "この例文は恐らく野球のピッチングの話かなにか", 
                    "ungrammatical-sentence": "O"
                }, 
                {
                    "annotator-id": "06_A", 
                    "breakdown": "O", 
                    "comment": "", 
                    "ungrammatical-sentence": "O"
                }
            ], 
            "speaker": "S", 
            "time": "2014-08-19 15:40:22", 
            "turn-index": 6, 
            "utterance": "コントロールが良くないです"
        }, 
        {
            "annotations": [], 
            "speaker": "U", 
            "time": "2014-08-19 15:40:48", 
            "turn-index": 7, 
            "utterance": "まぁ天気とかは天の気ですし人間がどうこうできませんよね。祈るしかないですね"
        }, 
        {
            "annotations": [
                {
                    "annotator-id": "04_B", 
                    "breakdown": "T", 
                    "comment": "Uの「天気」は天候の話なのに、Sは今日の天気の話をしているので、ずれていると感じる", 
                    "ungrammatical-sentence": "O"
                }, 
                {
                    "annotator-id": "06_A", 
                    "breakdown": "O", 
                    "comment": "", 
                    "ungrammatical-sentence": "O"
                }
            ], 
            "speaker": "S", 
            "time": "2014-08-19 15:40:48", 
            "turn-index": 8, 
            "utterance": "夕方から天気が悪いです"
        }, 
        {
            "annotations": [], 
            "speaker": "U", 
            "time": "2014-08-19 15:41:17", 
            "turn-index": 9, 
            "utterance": "そうなんですか。最近はゲリラ的な豪雨があったりで洗濯物とかが困ってしまいます"
        }, 
        {
            "annotations": [
                {
                    "annotator-id": "04_B", 
                    "breakdown": "X", 
                    "comment": "Uの話を受けていない", 
                    "ungrammatical-sentence": "O"
                }, 
                {
                    "annotator-id": "06_A", 
                    "breakdown": "O", 
                    "comment": "", 
                    "ungrammatical-sentence": "O"
                }
            ], 
            "speaker": "S", 
            "time": "2014-08-19 15:41:17", 
            "turn-index": 10, 
            "utterance": "天気がわるいです"
        }, 
        {
            "annotations": [], 
            "speaker": "U", 
            "time": "2014-08-19 15:41:42", 
            "turn-index": 11, 
            "utterance": "折りたたみ傘やカッパは必須で持っていかないといけないですね"
        }, 
        {
            "annotations": [
                {
                    "annotator-id": "04_B", 
                    "breakdown": "X", 
                    "comment": "Uの話を受けていない", 
                    "ungrammatical-sentence": "O"
                }, 
                {
                    "annotator-id": "06_A", 
                    "breakdown": "O", 
                    "comment": "", 
                    "ungrammatical-sentence": "O"
                }
            ], 
            "speaker": "S", 
            "time": "2014-08-19 15:41:42", 
            "turn-index": 12, 
            "utterance": "天気は最悪です"
        }, 
        {
            "annotations": [], 
            "speaker": "U", 
            "time": "2014-08-19 15:42:07", 
            "turn-index": 13, 
            "utterance": "濡れたり風邪をひかないように気をつけてください"
        }, 
        {
            "annotations": [
                {
                    "annotator-id": "04_B", 
                    "breakdown": "T", 
                    "comment": "誰の話をしているのかわからない", 
                    "ungrammatical-sentence": "O"
                }, 
                {
                    "annotator-id": "06_A", 
                    "breakdown": "O", 
                    "comment": "", 
                    "ungrammatical-sentence": "O"
                }
            ], 
            "speaker": "S", 
            "time": "2014-08-19 15:42:07", 
            "turn-index": 14, 
            "utterance": "風邪で体調が悪いですよねえ"
        }, 
        {
            "annotations": [], 
            "speaker": "U", 
            "time": "2014-08-19 15:45:17", 
            "turn-index": 15, 
            "utterance": "早めに薬を飲んだり食べ物に気を使うといいですよ"
        }, 
        {
            "annotations": [
                {
                    "annotator-id": "04_B", 
                    "breakdown": "T", 
                    "comment": "薬全般に言えることではない", 
                    "ungrammatical-sentence": "O"
                }, 
                {
                    "annotator-id": "06_A", 
                    "breakdown": "O", 
                    "comment": "", 
                    "ungrammatical-sentence": "O"
                }
            ], 
            "speaker": "S", 
            "time": "2014-08-19 15:45:17", 
            "turn-index": 16, 
            "utterance": "薬は効き目が弱いですね"
        }, 
        {
            "annotations": [], 
            "speaker": "U", 
            "time": "2014-08-19 15:45:42", 
            "turn-index": 17, 
            "utterance": "どうしようもない時は病院に行って点滴を打ってもらうしかないですよね"
        }, 
        {
            "annotations": [
                {
                    "annotator-id": "04_B", 
                    "breakdown": "X", 
                    "comment": "16に同じ／Uの話を受けていない／16と同じコトを言っている", 
                    "ungrammatical-sentence": "O"
                }, 
                {
                    "annotator-id": "06_A", 
                    "breakdown": "O", 
                    "comment": "", 
                    "ungrammatical-sentence": "O"
                }
            ], 
            "speaker": "S", 
            "time": "2014-08-19 15:45:42", 
            "turn-index": 18, 
            "utterance": "効き目は弱いですよねー"
        }, 
        {
            "annotations": [], 
            "speaker": "U", 
            "time": "2014-08-19 15:46:26", 
            "turn-index": 19, 
            "utterance": "抗生物質とかだと効くと思うんですけそこまで重症になる前にどうにかしないといけないですよね"
        }, 
        {
            "annotations": [
                {
                    "annotator-id": "04_B", 
                    "breakdown": "X", 
                    "comment": "同上", 
                    "ungrammatical-sentence": "O"
                }, 
                {
                    "annotator-id": "06_A", 
                    "breakdown": "T", 
                    "comment": "", 
                    "ungrammatical-sentence": "O"
                }
            ], 
            "speaker": "S", 
            "time": "2014-08-19 15:46:26", 
            "turn-index": 20, 
            "utterance": "効き目は弱いですね"
        }
    ]
}