{
    "dialogue-id": "1408003247", 
    "group-id": "subset_k", 
    "speaker-id": "04_05", 
    "turns": [
        {
            "annotations": [
                {
                    "annotator-id": "04_C", 
                    "breakdown": "O", 
                    "comment": "", 
                    "ungrammatical-sentence": "O"
                }, 
                {
                    "annotator-id": "09_B", 
                    "breakdown": "O", 
                    "comment": "", 
                    "ungrammatical-sentence": "O"
                }
            ], 
            "speaker": "S", 
            "time": "2014-08-14 16:58:20", 
            "turn-index": 0, 
            "utterance": "こんにちは！声かけてくれるのを待ってたんだ。"
        }, 
        {
            "annotations": [], 
            "speaker": "U", 
            "time": "2014-08-14 16:58:45", 
            "turn-index": 1, 
            "utterance": "声とはなんなのか"
        }, 
        {
            "annotations": [
                {
                    "annotator-id": "04_C", 
                    "breakdown": "O", 
                    "comment": "", 
                    "ungrammatical-sentence": "O"
                }, 
                {
                    "annotator-id": "09_B", 
                    "breakdown": "T", 
                    "comment": "", 
                    "ungrammatical-sentence": "O"
                }
            ], 
            "speaker": "S", 
            "time": "2014-08-14 16:58:45", 
            "turn-index": 2, 
            "utterance": "最近どこか行かれましたか？"
        }, 
        {
            "annotations": [], 
            "speaker": "U", 
            "time": "2014-08-14 16:59:07", 
            "turn-index": 3, 
            "utterance": "最近はマダガスカルに行きました"
        }, 
        {
            "annotations": [
                {
                    "annotator-id": "04_C", 
                    "breakdown": "O", 
                    "comment": "", 
                    "ungrammatical-sentence": "O"
                }, 
                {
                    "annotator-id": "09_B", 
                    "breakdown": "O", 
                    "comment": "", 
                    "ungrammatical-sentence": "O"
                }
            ], 
            "speaker": "S", 
            "time": "2014-08-14 16:59:07", 
            "turn-index": 4, 
            "utterance": "マダガスカルの食べ物が好きです"
        }, 
        {
            "annotations": [], 
            "speaker": "U", 
            "time": "2014-08-14 16:59:24", 
            "turn-index": 5, 
            "utterance": "おれもアリクイとか好き、丸焼きやばい"
        }, 
        {
            "annotations": [
                {
                    "annotator-id": "04_C", 
                    "breakdown": "O", 
                    "comment": "", 
                    "ungrammatical-sentence": "O"
                }, 
                {
                    "annotator-id": "09_B", 
                    "breakdown": "T", 
                    "comment": "", 
                    "ungrammatical-sentence": "O"
                }
            ], 
            "speaker": "S", 
            "time": "2014-08-14 16:59:24", 
            "turn-index": 6, 
            "utterance": "アリクイがかわいいですね"
        }, 
        {
            "annotations": [], 
            "speaker": "U", 
            "time": "2014-08-14 16:59:34", 
            "turn-index": 7, 
            "utterance": "いやおいしいっていう話してるんだけど"
        }, 
        {
            "annotations": [
                {
                    "annotator-id": "04_C", 
                    "breakdown": "O", 
                    "comment": "", 
                    "ungrammatical-sentence": "O"
                }, 
                {
                    "annotator-id": "09_B", 
                    "breakdown": "T", 
                    "comment": "", 
                    "ungrammatical-sentence": "O"
                }
            ], 
            "speaker": "S", 
            "time": "2014-08-14 16:59:34", 
            "turn-index": 8, 
            "utterance": "アリクイの威嚇童画が可愛い"
        }, 
        {
            "annotations": [], 
            "speaker": "U", 
            "time": "2014-08-14 16:59:35", 
            "turn-index": 9, 
            "utterance": "いやおいしいっていう話してるんだけど"
        }, 
        {
            "annotations": [
                {
                    "annotator-id": "04_C", 
                    "breakdown": "O", 
                    "comment": "", 
                    "ungrammatical-sentence": "O"
                }, 
                {
                    "annotator-id": "09_B", 
                    "breakdown": "O", 
                    "comment": "", 
                    "ungrammatical-sentence": "O"
                }
            ], 
            "speaker": "S", 
            "time": "2014-08-14 16:59:35", 
            "turn-index": 10, 
            "utterance": "アリクイの舌ズタボロにするありの話が好き"
        }, 
        {
            "annotations": [], 
            "speaker": "U", 
            "time": "2014-08-14 16:59:50", 
            "turn-index": 11, 
            "utterance": "なにそのアリ怖すぎるんだけど"
        }, 
        {
            "annotations": [
                {
                    "annotator-id": "04_C", 
                    "breakdown": "O", 
                    "comment": "", 
                    "ungrammatical-sentence": "O"
                }, 
                {
                    "annotator-id": "09_B", 
                    "breakdown": "O", 
                    "comment": "", 
                    "ungrammatical-sentence": "O"
                }
            ], 
            "speaker": "S", 
            "time": "2014-08-14 16:59:50", 
            "turn-index": 12, 
            "utterance": "アリは悪いです"
        }, 
        {
            "annotations": [], 
            "speaker": "U", 
            "time": "2014-08-14 16:59:57", 
            "turn-index": 13, 
            "utterance": "あり悪かったか"
        }, 
        {
            "annotations": [
                {
                    "annotator-id": "04_C", 
                    "breakdown": "T", 
                    "comment": "", 
                    "ungrammatical-sentence": "O"
                }, 
                {
                    "annotator-id": "09_B", 
                    "breakdown": "T", 
                    "comment": "", 
                    "ungrammatical-sentence": "O"
                }
            ], 
            "speaker": "S", 
            "time": "2014-08-14 16:59:57", 
            "turn-index": 14, 
            "utterance": "情が深いですね"
        }, 
        {
            "annotations": [], 
            "speaker": "U", 
            "time": "2014-08-14 17:00:12", 
            "turn-index": 15, 
            "utterance": "情深かったらズタボロにしないよ！！"
        }, 
        {
            "annotations": [
                {
                    "annotator-id": "04_C", 
                    "breakdown": "O", 
                    "comment": "", 
                    "ungrammatical-sentence": "O"
                }, 
                {
                    "annotator-id": "09_B", 
                    "breakdown": "T", 
                    "comment": "", 
                    "ungrammatical-sentence": "O"
                }
            ], 
            "speaker": "S", 
            "time": "2014-08-14 17:00:12", 
            "turn-index": 16, 
            "utterance": "情が強いですね"
        }, 
        {
            "annotations": [], 
            "speaker": "U", 
            "time": "2014-08-14 17:00:34", 
            "turn-index": 17, 
            "utterance": "強い（子並）"
        }, 
        {
            "annotations": [
                {
                    "annotator-id": "04_C", 
                    "breakdown": "O", 
                    "comment": "", 
                    "ungrammatical-sentence": "O"
                }, 
                {
                    "annotator-id": "09_B", 
                    "breakdown": "O", 
                    "comment": "", 
                    "ungrammatical-sentence": "O"
                }
            ], 
            "speaker": "S", 
            "time": "2014-08-14 17:00:34", 
            "turn-index": 18, 
            "utterance": "情は厚いですね"
        }, 
        {
            "annotations": [], 
            "speaker": "U", 
            "time": "2014-08-14 17:00:45", 
            "turn-index": 19, 
            "utterance": "日本語正しくなったね"
        }, 
        {
            "annotations": [
                {
                    "annotator-id": "04_C", 
                    "breakdown": "O", 
                    "comment": "", 
                    "ungrammatical-sentence": "O"
                }, 
                {
                    "annotator-id": "09_B", 
                    "breakdown": "O", 
                    "comment": "", 
                    "ungrammatical-sentence": "O"
                }
            ], 
            "speaker": "S", 
            "time": "2014-08-14 17:00:45", 
            "turn-index": 20, 
            "utterance": "日本語は表現が豊富ですね"
        }
    ]
}