{
    "dialogue-id": "1408091768", 
    "group-id": "subset_k", 
    "speaker-id": "14_01", 
    "turns": [
        {
            "annotations": [
                {
                    "annotator-id": "04_C", 
                    "breakdown": "O", 
                    "comment": "", 
                    "ungrammatical-sentence": "O"
                }, 
                {
                    "annotator-id": "09_B", 
                    "breakdown": "O", 
                    "comment": "", 
                    "ungrammatical-sentence": "O"
                }
            ], 
            "speaker": "S", 
            "time": "2014-08-15 17:31:12", 
            "turn-index": 0, 
            "utterance": "こんばんは。気軽に声かけてね。"
        }, 
        {
            "annotations": [], 
            "speaker": "U", 
            "time": "2014-08-15 17:31:33", 
            "turn-index": 1, 
            "utterance": "こんばんわ。もう晩ご飯たべました？"
        }, 
        {
            "annotations": [
                {
                    "annotator-id": "04_C", 
                    "breakdown": "O", 
                    "comment": "", 
                    "ungrammatical-sentence": "O"
                }, 
                {
                    "annotator-id": "09_B", 
                    "breakdown": "T", 
                    "comment": "", 
                    "ungrammatical-sentence": "O"
                }
            ], 
            "speaker": "S", 
            "time": "2014-08-15 17:31:33", 
            "turn-index": 2, 
            "utterance": "何か普段の生活で気をつけていることはありますか。"
        }, 
        {
            "annotations": [], 
            "speaker": "U", 
            "time": "2014-08-15 17:32:05", 
            "turn-index": 3, 
            "utterance": "夜19時以降は食べないことですかね"
        }, 
        {
            "annotations": [
                {
                    "annotator-id": "04_C", 
                    "breakdown": "O", 
                    "comment": "", 
                    "ungrammatical-sentence": "O"
                }, 
                {
                    "annotator-id": "09_B", 
                    "breakdown": "O", 
                    "comment": "", 
                    "ungrammatical-sentence": "O"
                }
            ], 
            "speaker": "S", 
            "time": "2014-08-15 17:32:05", 
            "turn-index": 4, 
            "utterance": "音楽は好きですか？"
        }, 
        {
            "annotations": [], 
            "speaker": "U", 
            "time": "2014-08-15 17:32:23", 
            "turn-index": 5, 
            "utterance": "サルサが好きです"
        }, 
        {
            "annotations": [
                {
                    "annotator-id": "04_C", 
                    "breakdown": "O", 
                    "comment": "", 
                    "ungrammatical-sentence": "O"
                }, 
                {
                    "annotator-id": "09_B", 
                    "breakdown": "T", 
                    "comment": "", 
                    "ungrammatical-sentence": "O"
                }
            ], 
            "speaker": "S", 
            "time": "2014-08-15 17:32:23", 
            "turn-index": 6, 
            "utterance": "サルサがうまいですね"
        }, 
        {
            "annotations": [], 
            "speaker": "U", 
            "time": "2014-08-15 17:33:03", 
            "turn-index": 7, 
            "utterance": "音楽を聞くのが好きなだけですよ。あなたは音楽がすきですか？"
        }, 
        {
            "annotations": [
                {
                    "annotator-id": "04_C", 
                    "breakdown": "T", 
                    "comment": "どんなジャンルか不明", 
                    "ungrammatical-sentence": "O"
                }, 
                {
                    "annotator-id": "09_B", 
                    "breakdown": "T", 
                    "comment": "", 
                    "ungrammatical-sentence": "O"
                }
            ], 
            "speaker": "S", 
            "time": "2014-08-15 17:33:03", 
            "turn-index": 8, 
            "utterance": "音楽はジャンルが好きですね"
        }, 
        {
            "annotations": [], 
            "speaker": "U", 
            "time": "2014-08-15 17:33:13", 
            "turn-index": 9, 
            "utterance": "どんなジャンルが好きなんですか？"
        }, 
        {
            "annotations": [
                {
                    "annotator-id": "04_C", 
                    "breakdown": "T", 
                    "comment": "問いの内容(音楽ジャンル)に答えていない", 
                    "ungrammatical-sentence": "O"
                }, 
                {
                    "annotator-id": "09_B", 
                    "breakdown": "X", 
                    "comment": "", 
                    "ungrammatical-sentence": "O"
                }
            ], 
            "speaker": "S", 
            "time": "2014-08-15 17:33:13", 
            "turn-index": 10, 
            "utterance": "音楽がすきですね"
        }, 
        {
            "annotations": [], 
            "speaker": "U", 
            "time": "2014-08-15 17:33:26", 
            "turn-index": 11, 
            "utterance": "たとえばクラッシックとか？"
        }, 
        {
            "annotations": [
                {
                    "annotator-id": "04_C", 
                    "breakdown": "O", 
                    "comment": "", 
                    "ungrammatical-sentence": "O"
                }, 
                {
                    "annotator-id": "09_B", 
                    "breakdown": "O", 
                    "comment": "", 
                    "ungrammatical-sentence": "O"
                }
            ], 
            "speaker": "S", 
            "time": "2014-08-15 17:33:26", 
            "turn-index": 12, 
            "utterance": "クラッシックにはまるようですよ"
        }, 
        {
            "annotations": [], 
            "speaker": "U", 
            "time": "2014-08-15 17:33:47", 
            "turn-index": 13, 
            "utterance": "どんな作曲家が好きですか？"
        }, 
        {
            "annotations": [
                {
                    "annotator-id": "04_C", 
                    "breakdown": "T", 
                    "comment": "問いの内容(作曲家名)に答えていない", 
                    "ungrammatical-sentence": "O"
                }, 
                {
                    "annotator-id": "09_B", 
                    "breakdown": "T", 
                    "comment": "", 
                    "ungrammatical-sentence": "O"
                }
            ], 
            "speaker": "S", 
            "time": "2014-08-15 17:33:47", 
            "turn-index": 14, 
            "utterance": "作曲家で有名ですね"
        }, 
        {
            "annotations": [], 
            "speaker": "U", 
            "time": "2014-08-15 17:34:24", 
            "turn-index": 15, 
            "utterance": "有名な人？"
        }, 
        {
            "annotations": [
                {
                    "annotator-id": "04_C", 
                    "breakdown": "X", 
                    "comment": "問いの内容(有名か)に答えていない", 
                    "ungrammatical-sentence": "O"
                }, 
                {
                    "annotator-id": "09_B", 
                    "breakdown": "T", 
                    "comment": "", 
                    "ungrammatical-sentence": "O"
                }
            ], 
            "speaker": "S", 
            "time": "2014-08-15 17:34:24", 
            "turn-index": 16, 
            "utterance": "作曲家を知るらしいですよ"
        }, 
        {
            "annotations": [], 
            "speaker": "U", 
            "time": "2014-08-15 17:34:39", 
            "turn-index": 17, 
            "utterance": "有名な作曲家ですか？"
        }, 
        {
            "annotations": [
                {
                    "annotator-id": "04_C", 
                    "breakdown": "X", 
                    "comment": "問いの内容(有名か)に答えていない", 
                    "ungrammatical-sentence": "O"
                }, 
                {
                    "annotator-id": "09_B", 
                    "breakdown": "X", 
                    "comment": "", 
                    "ungrammatical-sentence": "O"
                }
            ], 
            "speaker": "S", 
            "time": "2014-08-15 17:34:39", 
            "turn-index": 18, 
            "utterance": "作曲家を知ります"
        }, 
        {
            "annotations": [], 
            "speaker": "U", 
            "time": "2014-08-15 17:36:04", 
            "turn-index": 19, 
            "utterance": "具体的にその人の名前はなんですか？"
        }, 
        {
            "annotations": [
                {
                    "annotator-id": "04_C", 
                    "breakdown": "X", 
                    "comment": "問いの内容(作曲家名)に答えていない", 
                    "ungrammatical-sentence": "O"
                }, 
                {
                    "annotator-id": "09_B", 
                    "breakdown": "X", 
                    "comment": "", 
                    "ungrammatical-sentence": "O"
                }
            ], 
            "speaker": "S", 
            "time": "2014-08-15 17:36:04", 
            "turn-index": 20, 
            "utterance": "作曲家が曲を書くのです"
        }
    ]
}