{
    "dialogue-id": "1408333674", 
    "group-id": "subset_g", 
    "speaker-id": "08_07", 
    "turns": [
        {
            "annotations": [
                {
                    "annotator-id": "09_B", 
                    "breakdown": "O", 
                    "comment": "", 
                    "ungrammatical-sentence": "O"
                }, 
                {
                    "annotator-id": "12_A", 
                    "breakdown": "O", 
                    "comment": "", 
                    "ungrammatical-sentence": "O"
                }
            ], 
            "speaker": "S", 
            "time": "2014-08-18 12:44:56", 
            "turn-index": 0, 
            "utterance": "こんにちは。海へ行きたいね。"
        }, 
        {
            "annotations": [], 
            "speaker": "U", 
            "time": "2014-08-18 12:45:12", 
            "turn-index": 1, 
            "utterance": "今日は晴れですしね"
        }, 
        {
            "annotations": [
                {
                    "annotator-id": "09_B", 
                    "breakdown": "O", 
                    "comment": "", 
                    "ungrammatical-sentence": "O"
                }, 
                {
                    "annotator-id": "12_A", 
                    "breakdown": "O", 
                    "comment": "", 
                    "ungrammatical-sentence": "O"
                }
            ], 
            "speaker": "S", 
            "time": "2014-08-18 12:45:12", 
            "turn-index": 2, 
            "utterance": "晴れはいいですね"
        }, 
        {
            "annotations": [], 
            "speaker": "U", 
            "time": "2014-08-18 12:45:25", 
            "turn-index": 3, 
            "utterance": "海で泳ぎたいですね"
        }, 
        {
            "annotations": [
                {
                    "annotator-id": "09_B", 
                    "breakdown": "O", 
                    "comment": "", 
                    "ungrammatical-sentence": "O"
                }, 
                {
                    "annotator-id": "12_A", 
                    "breakdown": "O", 
                    "comment": "", 
                    "ungrammatical-sentence": "O"
                }
            ], 
            "speaker": "S", 
            "time": "2014-08-18 12:45:25", 
            "turn-index": 4, 
            "utterance": "気持ちがいいですね"
        }, 
        {
            "annotations": [], 
            "speaker": "U", 
            "time": "2014-08-18 12:45:36", 
            "turn-index": 5, 
            "utterance": "海で泳いだら気持ちが良いですね。"
        }, 
        {
            "annotations": [
                {
                    "annotator-id": "09_B", 
                    "breakdown": "O", 
                    "comment": "", 
                    "ungrammatical-sentence": "O"
                }, 
                {
                    "annotator-id": "12_A", 
                    "breakdown": "O", 
                    "comment": "", 
                    "ungrammatical-sentence": "O"
                }
            ], 
            "speaker": "S", 
            "time": "2014-08-18 12:45:36", 
            "turn-index": 6, 
            "utterance": "海は好きですね"
        }, 
        {
            "annotations": [], 
            "speaker": "U", 
            "time": "2014-08-18 12:45:45", 
            "turn-index": 7, 
            "utterance": "泳ぐのは好きですか？"
        }, 
        {
            "annotations": [
                {
                    "annotator-id": "09_B", 
                    "breakdown": "O", 
                    "comment": "", 
                    "ungrammatical-sentence": "O"
                }, 
                {
                    "annotator-id": "12_A", 
                    "breakdown": "O", 
                    "comment": "", 
                    "ungrammatical-sentence": "O"
                }
            ], 
            "speaker": "S", 
            "time": "2014-08-18 12:45:45", 
            "turn-index": 8, 
            "utterance": "海は大好きですね"
        }, 
        {
            "annotations": [], 
            "speaker": "U", 
            "time": "2014-08-18 12:45:58", 
            "turn-index": 9, 
            "utterance": "よく海に行くのですか？"
        }, 
        {
            "annotations": [
                {
                    "annotator-id": "09_B", 
                    "breakdown": "O", 
                    "comment": "", 
                    "ungrammatical-sentence": "O"
                }, 
                {
                    "annotator-id": "12_A", 
                    "breakdown": "O", 
                    "comment": "", 
                    "ungrammatical-sentence": "O"
                }
            ], 
            "speaker": "S", 
            "time": "2014-08-18 12:45:58", 
            "turn-index": 10, 
            "utterance": "気持ちがいいです"
        }, 
        {
            "annotations": [], 
            "speaker": "U", 
            "time": "2014-08-18 12:46:18", 
            "turn-index": 11, 
            "utterance": "お勧めの海水浴場はありますか？"
        }, 
        {
            "annotations": [
                {
                    "annotator-id": "09_B", 
                    "breakdown": "O", 
                    "comment": "", 
                    "ungrammatical-sentence": "O"
                }, 
                {
                    "annotator-id": "12_A", 
                    "breakdown": "O", 
                    "comment": "", 
                    "ungrammatical-sentence": "O"
                }
            ], 
            "speaker": "S", 
            "time": "2014-08-18 12:46:18", 
            "turn-index": 12, 
            "utterance": "海水浴場に行くのです"
        }, 
        {
            "annotations": [], 
            "speaker": "U", 
            "time": "2014-08-18 12:46:45", 
            "turn-index": 13, 
            "utterance": "海水浴場に行くとしたらどこの海水浴場がおすすめですか？"
        }, 
        {
            "annotations": [
                {
                    "annotator-id": "09_B", 
                    "breakdown": "O", 
                    "comment": "", 
                    "ungrammatical-sentence": "O"
                }, 
                {
                    "annotator-id": "12_A", 
                    "breakdown": "X", 
                    "comment": "", 
                    "ungrammatical-sentence": "O"
                }
            ], 
            "speaker": "S", 
            "time": "2014-08-18 12:46:45", 
            "turn-index": 14, 
            "utterance": "海水浴場は近いですね"
        }, 
        {
            "annotations": [], 
            "speaker": "U", 
            "time": "2014-08-18 12:47:08", 
            "turn-index": 15, 
            "utterance": "近い海水浴場がおすすめですか。ここだと和歌山の白浜とかですかね？"
        }, 
        {
            "annotations": [
                {
                    "annotator-id": "09_B", 
                    "breakdown": "O", 
                    "comment": "", 
                    "ungrammatical-sentence": "O"
                }, 
                {
                    "annotator-id": "12_A", 
                    "breakdown": "O", 
                    "comment": "", 
                    "ungrammatical-sentence": "O"
                }
            ], 
            "speaker": "S", 
            "time": "2014-08-18 12:47:08", 
            "turn-index": 16, 
            "utterance": "海水浴場を探すようです"
        }, 
        {
            "annotations": [], 
            "speaker": "U", 
            "time": "2014-08-18 12:47:30", 
            "turn-index": 17, 
            "utterance": "海で食べる焼きそばはおいしいですよね？"
        }, 
        {
            "annotations": [
                {
                    "annotator-id": "09_B", 
                    "breakdown": "T", 
                    "comment": "", 
                    "ungrammatical-sentence": "O"
                }, 
                {
                    "annotator-id": "12_A", 
                    "breakdown": "T", 
                    "comment": "", 
                    "ungrammatical-sentence": "O"
                }
            ], 
            "speaker": "S", 
            "time": "2014-08-18 12:47:30", 
            "turn-index": 18, 
            "utterance": "海で泳げないそうです"
        }, 
        {
            "annotations": [], 
            "speaker": "U", 
            "time": "2014-08-18 12:47:49", 
            "turn-index": 19, 
            "utterance": "そうなんですか。私は泳げますよ！"
        }, 
        {
            "annotations": [
                {
                    "annotator-id": "09_B", 
                    "breakdown": "T", 
                    "comment": "", 
                    "ungrammatical-sentence": "O"
                }, 
                {
                    "annotator-id": "12_A", 
                    "breakdown": "O", 
                    "comment": "", 
                    "ungrammatical-sentence": "O"
                }
            ], 
            "speaker": "S", 
            "time": "2014-08-18 12:47:49", 
            "turn-index": 20, 
            "utterance": "海にもぐるらしいんです"
        }
    ]
}