{
    "dialogue-id": "1408325522", 
    "group-id": "subset_d", 
    "speaker-id": "01_02", 
    "turns": [
        {
            "annotations": [
                {
                    "annotator-id": "05_A", 
                    "breakdown": "O", 
                    "comment": "", 
                    "ungrammatical-sentence": "O"
                }, 
                {
                    "annotator-id": "07_A", 
                    "breakdown": "O", 
                    "comment": "", 
                    "ungrammatical-sentence": "O"
                }
            ], 
            "speaker": "S", 
            "time": "2014-08-18 10:14:01", 
            "turn-index": 0, 
            "utterance": "おはよー。ちょうど退屈してたんだ。"
        }, 
        {
            "annotations": [], 
            "speaker": "U", 
            "time": "2014-08-18 10:28:29", 
            "turn-index": 1, 
            "utterance": "おはよー"
        }, 
        {
            "annotations": [
                {
                    "annotator-id": "05_A", 
                    "breakdown": "O", 
                    "comment": "", 
                    "ungrammatical-sentence": "O"
                }, 
                {
                    "annotator-id": "07_A", 
                    "breakdown": "O", 
                    "comment": "", 
                    "ungrammatical-sentence": "O"
                }
            ], 
            "speaker": "S", 
            "time": "2014-08-18 10:28:29", 
            "turn-index": 2, 
            "utterance": "おはよー今日も頑張ろう"
        }, 
        {
            "annotations": [], 
            "speaker": "U", 
            "time": "2014-08-18 10:28:46", 
            "turn-index": 3, 
            "utterance": "今日の天気は曇りだね"
        }, 
        {
            "annotations": [
                {
                    "annotator-id": "05_A", 
                    "breakdown": "X", 
                    "comment": "", 
                    "ungrammatical-sentence": "O"
                }, 
                {
                    "annotator-id": "07_A", 
                    "breakdown": "X", 
                    "comment": "意味がわからない", 
                    "ungrammatical-sentence": "X"
                }
            ], 
            "speaker": "S", 
            "time": "2014-08-18 10:28:46", 
            "turn-index": 4, 
            "utterance": "退屈は心ですね"
        }, 
        {
            "annotations": [], 
            "speaker": "U", 
            "time": "2014-08-18 10:29:02", 
            "turn-index": 5, 
            "utterance": "退屈なんですか？"
        }, 
        {
            "annotations": [
                {
                    "annotator-id": "05_A", 
                    "breakdown": "X", 
                    "comment": "", 
                    "ungrammatical-sentence": "O"
                }, 
                {
                    "annotator-id": "07_A", 
                    "breakdown": "O", 
                    "comment": "", 
                    "ungrammatical-sentence": "O"
                }
            ], 
            "speaker": "S", 
            "time": "2014-08-18 10:29:02", 
            "turn-index": 6, 
            "utterance": "退屈を紛らわせるらしいですよ"
        }, 
        {
            "annotations": [], 
            "speaker": "U", 
            "time": "2014-08-18 10:29:14", 
            "turn-index": 7, 
            "utterance": "どうやってですか？"
        }, 
        {
            "annotations": [
                {
                    "annotator-id": "05_A", 
                    "breakdown": "O", 
                    "comment": "", 
                    "ungrammatical-sentence": "O"
                }, 
                {
                    "annotator-id": "07_A", 
                    "breakdown": "O", 
                    "comment": "", 
                    "ungrammatical-sentence": "O"
                }
            ], 
            "speaker": "S", 
            "time": "2014-08-18 10:29:14", 
            "turn-index": 8, 
            "utterance": "どうにかして"
        }, 
        {
            "annotations": [], 
            "speaker": "U", 
            "time": "2014-08-18 10:29:40", 
            "turn-index": 9, 
            "utterance": "そうですか"
        }, 
        {
            "annotations": [
                {
                    "annotator-id": "05_A", 
                    "breakdown": "O", 
                    "comment": "", 
                    "ungrammatical-sentence": "O"
                }, 
                {
                    "annotator-id": "07_A", 
                    "breakdown": "O", 
                    "comment": "", 
                    "ungrammatical-sentence": "O"
                }
            ], 
            "speaker": "S", 
            "time": "2014-08-18 10:29:40", 
            "turn-index": 10, 
            "utterance": "そうです"
        }, 
        {
            "annotations": [], 
            "speaker": "U", 
            "time": "2014-08-18 10:29:54", 
            "turn-index": 11, 
            "utterance": "幽霊は信じますか？"
        }, 
        {
            "annotations": [
                {
                    "annotator-id": "05_A", 
                    "breakdown": "O", 
                    "comment": "", 
                    "ungrammatical-sentence": "O"
                }, 
                {
                    "annotator-id": "07_A", 
                    "breakdown": "O", 
                    "comment": "", 
                    "ungrammatical-sentence": "O"
                }
            ], 
            "speaker": "S", 
            "time": "2014-08-18 10:29:54", 
            "turn-index": 12, 
            "utterance": "幽霊が家に出ます"
        }, 
        {
            "annotations": [], 
            "speaker": "U", 
            "time": "2014-08-18 10:30:07", 
            "turn-index": 13, 
            "utterance": "幽霊について教えて"
        }, 
        {
            "annotations": [
                {
                    "annotator-id": "05_A", 
                    "breakdown": "X", 
                    "comment": "", 
                    "ungrammatical-sentence": "O"
                }, 
                {
                    "annotator-id": "07_A", 
                    "breakdown": "X", 
                    "comment": "主張が変わっている", 
                    "ungrammatical-sentence": "O"
                }
            ], 
            "speaker": "S", 
            "time": "2014-08-18 10:30:07", 
            "turn-index": 14, 
            "utterance": "幽霊が出ないそうですよ"
        }, 
        {
            "annotations": [], 
            "speaker": "U", 
            "time": "2014-08-18 10:31:37", 
            "turn-index": 15, 
            "utterance": "眠くなってきました"
        }, 
        {
            "annotations": [
                {
                    "annotator-id": "05_A", 
                    "breakdown": "O", 
                    "comment": "", 
                    "ungrammatical-sentence": "O"
                }, 
                {
                    "annotator-id": "07_A", 
                    "breakdown": "O", 
                    "comment": "", 
                    "ungrammatical-sentence": "O"
                }
            ], 
            "speaker": "S", 
            "time": "2014-08-18 10:31:37", 
            "turn-index": 16, 
            "utterance": "寝ろ"
        }, 
        {
            "annotations": [], 
            "speaker": "U", 
            "time": "2014-08-18 10:31:49", 
            "turn-index": 17, 
            "utterance": "そうします"
        }, 
        {
            "annotations": [
                {
                    "annotator-id": "05_A", 
                    "breakdown": "O", 
                    "comment": "", 
                    "ungrammatical-sentence": "O"
                }, 
                {
                    "annotator-id": "07_A", 
                    "breakdown": "O", 
                    "comment": "", 
                    "ungrammatical-sentence": "O"
                }
            ], 
            "speaker": "S", 
            "time": "2014-08-18 10:31:49", 
            "turn-index": 18, 
            "utterance": "お大事に"
        }, 
        {
            "annotations": [], 
            "speaker": "U", 
            "time": "2014-08-18 10:31:56", 
            "turn-index": 19, 
            "utterance": "おやすみ"
        }, 
        {
            "annotations": [
                {
                    "annotator-id": "05_A", 
                    "breakdown": "O", 
                    "comment": "", 
                    "ungrammatical-sentence": "O"
                }, 
                {
                    "annotator-id": "07_A", 
                    "breakdown": "O", 
                    "comment": "", 
                    "ungrammatical-sentence": "O"
                }
            ], 
            "speaker": "S", 
            "time": "2014-08-18 10:31:56", 
            "turn-index": 20, 
            "utterance": "おやすみまた明日"
        }
    ]
}