{
    "dialogue-id": "1408605103", 
    "group-id": "subset_b", 
    "speaker-id": "09_11", 
    "turns": [
        {
            "annotations": [
                {
                    "annotator-id": "02_A", 
                    "breakdown": "O", 
                    "comment": "", 
                    "ungrammatical-sentence": "O"
                }, 
                {
                    "annotator-id": "03_A", 
                    "breakdown": "O", 
                    "comment": "", 
                    "ungrammatical-sentence": "O"
                }
            ], 
            "speaker": "S", 
            "time": "2014-08-21 16:01:47", 
            "turn-index": 0, 
            "utterance": "こんにちはー。気軽に声かけてね。"
        }, 
        {
            "annotations": [], 
            "speaker": "U", 
            "time": "2014-08-21 16:02:22", 
            "turn-index": 1, 
            "utterance": "こんにちは！最近気になるニュースとかありますか？"
        }, 
        {
            "annotations": [
                {
                    "annotator-id": "02_A", 
                    "breakdown": "O", 
                    "comment": "", 
                    "ungrammatical-sentence": "O"
                }, 
                {
                    "annotator-id": "03_A", 
                    "breakdown": "T", 
                    "comment": "", 
                    "ungrammatical-sentence": "O"
                }
            ], 
            "speaker": "S", 
            "time": "2014-08-21 16:02:22", 
            "turn-index": 2, 
            "utterance": "家事は好きですか？"
        }, 
        {
            "annotations": [], 
            "speaker": "U", 
            "time": "2014-08-21 16:02:44", 
            "turn-index": 3, 
            "utterance": "家事は好きなものと嫌いなものがあります"
        }, 
        {
            "annotations": [
                {
                    "annotator-id": "02_A", 
                    "breakdown": "O", 
                    "comment": "", 
                    "ungrammatical-sentence": "O"
                }, 
                {
                    "annotator-id": "03_A", 
                    "breakdown": "O", 
                    "comment": "", 
                    "ungrammatical-sentence": "O"
                }
            ], 
            "speaker": "S", 
            "time": "2014-08-21 16:02:44", 
            "turn-index": 4, 
            "utterance": "家事は女性がいいですね"
        }, 
        {
            "annotations": [], 
            "speaker": "U", 
            "time": "2014-08-21 16:02:59", 
            "turn-index": 5, 
            "utterance": "家事は男性もするべきですよ"
        }, 
        {
            "annotations": [
                {
                    "annotator-id": "02_A", 
                    "breakdown": "T", 
                    "comment": "", 
                    "ungrammatical-sentence": "O"
                }, 
                {
                    "annotator-id": "03_A", 
                    "breakdown": "O", 
                    "comment": "", 
                    "ungrammatical-sentence": "O"
                }
            ], 
            "speaker": "S", 
            "time": "2014-08-21 16:02:59", 
            "turn-index": 6, 
            "utterance": "家事はいい加減がいいですね"
        }, 
        {
            "annotations": [], 
            "speaker": "U", 
            "time": "2014-08-21 16:03:20", 
            "turn-index": 7, 
            "utterance": "全て完璧になんかできませんからね！"
        }, 
        {
            "annotations": [
                {
                    "annotator-id": "02_A", 
                    "breakdown": "X", 
                    "comment": "", 
                    "ungrammatical-sentence": "O"
                }, 
                {
                    "annotator-id": "03_A", 
                    "breakdown": "T", 
                    "comment": "", 
                    "ungrammatical-sentence": "O"
                }
            ], 
            "speaker": "S", 
            "time": "2014-08-21 16:03:20", 
            "turn-index": 8, 
            "utterance": "家事は完璧よねー"
        }, 
        {
            "annotations": [], 
            "speaker": "U", 
            "time": "2014-08-21 16:03:42", 
            "turn-index": 9, 
            "utterance": "私は完璧な家事はできませんよー"
        }, 
        {
            "annotations": [
                {
                    "annotator-id": "02_A", 
                    "breakdown": "T", 
                    "comment": "", 
                    "ungrammatical-sentence": "O"
                }, 
                {
                    "annotator-id": "03_A", 
                    "breakdown": "O", 
                    "comment": "", 
                    "ungrammatical-sentence": "O"
                }
            ], 
            "speaker": "S", 
            "time": "2014-08-21 16:03:42", 
            "turn-index": 10, 
            "utterance": "家事はやりやすいですね"
        }, 
        {
            "annotations": [], 
            "speaker": "U", 
            "time": "2014-08-21 16:04:06", 
            "turn-index": 11, 
            "utterance": "羨ましいです。料理とか苦手なもので。"
        }, 
        {
            "annotations": [
                {
                    "annotator-id": "02_A", 
                    "breakdown": "T", 
                    "comment": "", 
                    "ungrammatical-sentence": "O"
                }, 
                {
                    "annotator-id": "03_A", 
                    "breakdown": "T", 
                    "comment": "", 
                    "ungrammatical-sentence": "O"
                }
            ], 
            "speaker": "S", 
            "time": "2014-08-21 16:04:06", 
            "turn-index": 12, 
            "utterance": "料理は得意か"
        }, 
        {
            "annotations": [], 
            "speaker": "U", 
            "time": "2014-08-21 16:06:35", 
            "turn-index": 13, 
            "utterance": "料理は苦手だ"
        }, 
        {
            "annotations": [
                {
                    "annotator-id": "02_A", 
                    "breakdown": "O", 
                    "comment": "", 
                    "ungrammatical-sentence": "O"
                }, 
                {
                    "annotator-id": "03_A", 
                    "breakdown": "O", 
                    "comment": "", 
                    "ungrammatical-sentence": "O"
                }
            ], 
            "speaker": "S", 
            "time": "2014-08-21 16:06:35", 
            "turn-index": 14, 
            "utterance": "料理は不得意か？？"
        }, 
        {
            "annotations": [], 
            "speaker": "U", 
            "time": "2014-08-21 16:08:13", 
            "turn-index": 15, 
            "utterance": "不得意ですよ。何を作ったらいいのか思いつかないのです"
        }, 
        {
            "annotations": [
                {
                    "annotator-id": "02_A", 
                    "breakdown": "T", 
                    "comment": "", 
                    "ungrammatical-sentence": "O"
                }, 
                {
                    "annotator-id": "03_A", 
                    "breakdown": "X", 
                    "comment": "", 
                    "ungrammatical-sentence": "O"
                }
            ], 
            "speaker": "S", 
            "time": "2014-08-21 16:08:13", 
            "turn-index": 16, 
            "utterance": "料理は上手か？？"
        }, 
        {
            "annotations": [], 
            "speaker": "U", 
            "time": "2014-08-21 16:08:48", 
            "turn-index": 17, 
            "utterance": "洗濯は得意ですよ"
        }, 
        {
            "annotations": [
                {
                    "annotator-id": "02_A", 
                    "breakdown": "T", 
                    "comment": "", 
                    "ungrammatical-sentence": "O"
                }, 
                {
                    "annotator-id": "03_A", 
                    "breakdown": "O", 
                    "comment": "", 
                    "ungrammatical-sentence": "O"
                }
            ], 
            "speaker": "S", 
            "time": "2014-08-21 16:08:48", 
            "turn-index": 18, 
            "utterance": "洗濯は得意か"
        }, 
        {
            "annotations": [], 
            "speaker": "U", 
            "time": "2014-08-21 16:09:17", 
            "turn-index": 19, 
            "utterance": "得意といっても洗濯機がやってくれるだけですけどね"
        }, 
        {
            "annotations": [
                {
                    "annotator-id": "02_A", 
                    "breakdown": "T", 
                    "comment": "", 
                    "ungrammatical-sentence": "O"
                }, 
                {
                    "annotator-id": "03_A", 
                    "breakdown": "O", 
                    "comment": "", 
                    "ungrammatical-sentence": "O"
                }
            ], 
            "speaker": "S", 
            "time": "2014-08-21 16:09:17", 
            "turn-index": 20, 
            "utterance": "洗濯機は不調か"
        }
    ]
}