{
    "dialogue-id": "1408158753", 
    "group-id": "subset_e", 
    "speaker-id": "08_09", 
    "turns": [
        {
            "annotations": [
                {
                    "annotator-id": "05_B", 
                    "breakdown": "O", 
                    "comment": "", 
                    "ungrammatical-sentence": "O"
                }, 
                {
                    "annotator-id": "08_B", 
                    "breakdown": "O", 
                    "comment": "", 
                    "ungrammatical-sentence": "O"
                }
            ], 
            "speaker": "S", 
            "time": "2014-08-16 12:10:30", 
            "turn-index": 0, 
            "utterance": "こんにちはー。夏といえばスイカだね。"
        }, 
        {
            "annotations": [], 
            "speaker": "U", 
            "time": "2014-08-16 12:10:42", 
            "turn-index": 1, 
            "utterance": "こんにちはースイカおいしい"
        }, 
        {
            "annotations": [
                {
                    "annotator-id": "05_B", 
                    "breakdown": "O", 
                    "comment": "", 
                    "ungrammatical-sentence": "O"
                }, 
                {
                    "annotator-id": "08_B", 
                    "breakdown": "O", 
                    "comment": "", 
                    "ungrammatical-sentence": "O"
                }
            ], 
            "speaker": "S", 
            "time": "2014-08-16 12:10:42", 
            "turn-index": 2, 
            "utterance": "スイカは実がなってるのですか？"
        }, 
        {
            "annotations": [], 
            "speaker": "U", 
            "time": "2014-08-16 12:10:48", 
            "turn-index": 3, 
            "utterance": "なるでしょ"
        }, 
        {
            "annotations": [
                {
                    "annotator-id": "05_B", 
                    "breakdown": "T", 
                    "comment": "違和感があるが意味は分かる", 
                    "ungrammatical-sentence": "O"
                }, 
                {
                    "annotator-id": "08_B", 
                    "breakdown": "O", 
                    "comment": "", 
                    "ungrammatical-sentence": "O"
                }
            ], 
            "speaker": "S", 
            "time": "2014-08-16 12:10:48", 
            "turn-index": 4, 
            "utterance": "雌花が咲きます？？"
        }, 
        {
            "annotations": [], 
            "speaker": "U", 
            "time": "2014-08-16 12:10:55", 
            "turn-index": 5, 
            "utterance": "咲くんじゃないの"
        }, 
        {
            "annotations": [
                {
                    "annotator-id": "05_B", 
                    "breakdown": "T", 
                    "comment": "咲くという行為に話題が移っている", 
                    "ungrammatical-sentence": "O"
                }, 
                {
                    "annotator-id": "08_B", 
                    "breakdown": "O", 
                    "comment": "", 
                    "ungrammatical-sentence": "O"
                }
            ], 
            "speaker": "S", 
            "time": "2014-08-16 12:10:55", 
            "turn-index": 6, 
            "utterance": "雌花に受粉してあげるとよいよ。"
        }, 
        {
            "annotations": [], 
            "speaker": "U", 
            "time": "2014-08-16 12:11:03", 
            "turn-index": 7, 
            "utterance": "なんで私が？"
        }, 
        {
            "annotations": [
                {
                    "annotator-id": "05_B", 
                    "breakdown": "X", 
                    "comment": "返答ではない", 
                    "ungrammatical-sentence": "O"
                }, 
                {
                    "annotator-id": "08_B", 
                    "breakdown": "O", 
                    "comment": "", 
                    "ungrammatical-sentence": "O"
                }
            ], 
            "speaker": "S", 
            "time": "2014-08-16 12:11:03", 
            "turn-index": 8, 
            "utterance": "花が咲きます"
        }, 
        {
            "annotations": [], 
            "speaker": "U", 
            "time": "2014-08-16 12:11:14", 
            "turn-index": 9, 
            "utterance": "あなたがしてあげたら？"
        }, 
        {
            "annotations": [
                {
                    "annotator-id": "05_B", 
                    "breakdown": "X", 
                    "comment": "研究が何をさしているのかが不明", 
                    "ungrammatical-sentence": "O"
                }, 
                {
                    "annotator-id": "08_B", 
                    "breakdown": "X", 
                    "comment": "", 
                    "ungrammatical-sentence": "O"
                }
            ], 
            "speaker": "S", 
            "time": "2014-08-16 12:11:14", 
            "turn-index": 10, 
            "utterance": "研究です"
        }, 
        {
            "annotations": [], 
            "speaker": "U", 
            "time": "2014-08-16 12:11:24", 
            "turn-index": 11, 
            "utterance": "研究で忙しいの？"
        }, 
        {
            "annotations": [
                {
                    "annotator-id": "05_B", 
                    "breakdown": "X", 
                    "comment": "深めることを聞いていない", 
                    "ungrammatical-sentence": "O"
                }, 
                {
                    "annotator-id": "08_B", 
                    "breakdown": "O", 
                    "comment": "", 
                    "ungrammatical-sentence": "O"
                }
            ], 
            "speaker": "S", 
            "time": "2014-08-16 12:11:24", 
            "turn-index": 12, 
            "utterance": "研究を深めます"
        }, 
        {
            "annotations": [], 
            "speaker": "U", 
            "time": "2014-08-16 12:11:38", 
            "turn-index": 13, 
            "utterance": "それじゃあ仕方ないね"
        }, 
        {
            "annotations": [
                {
                    "annotator-id": "05_B", 
                    "breakdown": "X", 
                    "comment": "何が研究に値するのかが不明", 
                    "ungrammatical-sentence": "O"
                }, 
                {
                    "annotator-id": "08_B", 
                    "breakdown": "X", 
                    "comment": "", 
                    "ungrammatical-sentence": "O"
                }
            ], 
            "speaker": "S", 
            "time": "2014-08-16 12:11:38", 
            "turn-index": 14, 
            "utterance": "研究に値します"
        }, 
        {
            "annotations": [], 
            "speaker": "U", 
            "time": "2014-08-16 12:11:56", 
            "turn-index": 15, 
            "utterance": "でもスイカ食べたいよ"
        }, 
        {
            "annotations": [
                {
                    "annotator-id": "05_B", 
                    "breakdown": "O", 
                    "comment": "", 
                    "ungrammatical-sentence": "O"
                }, 
                {
                    "annotator-id": "08_B", 
                    "breakdown": "O", 
                    "comment": "", 
                    "ungrammatical-sentence": "O"
                }
            ], 
            "speaker": "S", 
            "time": "2014-08-16 12:11:56", 
            "turn-index": 16, 
            "utterance": "スイカは半分に切りますよねえ"
        }, 
        {
            "annotations": [], 
            "speaker": "U", 
            "time": "2014-08-16 12:12:24", 
            "turn-index": 17, 
            "utterance": "着るね"
        }, 
        {
            "annotations": [
                {
                    "annotator-id": "05_B", 
                    "breakdown": "T", 
                    "comment": "「半分に切った後に取る」は対話になっていない可能性がある", 
                    "ungrammatical-sentence": "O"
                }, 
                {
                    "annotator-id": "08_B", 
                    "breakdown": "O", 
                    "comment": "", 
                    "ungrammatical-sentence": "O"
                }
            ], 
            "speaker": "S", 
            "time": "2014-08-16 12:12:24", 
            "turn-index": 18, 
            "utterance": "スイカを取りますよねー"
        }, 
        {
            "annotations": [], 
            "speaker": "U", 
            "time": "2014-08-16 12:12:31", 
            "turn-index": 19, 
            "utterance": "取りたいね"
        }, 
        {
            "annotations": [
                {
                    "annotator-id": "05_B", 
                    "breakdown": "X", 
                    "comment": "なぜ落ちるのかが想像できない", 
                    "ungrammatical-sentence": "O"
                }, 
                {
                    "annotator-id": "08_B", 
                    "breakdown": "T", 
                    "comment": "", 
                    "ungrammatical-sentence": "O"
                }
            ], 
            "speaker": "S", 
            "time": "2014-08-16 12:12:31", 
            "turn-index": 20, 
            "utterance": "スイカが落ちますよねえ"
        }
    ]
}