{
    "dialogue-id": "1408333408", 
    "group-id": "subset_e", 
    "speaker-id": "08_07", 
    "turns": [
        {
            "annotations": [
                {
                    "annotator-id": "05_B", 
                    "breakdown": "O", 
                    "comment": "", 
                    "ungrammatical-sentence": "O"
                }, 
                {
                    "annotator-id": "08_B", 
                    "breakdown": "O", 
                    "comment": "", 
                    "ungrammatical-sentence": "O"
                }
            ], 
            "speaker": "S", 
            "time": "2014-08-18 12:40:08", 
            "turn-index": 0, 
            "utterance": "こんにちは！声かけてくれるのを待ってたんだ。"
        }, 
        {
            "annotations": [], 
            "speaker": "U", 
            "time": "2014-08-18 12:40:53", 
            "turn-index": 1, 
            "utterance": "こんにちは！今日は天気が良いですね！"
        }, 
        {
            "annotations": [
                {
                    "annotator-id": "05_B", 
                    "breakdown": "O", 
                    "comment": "", 
                    "ungrammatical-sentence": "O"
                }, 
                {
                    "annotator-id": "08_B", 
                    "breakdown": "O", 
                    "comment": "", 
                    "ungrammatical-sentence": "O"
                }
            ], 
            "speaker": "S", 
            "time": "2014-08-18 12:40:53", 
            "turn-index": 2, 
            "utterance": "天気は気持ちがいいですね"
        }, 
        {
            "annotations": [], 
            "speaker": "U", 
            "time": "2014-08-18 12:41:15", 
            "turn-index": 3, 
            "utterance": "はい、晴れている日がやっぱりいいですね。"
        }, 
        {
            "annotations": [
                {
                    "annotator-id": "05_B", 
                    "breakdown": "O", 
                    "comment": "", 
                    "ungrammatical-sentence": "O"
                }, 
                {
                    "annotator-id": "08_B", 
                    "breakdown": "O", 
                    "comment": "", 
                    "ungrammatical-sentence": "O"
                }
            ], 
            "speaker": "S", 
            "time": "2014-08-18 12:41:15", 
            "turn-index": 4, 
            "utterance": "天気がホントに良いですね"
        }, 
        {
            "annotations": [], 
            "speaker": "U", 
            "time": "2014-08-18 12:41:39", 
            "turn-index": 5, 
            "utterance": "こんな日は泳ぎに行きたいですね。"
        }, 
        {
            "annotations": [
                {
                    "annotator-id": "05_B", 
                    "breakdown": "T", 
                    "comment": "ユーザが色々言っていることに気づいていない", 
                    "ungrammatical-sentence": "O"
                }, 
                {
                    "annotator-id": "08_B", 
                    "breakdown": "T", 
                    "comment": "", 
                    "ungrammatical-sentence": "O"
                }
            ], 
            "speaker": "S", 
            "time": "2014-08-18 12:41:39", 
            "turn-index": 6, 
            "utterance": "天気は良いですね"
        }, 
        {
            "annotations": [], 
            "speaker": "U", 
            "time": "2014-08-18 12:41:52", 
            "turn-index": 7, 
            "utterance": "はい。釣りに行ったりするのもいいですね。"
        }, 
        {
            "annotations": [
                {
                    "annotator-id": "05_B", 
                    "breakdown": "O", 
                    "comment": "", 
                    "ungrammatical-sentence": "O"
                }, 
                {
                    "annotator-id": "08_B", 
                    "breakdown": "O", 
                    "comment": "", 
                    "ungrammatical-sentence": "O"
                }
            ], 
            "speaker": "S", 
            "time": "2014-08-18 12:41:52", 
            "turn-index": 8, 
            "utterance": "天気は晴れがいいですね"
        }, 
        {
            "annotations": [], 
            "speaker": "U", 
            "time": "2014-08-18 12:42:06", 
            "turn-index": 9, 
            "utterance": "晴れが一番です。"
        }, 
        {
            "annotations": [
                {
                    "annotator-id": "05_B", 
                    "breakdown": "O", 
                    "comment": "", 
                    "ungrammatical-sentence": "O"
                }, 
                {
                    "annotator-id": "08_B", 
                    "breakdown": "O", 
                    "comment": "", 
                    "ungrammatical-sentence": "O"
                }
            ], 
            "speaker": "S", 
            "time": "2014-08-18 12:42:06", 
            "turn-index": 10, 
            "utterance": "晴れはいいですね"
        }, 
        {
            "annotations": [], 
            "speaker": "U", 
            "time": "2014-08-18 12:42:23", 
            "turn-index": 11, 
            "utterance": "雨は嫌いですか？"
        }, 
        {
            "annotations": [
                {
                    "annotator-id": "05_B", 
                    "breakdown": "O", 
                    "comment": "", 
                    "ungrammatical-sentence": "O"
                }, 
                {
                    "annotator-id": "08_B", 
                    "breakdown": "O", 
                    "comment": "", 
                    "ungrammatical-sentence": "O"
                }
            ], 
            "speaker": "S", 
            "time": "2014-08-18 12:42:23", 
            "turn-index": 12, 
            "utterance": "雨は大丈夫ですね"
        }, 
        {
            "annotations": [], 
            "speaker": "U", 
            "time": "2014-08-18 12:42:32", 
            "turn-index": 13, 
            "utterance": "そうなんですか"
        }, 
        {
            "annotations": [
                {
                    "annotator-id": "05_B", 
                    "breakdown": "O", 
                    "comment": "", 
                    "ungrammatical-sentence": "O"
                }, 
                {
                    "annotator-id": "08_B", 
                    "breakdown": "O", 
                    "comment": "", 
                    "ungrammatical-sentence": "O"
                }
            ], 
            "speaker": "S", 
            "time": "2014-08-18 12:42:32", 
            "turn-index": 14, 
            "utterance": "そうです"
        }, 
        {
            "annotations": [], 
            "speaker": "U", 
            "time": "2014-08-18 12:42:43", 
            "turn-index": 15, 
            "utterance": "今日は何されるのですか？"
        }, 
        {
            "annotations": [
                {
                    "annotator-id": "05_B", 
                    "breakdown": "X", 
                    "comment": "天気のことは聞いていない", 
                    "ungrammatical-sentence": "O"
                }, 
                {
                    "annotator-id": "08_B", 
                    "breakdown": "X", 
                    "comment": "", 
                    "ungrammatical-sentence": "O"
                }
            ], 
            "speaker": "S", 
            "time": "2014-08-18 12:42:43", 
            "turn-index": 16, 
            "utterance": "雨は大丈夫です"
        }, 
        {
            "annotations": [], 
            "speaker": "U", 
            "time": "2014-08-18 12:42:58", 
            "turn-index": 17, 
            "utterance": "雨でも大丈夫なことをするのですか？"
        }, 
        {
            "annotations": [
                {
                    "annotator-id": "05_B", 
                    "breakdown": "O", 
                    "comment": "", 
                    "ungrammatical-sentence": "O"
                }, 
                {
                    "annotator-id": "08_B", 
                    "breakdown": "T", 
                    "comment": "", 
                    "ungrammatical-sentence": "O"
                }
            ], 
            "speaker": "S", 
            "time": "2014-08-18 12:42:58", 
            "turn-index": 18, 
            "utterance": "雨は心配ないです"
        }, 
        {
            "annotations": [], 
            "speaker": "U", 
            "time": "2014-08-18 12:43:23", 
            "turn-index": 19, 
            "utterance": "そうなんですか。車で何かするのですか？"
        }, 
        {
            "annotations": [
                {
                    "annotator-id": "05_B", 
                    "breakdown": "T", 
                    "comment": "何をするかを答えていない", 
                    "ungrammatical-sentence": "O"
                }, 
                {
                    "annotator-id": "08_B", 
                    "breakdown": "O", 
                    "comment": "", 
                    "ungrammatical-sentence": "O"
                }
            ], 
            "speaker": "S", 
            "time": "2014-08-18 12:43:23", 
            "turn-index": 20, 
            "utterance": "車から降りたくないです"
        }
    ]
}