{
    "dialogue-id": "1408672575", 
    "group-id": "subset_d", 
    "speaker-id": "04_03", 
    "turns": [
        {
            "annotations": [
                {
                    "annotator-id": "05_A", 
                    "breakdown": "O", 
                    "comment": "", 
                    "ungrammatical-sentence": "O"
                }, 
                {
                    "annotator-id": "07_A", 
                    "breakdown": "O", 
                    "comment": "", 
                    "ungrammatical-sentence": "O"
                }
            ], 
            "speaker": "S", 
            "time": "2014-08-22 10:54:30", 
            "turn-index": 0, 
            "utterance": "おはよー。声かけてくれるのを待ってたんだ。"
        }, 
        {
            "annotations": [], 
            "speaker": "U", 
            "time": "2014-08-22 10:54:36", 
            "turn-index": 1, 
            "utterance": "旅行に行きたいなー"
        }, 
        {
            "annotations": [
                {
                    "annotator-id": "05_A", 
                    "breakdown": "O", 
                    "comment": "", 
                    "ungrammatical-sentence": "O"
                }, 
                {
                    "annotator-id": "07_A", 
                    "breakdown": "O", 
                    "comment": "", 
                    "ungrammatical-sentence": "O"
                }
            ], 
            "speaker": "S", 
            "time": "2014-08-22 10:54:36", 
            "turn-index": 2, 
            "utterance": "どこに行きたいんですか"
        }, 
        {
            "annotations": [], 
            "speaker": "U", 
            "time": "2014-08-22 10:54:57", 
            "turn-index": 3, 
            "utterance": "シアトルにいる友達に会いに行きたいと思ってます"
        }, 
        {
            "annotations": [
                {
                    "annotator-id": "05_A", 
                    "breakdown": "X", 
                    "comment": "", 
                    "ungrammatical-sentence": "O"
                }, 
                {
                    "annotator-id": "07_A", 
                    "breakdown": "O", 
                    "comment": "", 
                    "ungrammatical-sentence": "O"
                }
            ], 
            "speaker": "S", 
            "time": "2014-08-22 10:54:57", 
            "turn-index": 4, 
            "utterance": "会いにゆきますよねえ"
        }, 
        {
            "annotations": [], 
            "speaker": "U", 
            "time": "2014-08-22 10:55:06", 
            "turn-index": 5, 
            "utterance": "もうずっと会ってないんですよ"
        }, 
        {
            "annotations": [
                {
                    "annotator-id": "05_A", 
                    "breakdown": "X", 
                    "comment": "", 
                    "ungrammatical-sentence": "O"
                }, 
                {
                    "annotator-id": "07_A", 
                    "breakdown": "T", 
                    "comment": "", 
                    "ungrammatical-sentence": "O"
                }
            ], 
            "speaker": "S", 
            "time": "2014-08-22 10:55:06", 
            "turn-index": 6, 
            "utterance": "会いに行かせますよねー"
        }, 
        {
            "annotations": [], 
            "speaker": "U", 
            "time": "2014-08-22 10:55:14", 
            "turn-index": 7, 
            "utterance": "行かせてください！"
        }, 
        {
            "annotations": [
                {
                    "annotator-id": "05_A", 
                    "breakdown": "O", 
                    "comment": "", 
                    "ungrammatical-sentence": "O"
                }, 
                {
                    "annotator-id": "07_A", 
                    "breakdown": "T", 
                    "comment": "", 
                    "ungrammatical-sentence": "O"
                }
            ], 
            "speaker": "S", 
            "time": "2014-08-22 10:55:14", 
            "turn-index": 8, 
            "utterance": "ぜひ来てください"
        }, 
        {
            "annotations": [], 
            "speaker": "U", 
            "time": "2014-08-22 10:55:24", 
            "turn-index": 9, 
            "utterance": "先立つものがありません…"
        }, 
        {
            "annotations": [
                {
                    "annotator-id": "05_A", 
                    "breakdown": "X", 
                    "comment": "", 
                    "ungrammatical-sentence": "O"
                }, 
                {
                    "annotator-id": "07_A", 
                    "breakdown": "T", 
                    "comment": "", 
                    "ungrammatical-sentence": "O"
                }
            ], 
            "speaker": "S", 
            "time": "2014-08-22 10:55:24", 
            "turn-index": 10, 
            "utterance": "会いに行かせるんですか？"
        }, 
        {
            "annotations": [], 
            "speaker": "U", 
            "time": "2014-08-22 10:55:39", 
            "turn-index": 11, 
            "utterance": "経済的援助が必要なんですけど"
        }, 
        {
            "annotations": [
                {
                    "annotator-id": "05_A", 
                    "breakdown": "X", 
                    "comment": "", 
                    "ungrammatical-sentence": "O"
                }, 
                {
                    "annotator-id": "07_A", 
                    "breakdown": "T", 
                    "comment": "", 
                    "ungrammatical-sentence": "O"
                }
            ], 
            "speaker": "S", 
            "time": "2014-08-22 10:55:39", 
            "turn-index": 12, 
            "utterance": "経済的援助を惜しまないんですよねえ"
        }, 
        {
            "annotations": [], 
            "speaker": "U", 
            "time": "2014-08-22 10:55:44", 
            "turn-index": 13, 
            "utterance": "頼みますよ！"
        }, 
        {
            "annotations": [
                {
                    "annotator-id": "05_A", 
                    "breakdown": "O", 
                    "comment": "", 
                    "ungrammatical-sentence": "O"
                }, 
                {
                    "annotator-id": "07_A", 
                    "breakdown": "O", 
                    "comment": "", 
                    "ungrammatical-sentence": "O"
                }
            ], 
            "speaker": "S", 
            "time": "2014-08-22 10:55:44", 
            "turn-index": 14, 
            "utterance": "うん"
        }, 
        {
            "annotations": [], 
            "speaker": "U", 
            "time": "2014-08-22 10:55:56", 
            "turn-index": 15, 
            "utterance": "え、お金を出してくれるんですか？　太っ腹ですね！"
        }, 
        {
            "annotations": [
                {
                    "annotator-id": "05_A", 
                    "breakdown": "O", 
                    "comment": "", 
                    "ungrammatical-sentence": "O"
                }, 
                {
                    "annotator-id": "07_A", 
                    "breakdown": "O", 
                    "comment": "", 
                    "ungrammatical-sentence": "O"
                }
            ], 
            "speaker": "S", 
            "time": "2014-08-22 10:55:56", 
            "turn-index": 16, 
            "utterance": "経済的援助を惜しんでない"
        }, 
        {
            "annotations": [], 
            "speaker": "U", 
            "time": "2014-08-22 10:56:01", 
            "turn-index": 17, 
            "utterance": "すばらしいです"
        }, 
        {
            "annotations": [
                {
                    "annotator-id": "05_A", 
                    "breakdown": "X", 
                    "comment": "", 
                    "ungrammatical-sentence": "O"
                }, 
                {
                    "annotator-id": "07_A", 
                    "breakdown": "T", 
                    "comment": "", 
                    "ungrammatical-sentence": "O"
                }
            ], 
            "speaker": "S", 
            "time": "2014-08-22 10:56:01", 
            "turn-index": 18, 
            "utterance": "すごい"
        }, 
        {
            "annotations": [], 
            "speaker": "U", 
            "time": "2014-08-22 10:56:12", 
            "turn-index": 19, 
            "utterance": "いくらぐらいお願いできますか？"
        }, 
        {
            "annotations": [
                {
                    "annotator-id": "05_A", 
                    "breakdown": "X", 
                    "comment": "", 
                    "ungrammatical-sentence": "O"
                }, 
                {
                    "annotator-id": "07_A", 
                    "breakdown": "T", 
                    "comment": "", 
                    "ungrammatical-sentence": "O"
                }
            ], 
            "speaker": "S", 
            "time": "2014-08-22 10:56:12", 
            "turn-index": 20, 
            "utterance": "経済的援助を得られてないです"
        }
    ]
}