{
    "dialogue-id": "1408338872", 
    "group-id": "subset_e", 
    "speaker-id": "04_04", 
    "turns": [
        {
            "annotations": [
                {
                    "annotator-id": "05_B", 
                    "breakdown": "O", 
                    "comment": "", 
                    "ungrammatical-sentence": "O"
                }, 
                {
                    "annotator-id": "08_B", 
                    "breakdown": "O", 
                    "comment": "", 
                    "ungrammatical-sentence": "O"
                }
            ], 
            "speaker": "S", 
            "time": "2014-08-18 14:09:59", 
            "turn-index": 0, 
            "utterance": "こんにちは！声かけてくれるのを待ってたんだ。"
        }, 
        {
            "annotations": [], 
            "speaker": "U", 
            "time": "2014-08-18 14:10:09", 
            "turn-index": 1, 
            "utterance": "ただいまー"
        }, 
        {
            "annotations": [
                {
                    "annotator-id": "05_B", 
                    "breakdown": "X", 
                    "comment": "意味が分からない", 
                    "ungrammatical-sentence": "O"
                }, 
                {
                    "annotator-id": "08_B", 
                    "breakdown": "O", 
                    "comment": "", 
                    "ungrammatical-sentence": "O"
                }
            ], 
            "speaker": "S", 
            "time": "2014-08-18 14:10:09", 
            "turn-index": 2, 
            "utterance": "おかぽん"
        }, 
        {
            "annotations": [], 
            "speaker": "U", 
            "time": "2014-08-18 14:10:48", 
            "turn-index": 3, 
            "utterance": "今年はちょっとだけ気温が低めで助かるね。"
        }, 
        {
            "annotations": [
                {
                    "annotator-id": "05_B", 
                    "breakdown": "T", 
                    "comment": "何で辛いのかが分からない", 
                    "ungrammatical-sentence": "O"
                }, 
                {
                    "annotator-id": "08_B", 
                    "breakdown": "O", 
                    "comment": "", 
                    "ungrammatical-sentence": "O"
                }
            ], 
            "speaker": "S", 
            "time": "2014-08-18 14:10:48", 
            "turn-index": 4, 
            "utterance": "気温は辛いですか"
        }, 
        {
            "annotations": [], 
            "speaker": "U", 
            "time": "2014-08-18 14:11:03", 
            "turn-index": 5, 
            "utterance": "猛暑は辛いね。"
        }, 
        {
            "annotations": [
                {
                    "annotator-id": "05_B", 
                    "breakdown": "O", 
                    "comment": "", 
                    "ungrammatical-sentence": "O"
                }, 
                {
                    "annotator-id": "08_B", 
                    "breakdown": "O", 
                    "comment": "", 
                    "ungrammatical-sentence": "O"
                }
            ], 
            "speaker": "S", 
            "time": "2014-08-18 14:11:03", 
            "turn-index": 6, 
            "utterance": "猛暑から急に寒いです"
        }, 
        {
            "annotations": [], 
            "speaker": "U", 
            "time": "2014-08-18 14:11:24", 
            "turn-index": 7, 
            "utterance": "そうかも。秋は短いかも。"
        }, 
        {
            "annotations": [
                {
                    "annotator-id": "05_B", 
                    "breakdown": "O", 
                    "comment": "", 
                    "ungrammatical-sentence": "O"
                }, 
                {
                    "annotator-id": "08_B", 
                    "breakdown": "O", 
                    "comment": "", 
                    "ungrammatical-sentence": "O"
                }
            ], 
            "speaker": "S", 
            "time": "2014-08-18 14:11:24", 
            "turn-index": 8, 
            "utterance": "猛暑は異常です"
        }, 
        {
            "annotations": [], 
            "speaker": "U", 
            "time": "2014-08-18 14:11:45", 
            "turn-index": 9, 
            "utterance": "うん、温暖化？"
        }, 
        {
            "annotations": [
                {
                    "annotator-id": "05_B", 
                    "breakdown": "T", 
                    "comment": "助詞の使い方が不自然", 
                    "ungrammatical-sentence": "O"
                }, 
                {
                    "annotator-id": "08_B", 
                    "breakdown": "O", 
                    "comment": "", 
                    "ungrammatical-sentence": "O"
                }
            ], 
            "speaker": "S", 
            "time": "2014-08-18 14:11:45", 
            "turn-index": 10, 
            "utterance": "地球温暖化の原因になりますね"
        }, 
        {
            "annotations": [], 
            "speaker": "U", 
            "time": "2014-08-18 14:12:26", 
            "turn-index": 11, 
            "utterance": "今年の暑さはあとどのくらいかな。"
        }, 
        {
            "annotations": [
                {
                    "annotator-id": "05_B", 
                    "breakdown": "X", 
                    "comment": "何にも答えていない", 
                    "ungrammatical-sentence": "O"
                }, 
                {
                    "annotator-id": "08_B", 
                    "breakdown": "X", 
                    "comment": "", 
                    "ungrammatical-sentence": "O"
                }
            ], 
            "speaker": "S", 
            "time": "2014-08-18 14:12:26", 
            "turn-index": 12, 
            "utterance": "地球は好きですね"
        }, 
        {
            "annotations": [], 
            "speaker": "U", 
            "time": "2014-08-18 14:13:22", 
            "turn-index": 13, 
            "utterance": "昨日2001年宇宙の旅を見た。"
        }, 
        {
            "annotations": [
                {
                    "annotator-id": "05_B", 
                    "breakdown": "O", 
                    "comment": "", 
                    "ungrammatical-sentence": "O"
                }, 
                {
                    "annotator-id": "08_B", 
                    "breakdown": "O", 
                    "comment": "", 
                    "ungrammatical-sentence": "O"
                }
            ], 
            "speaker": "S", 
            "time": "2014-08-18 14:13:22", 
            "turn-index": 14, 
            "utterance": "地球は素晴らしいですね"
        }, 
        {
            "annotations": [], 
            "speaker": "U", 
            "time": "2014-08-18 14:13:39", 
            "turn-index": 15, 
            "utterance": "うん。外から地球を知る。"
        }, 
        {
            "annotations": [
                {
                    "annotator-id": "05_B", 
                    "breakdown": "O", 
                    "comment": "", 
                    "ungrammatical-sentence": "O"
                }, 
                {
                    "annotator-id": "08_B", 
                    "breakdown": "O", 
                    "comment": "", 
                    "ungrammatical-sentence": "O"
                }
            ], 
            "speaker": "S", 
            "time": "2014-08-18 14:13:39", 
            "turn-index": 16, 
            "utterance": "地球に感謝しますか？"
        }, 
        {
            "annotations": [], 
            "speaker": "U", 
            "time": "2014-08-18 14:14:08", 
            "turn-index": 17, 
            "utterance": "地球を含む全宇宙に感謝する。"
        }, 
        {
            "annotations": [
                {
                    "annotator-id": "05_B", 
                    "breakdown": "O", 
                    "comment": "", 
                    "ungrammatical-sentence": "O"
                }, 
                {
                    "annotator-id": "08_B", 
                    "breakdown": "O", 
                    "comment": "", 
                    "ungrammatical-sentence": "O"
                }
            ], 
            "speaker": "S", 
            "time": "2014-08-18 14:14:08", 
            "turn-index": 18, 
            "utterance": "地球は面白いですね"
        }, 
        {
            "annotations": [], 
            "speaker": "U", 
            "time": "2014-08-18 14:14:28", 
            "turn-index": 19, 
            "utterance": "うん、地球とか人間とか面白いね。"
        }, 
        {
            "annotations": [
                {
                    "annotator-id": "05_B", 
                    "breakdown": "O", 
                    "comment": "", 
                    "ungrammatical-sentence": "O"
                }, 
                {
                    "annotator-id": "08_B", 
                    "breakdown": "O", 
                    "comment": "", 
                    "ungrammatical-sentence": "O"
                }
            ], 
            "speaker": "S", 
            "time": "2014-08-18 14:14:28", 
            "turn-index": 20, 
            "utterance": "地球は大好きですね"
        }
    ]
}