{
    "dialogue-id": "1408217392", 
    "group-id": "subset_b", 
    "speaker-id": "02_02", 
    "turns": [
        {
            "annotations": [
                {
                    "annotator-id": "02_A", 
                    "breakdown": "O", 
                    "comment": "", 
                    "ungrammatical-sentence": "O"
                }, 
                {
                    "annotator-id": "03_A", 
                    "breakdown": "O", 
                    "comment": "", 
                    "ungrammatical-sentence": "O"
                }
            ], 
            "speaker": "S", 
            "time": "2014-08-17 04:26:13", 
            "turn-index": 0, 
            "utterance": "こんばんはー。夏といえばスイカだね。"
        }, 
        {
            "annotations": [], 
            "speaker": "U", 
            "time": "2014-08-17 04:26:26", 
            "turn-index": 1, 
            "utterance": "祭りでしょ？"
        }, 
        {
            "annotations": [
                {
                    "annotator-id": "02_A", 
                    "breakdown": "O", 
                    "comment": "", 
                    "ungrammatical-sentence": "O"
                }, 
                {
                    "annotator-id": "03_A", 
                    "breakdown": "X", 
                    "comment": "", 
                    "ungrammatical-sentence": "O"
                }
            ], 
            "speaker": "S", 
            "time": "2014-08-17 04:26:26", 
            "turn-index": 2, 
            "utterance": "祭りができますよねー"
        }, 
        {
            "annotations": [], 
            "speaker": "U", 
            "time": "2014-08-17 04:26:54", 
            "turn-index": 3, 
            "utterance": "夏祭りで、金魚すくいをします。"
        }, 
        {
            "annotations": [
                {
                    "annotator-id": "02_A", 
                    "breakdown": "O", 
                    "comment": "", 
                    "ungrammatical-sentence": "O"
                }, 
                {
                    "annotator-id": "03_A", 
                    "breakdown": "O", 
                    "comment": "", 
                    "ungrammatical-sentence": "O"
                }
            ], 
            "speaker": "S", 
            "time": "2014-08-17 04:26:54", 
            "turn-index": 4, 
            "utterance": "夏祭りは屋台が楽しみなんですがねぇ"
        }, 
        {
            "annotations": [], 
            "speaker": "U", 
            "time": "2014-08-17 04:27:14", 
            "turn-index": 5, 
            "utterance": "屋台で、水飴を買います。"
        }, 
        {
            "annotations": [
                {
                    "annotator-id": "02_A", 
                    "breakdown": "O", 
                    "comment": "", 
                    "ungrammatical-sentence": "O"
                }, 
                {
                    "annotator-id": "03_A", 
                    "breakdown": "T", 
                    "comment": "", 
                    "ungrammatical-sentence": "O"
                }
            ], 
            "speaker": "S", 
            "time": "2014-08-17 04:27:14", 
            "turn-index": 6, 
            "utterance": "水飴が溶けてるのですか？"
        }, 
        {
            "annotations": [], 
            "speaker": "U", 
            "time": "2014-08-17 04:27:40", 
            "turn-index": 7, 
            "utterance": "エビせんで挟んであります。"
        }, 
        {
            "annotations": [
                {
                    "annotator-id": "02_A", 
                    "breakdown": "T", 
                    "comment": "", 
                    "ungrammatical-sentence": "O"
                }, 
                {
                    "annotator-id": "03_A", 
                    "breakdown": "O", 
                    "comment": "", 
                    "ungrammatical-sentence": "O"
                }
            ], 
            "speaker": "S", 
            "time": "2014-08-17 04:27:40", 
            "turn-index": 8, 
            "utterance": "エビに片栗粉をまぶしてます？"
        }, 
        {
            "annotations": [], 
            "speaker": "U", 
            "time": "2014-08-17 04:28:08", 
            "turn-index": 9, 
            "utterance": "片栗粉と一緒にパリパリに焼き上げてあります。"
        }, 
        {
            "annotations": [
                {
                    "annotator-id": "02_A", 
                    "breakdown": "T", 
                    "comment": "", 
                    "ungrammatical-sentence": "O"
                }, 
                {
                    "annotator-id": "03_A", 
                    "breakdown": "O", 
                    "comment": "", 
                    "ungrammatical-sentence": "O"
                }
            ], 
            "speaker": "S", 
            "time": "2014-08-17 04:28:08", 
            "turn-index": 10, 
            "utterance": "衣は片栗粉が好きです"
        }, 
        {
            "annotations": [], 
            "speaker": "U", 
            "time": "2014-08-17 04:28:33", 
            "turn-index": 11, 
            "utterance": "杏を水飴でコーティングしたのも美味しいですよ。"
        }, 
        {
            "annotations": [
                {
                    "annotator-id": "02_A", 
                    "breakdown": "O", 
                    "comment": "", 
                    "ungrammatical-sentence": "O"
                }, 
                {
                    "annotator-id": "03_A", 
                    "breakdown": "O", 
                    "comment": "", 
                    "ungrammatical-sentence": "O"
                }
            ], 
            "speaker": "S", 
            "time": "2014-08-17 04:28:33", 
            "turn-index": 12, 
            "utterance": "コーティングは下地が命ですけどねぇ"
        }, 
        {
            "annotations": [], 
            "speaker": "U", 
            "time": "2014-08-17 04:29:02", 
            "turn-index": 13, 
            "utterance": "浴衣を着て行きますか？"
        }, 
        {
            "annotations": [
                {
                    "annotator-id": "02_A", 
                    "breakdown": "T", 
                    "comment": "", 
                    "ungrammatical-sentence": "O"
                }, 
                {
                    "annotator-id": "03_A", 
                    "breakdown": "O", 
                    "comment": "", 
                    "ungrammatical-sentence": "O"
                }
            ], 
            "speaker": "S", 
            "time": "2014-08-17 04:29:02", 
            "turn-index": 14, 
            "utterance": "浴衣が崩れるのです"
        }, 
        {
            "annotations": [], 
            "speaker": "U", 
            "time": "2014-08-17 04:29:18", 
            "turn-index": 15, 
            "utterance": "浴衣の着方が分かりません。"
        }, 
        {
            "annotations": [
                {
                    "annotator-id": "02_A", 
                    "breakdown": "O", 
                    "comment": "", 
                    "ungrammatical-sentence": "O"
                }, 
                {
                    "annotator-id": "03_A", 
                    "breakdown": "O", 
                    "comment": "", 
                    "ungrammatical-sentence": "O"
                }
            ], 
            "speaker": "S", 
            "time": "2014-08-17 04:29:18", 
            "turn-index": 16, 
            "utterance": "浴衣がはだけます"
        }, 
        {
            "annotations": [], 
            "speaker": "U", 
            "time": "2014-08-17 04:29:35", 
            "turn-index": 17, 
            "utterance": "はだけたら、セクシーですね。"
        }, 
        {
            "annotations": [
                {
                    "annotator-id": "02_A", 
                    "breakdown": "T", 
                    "comment": "", 
                    "ungrammatical-sentence": "O"
                }, 
                {
                    "annotator-id": "03_A", 
                    "breakdown": "O", 
                    "comment": "", 
                    "ungrammatical-sentence": "O"
                }
            ], 
            "speaker": "S", 
            "time": "2014-08-17 04:29:35", 
            "turn-index": 18, 
            "utterance": "浴衣は動きやすいですね"
        }, 
        {
            "annotations": [], 
            "speaker": "U", 
            "time": "2014-08-17 04:29:50", 
            "turn-index": 19, 
            "utterance": "スースーします。"
        }, 
        {
            "annotations": [
                {
                    "annotator-id": "02_A", 
                    "breakdown": "O", 
                    "comment": "", 
                    "ungrammatical-sentence": "O"
                }, 
                {
                    "annotator-id": "03_A", 
                    "breakdown": "O", 
                    "comment": "", 
                    "ungrammatical-sentence": "O"
                }
            ], 
            "speaker": "S", 
            "time": "2014-08-17 04:29:50", 
            "turn-index": 20, 
            "utterance": "スースーがいいですね"
        }
    ]
}