{
    "dialogue-id": "1408102251", 
    "group-id": "subset_b", 
    "speaker-id": "07_02", 
    "turns": [
        {
            "annotations": [
                {
                    "annotator-id": "02_A", 
                    "breakdown": "O", 
                    "comment": "", 
                    "ungrammatical-sentence": "O"
                }, 
                {
                    "annotator-id": "03_A", 
                    "breakdown": "O", 
                    "comment": "", 
                    "ungrammatical-sentence": "O"
                }
            ], 
            "speaker": "S", 
            "time": "2014-08-15 20:14:48", 
            "turn-index": 0, 
            "utterance": "こんばんは。気軽に声かけてね。"
        }, 
        {
            "annotations": [], 
            "speaker": "U", 
            "time": "2014-08-15 20:25:15", 
            "turn-index": 1, 
            "utterance": "どうもどうも"
        }, 
        {
            "annotations": [
                {
                    "annotator-id": "02_A", 
                    "breakdown": "O", 
                    "comment": "", 
                    "ungrammatical-sentence": "O"
                }, 
                {
                    "annotator-id": "03_A", 
                    "breakdown": "O", 
                    "comment": "", 
                    "ungrammatical-sentence": "O"
                }
            ], 
            "speaker": "S", 
            "time": "2014-08-15 20:25:15", 
            "turn-index": 2, 
            "utterance": "いえいえ"
        }, 
        {
            "annotations": [], 
            "speaker": "U", 
            "time": "2014-08-15 20:25:32", 
            "turn-index": 3, 
            "utterance": "調子はどう？"
        }, 
        {
            "annotations": [
                {
                    "annotator-id": "02_A", 
                    "breakdown": "T", 
                    "comment": "", 
                    "ungrammatical-sentence": "O"
                }, 
                {
                    "annotator-id": "03_A", 
                    "breakdown": "T", 
                    "comment": "", 
                    "ungrammatical-sentence": "O"
                }
            ], 
            "speaker": "S", 
            "time": "2014-08-15 20:25:32", 
            "turn-index": 4, 
            "utterance": "野球は見たりしますか？"
        }, 
        {
            "annotations": [], 
            "speaker": "U", 
            "time": "2014-08-15 20:25:45", 
            "turn-index": 5, 
            "utterance": "たまに見るよ"
        }, 
        {
            "annotations": [
                {
                    "annotator-id": "02_A", 
                    "breakdown": "O", 
                    "comment": "", 
                    "ungrammatical-sentence": "O"
                }, 
                {
                    "annotator-id": "03_A", 
                    "breakdown": "O", 
                    "comment": "", 
                    "ungrammatical-sentence": "O"
                }
            ], 
            "speaker": "S", 
            "time": "2014-08-15 20:25:45", 
            "turn-index": 6, 
            "utterance": "野球はテレビで見ます？？"
        }, 
        {
            "annotations": [], 
            "speaker": "U", 
            "time": "2014-08-15 20:25:52", 
            "turn-index": 7, 
            "utterance": "そうだね"
        }, 
        {
            "annotations": [
                {
                    "annotator-id": "02_A", 
                    "breakdown": "O", 
                    "comment": "", 
                    "ungrammatical-sentence": "O"
                }, 
                {
                    "annotator-id": "03_A", 
                    "breakdown": "O", 
                    "comment": "", 
                    "ungrammatical-sentence": "O"
                }
            ], 
            "speaker": "S", 
            "time": "2014-08-15 20:25:52", 
            "turn-index": 8, 
            "utterance": "せやろ"
        }, 
        {
            "annotations": [], 
            "speaker": "U", 
            "time": "2014-08-15 20:26:15", 
            "turn-index": 9, 
            "utterance": "せやな"
        }, 
        {
            "annotations": [
                {
                    "annotator-id": "02_A", 
                    "breakdown": "O", 
                    "comment": "", 
                    "ungrammatical-sentence": "O"
                }, 
                {
                    "annotator-id": "03_A", 
                    "breakdown": "O", 
                    "comment": "", 
                    "ungrammatical-sentence": "O"
                }
            ], 
            "speaker": "S", 
            "time": "2014-08-15 20:26:15", 
            "turn-index": 10, 
            "utterance": "だろ"
        }, 
        {
            "annotations": [], 
            "speaker": "U", 
            "time": "2014-08-15 20:26:22", 
            "turn-index": 11, 
            "utterance": "だね"
        }, 
        {
            "annotations": [
                {
                    "annotator-id": "02_A", 
                    "breakdown": "O", 
                    "comment": "", 
                    "ungrammatical-sentence": "O"
                }, 
                {
                    "annotator-id": "03_A", 
                    "breakdown": "O", 
                    "comment": "", 
                    "ungrammatical-sentence": "O"
                }
            ], 
            "speaker": "S", 
            "time": "2014-08-15 20:26:22", 
            "turn-index": 12, 
            "utterance": "でしょ"
        }, 
        {
            "annotations": [], 
            "speaker": "U", 
            "time": "2014-08-15 20:26:34", 
            "turn-index": 13, 
            "utterance": "もういいよ"
        }, 
        {
            "annotations": [
                {
                    "annotator-id": "02_A", 
                    "breakdown": "O", 
                    "comment": "", 
                    "ungrammatical-sentence": "O"
                }, 
                {
                    "annotator-id": "03_A", 
                    "breakdown": "O", 
                    "comment": "", 
                    "ungrammatical-sentence": "O"
                }
            ], 
            "speaker": "S", 
            "time": "2014-08-15 20:26:34", 
            "turn-index": 14, 
            "utterance": "ごめん"
        }, 
        {
            "annotations": [], 
            "speaker": "U", 
            "time": "2014-08-15 20:27:31", 
            "turn-index": 15, 
            "utterance": "謝らなくてもいいよ"
        }, 
        {
            "annotations": [
                {
                    "annotator-id": "02_A", 
                    "breakdown": "O", 
                    "comment": "", 
                    "ungrammatical-sentence": "O"
                }, 
                {
                    "annotator-id": "03_A", 
                    "breakdown": "O", 
                    "comment": "", 
                    "ungrammatical-sentence": "O"
                }
            ], 
            "speaker": "S", 
            "time": "2014-08-15 20:27:31", 
            "turn-index": 16, 
            "utterance": "そうですね、"
        }, 
        {
            "annotations": [], 
            "speaker": "U", 
            "time": "2014-08-15 20:29:52", 
            "turn-index": 17, 
            "utterance": "仕方ないなー"
        }, 
        {
            "annotations": [
                {
                    "annotator-id": "02_A", 
                    "breakdown": "O", 
                    "comment": "", 
                    "ungrammatical-sentence": "O"
                }, 
                {
                    "annotator-id": "03_A", 
                    "breakdown": "O", 
                    "comment": "", 
                    "ungrammatical-sentence": "O"
                }
            ], 
            "speaker": "S", 
            "time": "2014-08-15 20:29:52", 
            "turn-index": 18, 
            "utterance": "うん"
        }, 
        {
            "annotations": [], 
            "speaker": "U", 
            "time": "2014-08-15 20:30:46", 
            "turn-index": 19, 
            "utterance": "じゃーね"
        }, 
        {
            "annotations": [
                {
                    "annotator-id": "02_A", 
                    "breakdown": "T", 
                    "comment": "", 
                    "ungrammatical-sentence": "O"
                }, 
                {
                    "annotator-id": "03_A", 
                    "breakdown": "T", 
                    "comment": "", 
                    "ungrammatical-sentence": "O"
                }
            ], 
            "speaker": "S", 
            "time": "2014-08-15 20:30:46", 
            "turn-index": 20, 
            "utterance": "あ、そうです"
        }
    ]
}