{
    "dialogue-id": "1408580199", 
    "group-id": "subset_e", 
    "speaker-id": "04_03", 
    "turns": [
        {
            "annotations": [
                {
                    "annotator-id": "05_B", 
                    "breakdown": "O", 
                    "comment": "", 
                    "ungrammatical-sentence": "O"
                }, 
                {
                    "annotator-id": "08_B", 
                    "breakdown": "O", 
                    "comment": "", 
                    "ungrammatical-sentence": "O"
                }
            ], 
            "speaker": "S", 
            "time": "2014-08-21 09:14:05", 
            "turn-index": 0, 
            "utterance": "おはよう。声かけてくれるのを待ってたんだ。"
        }, 
        {
            "annotations": [], 
            "speaker": "U", 
            "time": "2014-08-21 09:14:19", 
            "turn-index": 1, 
            "utterance": "おはよう。今日も暑いね！"
        }, 
        {
            "annotations": [
                {
                    "annotator-id": "05_B", 
                    "breakdown": "O", 
                    "comment": "", 
                    "ungrammatical-sentence": "O"
                }, 
                {
                    "annotator-id": "08_B", 
                    "breakdown": "O", 
                    "comment": "", 
                    "ungrammatical-sentence": "O"
                }
            ], 
            "speaker": "S", 
            "time": "2014-08-21 09:14:19", 
            "turn-index": 2, 
            "utterance": "おはようございます"
        }, 
        {
            "annotations": [], 
            "speaker": "U", 
            "time": "2014-08-21 09:14:27", 
            "turn-index": 3, 
            "utterance": "暑いのは得意？"
        }, 
        {
            "annotations": [
                {
                    "annotator-id": "05_B", 
                    "breakdown": "T", 
                    "comment": "答えではない", 
                    "ungrammatical-sentence": "O"
                }, 
                {
                    "annotator-id": "08_B", 
                    "breakdown": "T", 
                    "comment": "", 
                    "ungrammatical-sentence": "O"
                }
            ], 
            "speaker": "S", 
            "time": "2014-08-21 09:14:27", 
            "turn-index": 4, 
            "utterance": "ほんとですね"
        }, 
        {
            "annotations": [], 
            "speaker": "U", 
            "time": "2014-08-21 09:14:37", 
            "turn-index": 5, 
            "utterance": "私は苦手。冬の方が好きだな。"
        }, 
        {
            "annotations": [
                {
                    "annotator-id": "05_B", 
                    "breakdown": "T", 
                    "comment": "意見を出すべきところを自分の意見を投げている", 
                    "ungrammatical-sentence": "O"
                }, 
                {
                    "annotator-id": "08_B", 
                    "breakdown": "T", 
                    "comment": "", 
                    "ungrammatical-sentence": "O"
                }
            ], 
            "speaker": "S", 
            "time": "2014-08-21 09:14:37", 
            "turn-index": 6, 
            "utterance": "そうしましょう"
        }, 
        {
            "annotations": [], 
            "speaker": "U", 
            "time": "2014-08-21 09:14:55", 
            "turn-index": 7, 
            "utterance": "そうしましょうって言われても、今を冬にはできないけどね。夏の楽しみって何？"
        }, 
        {
            "annotations": [
                {
                    "annotator-id": "05_B", 
                    "breakdown": "X", 
                    "comment": "何が楽しみなのかを答えていない", 
                    "ungrammatical-sentence": "O"
                }, 
                {
                    "annotator-id": "08_B", 
                    "breakdown": "X", 
                    "comment": "", 
                    "ungrammatical-sentence": "O"
                }
            ], 
            "speaker": "S", 
            "time": "2014-08-21 09:14:55", 
            "turn-index": 8, 
            "utterance": "いいですねえ"
        }, 
        {
            "annotations": [], 
            "speaker": "U", 
            "time": "2014-08-21 09:15:18", 
            "turn-index": 9, 
            "utterance": "今日は話をする気がないんだね。泳ぐのは好き？"
        }, 
        {
            "annotations": [
                {
                    "annotator-id": "05_B", 
                    "breakdown": "O", 
                    "comment": "", 
                    "ungrammatical-sentence": "O"
                }, 
                {
                    "annotator-id": "08_B", 
                    "breakdown": "O", 
                    "comment": "", 
                    "ungrammatical-sentence": "O"
                }
            ], 
            "speaker": "S", 
            "time": "2014-08-21 09:15:18", 
            "turn-index": 10, 
            "utterance": "いいですね"
        }, 
        {
            "annotations": [], 
            "speaker": "U", 
            "time": "2014-08-21 09:15:31", 
            "turn-index": 11, 
            "utterance": "海で泳ぐのも好き？"
        }, 
        {
            "annotations": [
                {
                    "annotator-id": "05_B", 
                    "breakdown": "O", 
                    "comment": "", 
                    "ungrammatical-sentence": "O"
                }, 
                {
                    "annotator-id": "08_B", 
                    "breakdown": "O", 
                    "comment": "", 
                    "ungrammatical-sentence": "O"
                }
            ], 
            "speaker": "S", 
            "time": "2014-08-21 09:15:31", 
            "turn-index": 12, 
            "utterance": "楽しみです"
        }, 
        {
            "annotations": [], 
            "speaker": "U", 
            "time": "2014-08-21 09:15:43", 
            "turn-index": 13, 
            "utterance": "他のマリンスポーツはする？"
        }, 
        {
            "annotations": [
                {
                    "annotator-id": "05_B", 
                    "breakdown": "T", 
                    "comment": "どんなスポーツをするのかを答えていない", 
                    "ungrammatical-sentence": "O"
                }, 
                {
                    "annotator-id": "08_B", 
                    "breakdown": "T", 
                    "comment": "", 
                    "ungrammatical-sentence": "O"
                }
            ], 
            "speaker": "S", 
            "time": "2014-08-21 09:15:43", 
            "turn-index": 14, 
            "utterance": "マリンスポーツはトマイ浜で楽しみますねぇ"
        }, 
        {
            "annotations": [], 
            "speaker": "U", 
            "time": "2014-08-21 09:15:55", 
            "turn-index": 15, 
            "utterance": "トマイ浜ってどこ？"
        }, 
        {
            "annotations": [
                {
                    "annotator-id": "05_B", 
                    "breakdown": "X", 
                    "comment": "場所を答えていない", 
                    "ungrammatical-sentence": "O"
                }, 
                {
                    "annotator-id": "08_B", 
                    "breakdown": "X", 
                    "comment": "", 
                    "ungrammatical-sentence": "O"
                }
            ], 
            "speaker": "S", 
            "time": "2014-08-21 09:15:55", 
            "turn-index": 16, 
            "utterance": "マリンスポーツはトマイ浜で楽しんでますよ"
        }, 
        {
            "annotations": [], 
            "speaker": "U", 
            "time": "2014-08-21 09:16:28", 
            "turn-index": 17, 
            "utterance": "トマイ浜って何県にあるの？"
        }, 
        {
            "annotations": [
                {
                    "annotator-id": "05_B", 
                    "breakdown": "X", 
                    "comment": "場所を答えていない", 
                    "ungrammatical-sentence": "O"
                }, 
                {
                    "annotator-id": "08_B", 
                    "breakdown": "X", 
                    "comment": "", 
                    "ungrammatical-sentence": "O"
                }
            ], 
            "speaker": "S", 
            "time": "2014-08-21 09:16:28", 
            "turn-index": 18, 
            "utterance": "マリンスポーツが充実してますよ"
        }, 
        {
            "annotations": [], 
            "speaker": "U", 
            "time": "2014-08-21 09:16:34", 
            "turn-index": 19, 
            "utterance": "場所はどこ？"
        }, 
        {
            "annotations": [
                {
                    "annotator-id": "05_B", 
                    "breakdown": "X", 
                    "comment": "「トマイ浜」のことに注目されていることを認識できていない", 
                    "ungrammatical-sentence": "O"
                }, 
                {
                    "annotator-id": "08_B", 
                    "breakdown": "T", 
                    "comment": "", 
                    "ungrammatical-sentence": "O"
                }
            ], 
            "speaker": "S", 
            "time": "2014-08-21 09:16:34", 
            "turn-index": 20, 
            "utterance": "えっ"
        }
    ]
}