{
    "dialogue-id": "1408482091", 
    "group-id": "subset_f", 
    "speaker-id": "11_07", 
    "turns": [
        {
            "annotations": [
                {
                    "annotator-id": "09_A", 
                    "breakdown": "O", 
                    "comment": "", 
                    "ungrammatical-sentence": "O"
                }, 
                {
                    "annotator-id": "10_B", 
                    "breakdown": "O", 
                    "comment": "", 
                    "ungrammatical-sentence": "O"
                }
            ], 
            "speaker": "S", 
            "time": "2014-08-20 05:57:51", 
            "turn-index": 0, 
            "utterance": "おはよう！熱中症に気をつけて。"
        }, 
        {
            "annotations": [], 
            "speaker": "U", 
            "time": "2014-08-20 05:58:11", 
            "turn-index": 1, 
            "utterance": "エアコンがんがんかけてるよ"
        }, 
        {
            "annotations": [
                {
                    "annotator-id": "09_A", 
                    "breakdown": "O", 
                    "comment": "", 
                    "ungrammatical-sentence": "O"
                }, 
                {
                    "annotator-id": "10_B", 
                    "breakdown": "O", 
                    "comment": "", 
                    "ungrammatical-sentence": "O"
                }
            ], 
            "speaker": "S", 
            "time": "2014-08-20 05:58:11", 
            "turn-index": 2, 
            "utterance": "エアコンは欲しいですね"
        }, 
        {
            "annotations": [], 
            "speaker": "U", 
            "time": "2014-08-20 05:58:21", 
            "turn-index": 3, 
            "utterance": "今年の夏は必需品。"
        }, 
        {
            "annotations": [
                {
                    "annotator-id": "09_A", 
                    "breakdown": "T", 
                    "comment": "こういう言い方はあまりしない", 
                    "ungrammatical-sentence": "O"
                }, 
                {
                    "annotator-id": "10_B", 
                    "breakdown": "T", 
                    "comment": "", 
                    "ungrammatical-sentence": "O"
                }
            ], 
            "speaker": "S", 
            "time": "2014-08-20 05:58:21", 
            "turn-index": 4, 
            "utterance": "必需品はいいですね"
        }, 
        {
            "annotations": [], 
            "speaker": "U", 
            "time": "2014-08-20 05:58:34", 
            "turn-index": 5, 
            "utterance": "大活躍"
        }, 
        {
            "annotations": [
                {
                    "annotator-id": "09_A", 
                    "breakdown": "X", 
                    "comment": "それぞれだから決められない", 
                    "ungrammatical-sentence": "O"
                }, 
                {
                    "annotator-id": "10_B", 
                    "breakdown": "T", 
                    "comment": "", 
                    "ungrammatical-sentence": "O"
                }
            ], 
            "speaker": "S", 
            "time": "2014-08-20 05:58:34", 
            "turn-index": 6, 
            "utterance": "必需品は安いですね"
        }, 
        {
            "annotations": [], 
            "speaker": "U", 
            "time": "2014-08-20 05:58:48", 
            "turn-index": 7, 
            "utterance": "20万以上したけど。。。"
        }, 
        {
            "annotations": [
                {
                    "annotator-id": "09_A", 
                    "breakdown": "O", 
                    "comment": "", 
                    "ungrammatical-sentence": "O"
                }, 
                {
                    "annotator-id": "10_B", 
                    "breakdown": "X", 
                    "comment": "", 
                    "ungrammatical-sentence": "O"
                }
            ], 
            "speaker": "S", 
            "time": "2014-08-20 05:58:48", 
            "turn-index": 8, 
            "utterance": "サングラスは必需品だぜ"
        }, 
        {
            "annotations": [], 
            "speaker": "U", 
            "time": "2014-08-20 05:59:23", 
            "turn-index": 9, 
            "utterance": "確かに。アメリカだと子どもでもかけてるからね。日差し強いカリフォルニアとか。"
        }, 
        {
            "annotations": [
                {
                    "annotator-id": "09_A", 
                    "breakdown": "O", 
                    "comment": "", 
                    "ungrammatical-sentence": "O"
                }, 
                {
                    "annotator-id": "10_B", 
                    "breakdown": "T", 
                    "comment": "", 
                    "ungrammatical-sentence": "O"
                }
            ], 
            "speaker": "S", 
            "time": "2014-08-20 05:59:23", 
            "turn-index": 10, 
            "utterance": "カリフォルニアは日差しが強いですね"
        }, 
        {
            "annotations": [], 
            "speaker": "U", 
            "time": "2014-08-20 06:00:01", 
            "turn-index": 11, 
            "utterance": "日差しが強すぎて、エアコンかけて長袖を着るらしいよ。日光が当たると痛いから。"
        }, 
        {
            "annotations": [
                {
                    "annotator-id": "09_A", 
                    "breakdown": "T", 
                    "comment": "夏は過ごしにくいと話しているあとなので少し違和感", 
                    "ungrammatical-sentence": "O"
                }, 
                {
                    "annotator-id": "10_B", 
                    "breakdown": "O", 
                    "comment": "", 
                    "ungrammatical-sentence": "O"
                }
            ], 
            "speaker": "S", 
            "time": "2014-08-20 06:00:01", 
            "turn-index": 12, 
            "utterance": "カリフォルニアはいいですね"
        }, 
        {
            "annotations": [], 
            "speaker": "U", 
            "time": "2014-08-20 06:00:19", 
            "turn-index": 13, 
            "utterance": "いいよね。しばらく行きたいなー"
        }, 
        {
            "annotations": [
                {
                    "annotator-id": "09_A", 
                    "breakdown": "O", 
                    "comment": "", 
                    "ungrammatical-sentence": "O"
                }, 
                {
                    "annotator-id": "10_B", 
                    "breakdown": "O", 
                    "comment": "", 
                    "ungrammatical-sentence": "O"
                }
            ], 
            "speaker": "S", 
            "time": "2014-08-20 06:00:19", 
            "turn-index": 14, 
            "utterance": "ワインが美味しいですね"
        }, 
        {
            "annotations": [], 
            "speaker": "U", 
            "time": "2014-08-20 06:00:29", 
            "turn-index": 15, 
            "utterance": "そうそう、ワインも安くてうまい。"
        }, 
        {
            "annotations": [
                {
                    "annotator-id": "09_A", 
                    "breakdown": "T", 
                    "comment": "2度目", 
                    "ungrammatical-sentence": "O"
                }, 
                {
                    "annotator-id": "10_B", 
                    "breakdown": "T", 
                    "comment": "", 
                    "ungrammatical-sentence": "O"
                }
            ], 
            "speaker": "S", 
            "time": "2014-08-20 06:00:29", 
            "turn-index": 16, 
            "utterance": "ワインは美味しいですね"
        }, 
        {
            "annotations": [], 
            "speaker": "U", 
            "time": "2014-08-20 06:00:53", 
            "turn-index": 17, 
            "utterance": "ビールもいいよ。日本より種類が多くて安い。"
        }, 
        {
            "annotations": [
                {
                    "annotator-id": "09_A", 
                    "breakdown": "O", 
                    "comment": "", 
                    "ungrammatical-sentence": "O"
                }, 
                {
                    "annotator-id": "10_B", 
                    "breakdown": "T", 
                    "comment": "", 
                    "ungrammatical-sentence": "O"
                }
            ], 
            "speaker": "S", 
            "time": "2014-08-20 06:00:53", 
            "turn-index": 18, 
            "utterance": "プレミアムモルツが美味しいですね"
        }, 
        {
            "annotations": [], 
            "speaker": "U", 
            "time": "2014-08-20 06:01:29", 
            "turn-index": 19, 
            "utterance": "そうね。エビスよりプレミアムモルツのほうが好き。でもよなよなエールのほうが好き。"
        }, 
        {
            "annotations": [
                {
                    "annotator-id": "09_A", 
                    "breakdown": "T", 
                    "comment": "好きなのはだれ？", 
                    "ungrammatical-sentence": "O"
                }, 
                {
                    "annotator-id": "10_B", 
                    "breakdown": "T", 
                    "comment": "", 
                    "ungrammatical-sentence": "O"
                }
            ], 
            "speaker": "S", 
            "time": "2014-08-20 06:01:29", 
            "turn-index": 20, 
            "utterance": "プレミアムモルツは好きですね"
        }
    ]
}