{
    "dialogue-id": "1408690422", 
    "group-id": "subset_a", 
    "speaker-id": "09_11", 
    "turns": [
        {
            "annotations": [
                {
                    "annotator-id": "01_A", 
                    "breakdown": "O", 
                    "comment": "", 
                    "ungrammatical-sentence": "O"
                }, 
                {
                    "annotator-id": "02_B", 
                    "breakdown": "O", 
                    "comment": "", 
                    "ungrammatical-sentence": "O"
                }
            ], 
            "speaker": "S", 
            "time": "2014-08-22 15:24:15", 
            "turn-index": 0, 
            "utterance": "こんにちは！夏といえばスイカだね。"
        }, 
        {
            "annotations": [], 
            "speaker": "U", 
            "time": "2014-08-22 15:27:59", 
            "turn-index": 1, 
            "utterance": "夏と言えば冷やし中華じゃないですか？"
        }, 
        {
            "annotations": [
                {
                    "annotator-id": "01_A", 
                    "breakdown": "O", 
                    "comment": "", 
                    "ungrammatical-sentence": "O"
                }, 
                {
                    "annotator-id": "02_B", 
                    "breakdown": "O", 
                    "comment": "", 
                    "ungrammatical-sentence": "O"
                }
            ], 
            "speaker": "S", 
            "time": "2014-08-22 15:27:59", 
            "turn-index": 2, 
            "utterance": "冷やし中華はいいですね"
        }, 
        {
            "annotations": [], 
            "speaker": "U", 
            "time": "2014-08-22 15:30:41", 
            "turn-index": 3, 
            "utterance": "美味しいですよね！"
        }, 
        {
            "annotations": [
                {
                    "annotator-id": "01_A", 
                    "breakdown": "O", 
                    "comment": "", 
                    "ungrammatical-sentence": "O"
                }, 
                {
                    "annotator-id": "02_B", 
                    "breakdown": "O", 
                    "comment": "", 
                    "ungrammatical-sentence": "O"
                }
            ], 
            "speaker": "S", 
            "time": "2014-08-22 15:30:41", 
            "turn-index": 4, 
            "utterance": "うまかったよー"
        }, 
        {
            "annotations": [], 
            "speaker": "U", 
            "time": "2014-08-22 15:30:53", 
            "turn-index": 5, 
            "utterance": "いつ食べたんですか？？"
        }, 
        {
            "annotations": [
                {
                    "annotator-id": "01_A", 
                    "breakdown": "T", 
                    "comment": "前の質問に答えられていない", 
                    "ungrammatical-sentence": "O"
                }, 
                {
                    "annotator-id": "02_B", 
                    "breakdown": "T", 
                    "comment": "", 
                    "ungrammatical-sentence": "O"
                }
            ], 
            "speaker": "S", 
            "time": "2014-08-22 15:30:53", 
            "turn-index": 6, 
            "utterance": "冷やし中華を食べに行くのです"
        }, 
        {
            "annotations": [], 
            "speaker": "U", 
            "time": "2014-08-22 15:37:53", 
            "turn-index": 7, 
            "utterance": "これから行くのですか？"
        }, 
        {
            "annotations": [
                {
                    "annotator-id": "01_A", 
                    "breakdown": "T", 
                    "comment": "前の質問に答えられていない", 
                    "ungrammatical-sentence": "O"
                }, 
                {
                    "annotator-id": "02_B", 
                    "breakdown": "T", 
                    "comment": "", 
                    "ungrammatical-sentence": "O"
                }
            ], 
            "speaker": "S", 
            "time": "2014-08-22 15:37:53", 
            "turn-index": 8, 
            "utterance": "冷やし中華はお店で食べるかもしれない"
        }, 
        {
            "annotations": [], 
            "speaker": "U", 
            "time": "2014-08-22 15:38:19", 
            "turn-index": 9, 
            "utterance": "店によっても味が違ったりしますからね！"
        }, 
        {
            "annotations": [
                {
                    "annotator-id": "01_A", 
                    "breakdown": "O", 
                    "comment": "", 
                    "ungrammatical-sentence": "O"
                }, 
                {
                    "annotator-id": "02_B", 
                    "breakdown": "O", 
                    "comment": "", 
                    "ungrammatical-sentence": "O"
                }
            ], 
            "speaker": "S", 
            "time": "2014-08-22 15:38:19", 
            "turn-index": 10, 
            "utterance": "ラーメン屋で食べます"
        }, 
        {
            "annotations": [], 
            "speaker": "U", 
            "time": "2014-08-22 15:39:48", 
            "turn-index": 11, 
            "utterance": "コンビニの冷やし中華もおいしいですよ"
        }, 
        {
            "annotations": [
                {
                    "annotator-id": "01_A", 
                    "breakdown": "O", 
                    "comment": "", 
                    "ungrammatical-sentence": "O"
                }, 
                {
                    "annotator-id": "02_B", 
                    "breakdown": "O", 
                    "comment": "", 
                    "ungrammatical-sentence": "O"
                }
            ], 
            "speaker": "S", 
            "time": "2014-08-22 15:39:48", 
            "turn-index": 12, 
            "utterance": "ラーメン屋はうまいですね"
        }, 
        {
            "annotations": [], 
            "speaker": "U", 
            "time": "2014-08-22 15:42:23", 
            "turn-index": 13, 
            "utterance": "ラーメン屋さんのは美味しいですね！"
        }, 
        {
            "annotations": [
                {
                    "annotator-id": "01_A", 
                    "breakdown": "O", 
                    "comment": "", 
                    "ungrammatical-sentence": "O"
                }, 
                {
                    "annotator-id": "02_B", 
                    "breakdown": "O", 
                    "comment": "", 
                    "ungrammatical-sentence": "O"
                }
            ], 
            "speaker": "S", 
            "time": "2014-08-22 15:42:23", 
            "turn-index": 14, 
            "utterance": "好きです"
        }, 
        {
            "annotations": [], 
            "speaker": "U", 
            "time": "2014-08-22 15:45:07", 
            "turn-index": 15, 
            "utterance": "私も好きですよ。あと冷麺も好きです！"
        }, 
        {
            "annotations": [
                {
                    "annotator-id": "01_A", 
                    "breakdown": "O", 
                    "comment": "", 
                    "ungrammatical-sentence": "O"
                }, 
                {
                    "annotator-id": "02_B", 
                    "breakdown": "O", 
                    "comment": "", 
                    "ungrammatical-sentence": "O"
                }
            ], 
            "speaker": "S", 
            "time": "2014-08-22 15:45:07", 
            "turn-index": 16, 
            "utterance": "スープが美味しいですね"
        }, 
        {
            "annotations": [], 
            "speaker": "U", 
            "time": "2014-08-22 15:51:45", 
            "turn-index": 17, 
            "utterance": "麺もおいしいですよね"
        }, 
        {
            "annotations": [
                {
                    "annotator-id": "01_A", 
                    "breakdown": "O", 
                    "comment": "", 
                    "ungrammatical-sentence": "O"
                }, 
                {
                    "annotator-id": "02_B", 
                    "breakdown": "O", 
                    "comment": "", 
                    "ungrammatical-sentence": "O"
                }
            ], 
            "speaker": "S", 
            "time": "2014-08-22 15:51:45", 
            "turn-index": 18, 
            "utterance": "麺は美味しいですね"
        }, 
        {
            "annotations": [], 
            "speaker": "U", 
            "time": "2014-08-22 15:53:32", 
            "turn-index": 19, 
            "utterance": "夏は冷たい食べ物に限りますね！"
        }, 
        {
            "annotations": [
                {
                    "annotator-id": "01_A", 
                    "breakdown": "O", 
                    "comment": "", 
                    "ungrammatical-sentence": "O"
                }, 
                {
                    "annotator-id": "02_B", 
                    "breakdown": "O", 
                    "comment": "", 
                    "ungrammatical-sentence": "O"
                }
            ], 
            "speaker": "S", 
            "time": "2014-08-22 15:53:32", 
            "turn-index": 20, 
            "utterance": "麺は食感がいいですね"
        }
    ]
}