{
    "dialogue-id": "1408674692", 
    "group-id": "subset_h", 
    "speaker-id": "01_03", 
    "turns": [
        {
            "annotations": [
                {
                    "annotator-id": "10_A", 
                    "breakdown": "O", 
                    "comment": "", 
                    "ungrammatical-sentence": "O"
                }, 
                {
                    "annotator-id": "13_A", 
                    "breakdown": "O", 
                    "comment": "", 
                    "ungrammatical-sentence": "O"
                }
            ], 
            "speaker": "S", 
            "time": "2014-08-22 11:25:00", 
            "turn-index": 0, 
            "utterance": "こんにちは。海へ行きたいね。"
        }, 
        {
            "annotations": [], 
            "speaker": "U", 
            "time": "2014-08-22 11:27:14", 
            "turn-index": 1, 
            "utterance": "夏は虫が多くていやだなぁ"
        }, 
        {
            "annotations": [
                {
                    "annotator-id": "10_A", 
                    "breakdown": "T", 
                    "comment": "", 
                    "ungrammatical-sentence": "O"
                }, 
                {
                    "annotator-id": "13_A", 
                    "breakdown": "T", 
                    "comment": "「狙う」の意味がよく分からない", 
                    "ungrammatical-sentence": "O"
                }
            ], 
            "speaker": "S", 
            "time": "2014-08-22 11:27:14", 
            "turn-index": 2, 
            "utterance": "虫を狙いますか"
        }, 
        {
            "annotations": [], 
            "speaker": "U", 
            "time": "2014-08-22 11:27:33", 
            "turn-index": 3, 
            "utterance": "殺虫剤で狙います！"
        }, 
        {
            "annotations": [
                {
                    "annotator-id": "10_A", 
                    "breakdown": "O", 
                    "comment": "", 
                    "ungrammatical-sentence": "O"
                }, 
                {
                    "annotator-id": "13_A", 
                    "breakdown": "O", 
                    "comment": "", 
                    "ungrammatical-sentence": "O"
                }
            ], 
            "speaker": "S", 
            "time": "2014-08-22 11:27:33", 
            "turn-index": 4, 
            "utterance": "殺虫剤は害虫の種類ごとに用意しますか？"
        }, 
        {
            "annotations": [], 
            "speaker": "U", 
            "time": "2014-08-22 11:27:52", 
            "turn-index": 5, 
            "utterance": "3種類くらいあるよ"
        }, 
        {
            "annotations": [
                {
                    "annotator-id": "10_A", 
                    "breakdown": "T", 
                    "comment": "", 
                    "ungrammatical-sentence": "O"
                }, 
                {
                    "annotator-id": "13_A", 
                    "breakdown": "O", 
                    "comment": "", 
                    "ungrammatical-sentence": "O"
                }
            ], 
            "speaker": "S", 
            "time": "2014-08-22 11:27:52", 
            "turn-index": 6, 
            "utterance": "コクローチスプレーって殺虫剤でええがな"
        }, 
        {
            "annotations": [], 
            "speaker": "U", 
            "time": "2014-08-22 11:28:24", 
            "turn-index": 7, 
            "utterance": "それゴキブリ用じゃない？"
        }, 
        {
            "annotations": [
                {
                    "annotator-id": "10_A", 
                    "breakdown": "T", 
                    "comment": "", 
                    "ungrammatical-sentence": "O"
                }, 
                {
                    "annotator-id": "13_A", 
                    "breakdown": "T", 
                    "comment": "ユーザの発話無視", 
                    "ungrammatical-sentence": "O"
                }
            ], 
            "speaker": "S", 
            "time": "2014-08-22 11:28:24", 
            "turn-index": 8, 
            "utterance": "殺虫剤で虫を殺しますよねえ"
        }, 
        {
            "annotations": [], 
            "speaker": "U", 
            "time": "2014-08-22 11:28:46", 
            "turn-index": 9, 
            "utterance": "少し虫もかわいそうだよね"
        }, 
        {
            "annotations": [
                {
                    "annotator-id": "10_A", 
                    "breakdown": "T", 
                    "comment": "", 
                    "ungrammatical-sentence": "O"
                }, 
                {
                    "annotator-id": "13_A", 
                    "breakdown": "O", 
                    "comment": "", 
                    "ungrammatical-sentence": "O"
                }
            ], 
            "speaker": "S", 
            "time": "2014-08-22 11:28:46", 
            "turn-index": 10, 
            "utterance": "葉が虫に食われますよねー"
        }, 
        {
            "annotations": [], 
            "speaker": "U", 
            "time": "2014-08-22 11:29:01", 
            "turn-index": 11, 
            "utterance": "農家の方は大変だよね"
        }, 
        {
            "annotations": [
                {
                    "annotator-id": "10_A", 
                    "breakdown": "T", 
                    "comment": "", 
                    "ungrammatical-sentence": "O"
                }, 
                {
                    "annotator-id": "13_A", 
                    "breakdown": "O", 
                    "comment": "", 
                    "ungrammatical-sentence": "O"
                }
            ], 
            "speaker": "S", 
            "time": "2014-08-22 11:29:01", 
            "turn-index": 12, 
            "utterance": "農家は苦しいです"
        }, 
        {
            "annotations": [], 
            "speaker": "U", 
            "time": "2014-08-22 11:29:25", 
            "turn-index": 13, 
            "utterance": "無農薬は本当に大変だと思います"
        }, 
        {
            "annotations": [
                {
                    "annotator-id": "10_A", 
                    "breakdown": "O", 
                    "comment": "", 
                    "ungrammatical-sentence": "O"
                }, 
                {
                    "annotator-id": "13_A", 
                    "breakdown": "O", 
                    "comment": "", 
                    "ungrammatical-sentence": "O"
                }
            ], 
            "speaker": "S", 
            "time": "2014-08-22 11:29:25", 
            "turn-index": 14, 
            "utterance": "無農薬は難しいです"
        }, 
        {
            "annotations": [], 
            "speaker": "U", 
            "time": "2014-08-22 11:30:15", 
            "turn-index": 15, 
            "utterance": "でも，無農薬の野菜は生で食べるのにはいいですね"
        }, 
        {
            "annotations": [
                {
                    "annotator-id": "10_A", 
                    "breakdown": "O", 
                    "comment": "", 
                    "ungrammatical-sentence": "O"
                }, 
                {
                    "annotator-id": "13_A", 
                    "breakdown": "O", 
                    "comment": "", 
                    "ungrammatical-sentence": "O"
                }
            ], 
            "speaker": "S", 
            "time": "2014-08-22 11:30:15", 
            "turn-index": 16, 
            "utterance": "無農薬は嬉しいですね"
        }, 
        {
            "annotations": [], 
            "speaker": "U", 
            "time": "2014-08-22 11:31:10", 
            "turn-index": 17, 
            "utterance": "野菜スティック食べたいなぁ"
        }, 
        {
            "annotations": [
                {
                    "annotator-id": "10_A", 
                    "breakdown": "O", 
                    "comment": "", 
                    "ungrammatical-sentence": "O"
                }, 
                {
                    "annotator-id": "13_A", 
                    "breakdown": "O", 
                    "comment": "", 
                    "ungrammatical-sentence": "O"
                }
            ], 
            "speaker": "S", 
            "time": "2014-08-22 11:31:10", 
            "turn-index": 18, 
            "utterance": "無農薬はいいですね"
        }, 
        {
            "annotations": [], 
            "speaker": "U", 
            "time": "2014-08-22 11:31:30", 
            "turn-index": 19, 
            "utterance": "野菜食べたいなぁ"
        }, 
        {
            "annotations": [
                {
                    "annotator-id": "10_A", 
                    "breakdown": "T", 
                    "comment": "", 
                    "ungrammatical-sentence": "O"
                }, 
                {
                    "annotator-id": "13_A", 
                    "breakdown": "T", 
                    "comment": "ちょっと意味が分からない", 
                    "ungrammatical-sentence": "O"
                }
            ], 
            "speaker": "S", 
            "time": "2014-08-22 11:31:30", 
            "turn-index": 20, 
            "utterance": "野菜はキャベツが入りますよねえ"
        }
    ]
}