{
    "dialogue-id": "1408933141", 
    "group-id": "subset_f", 
    "speaker-id": "07_01", 
    "turns": [
        {
            "annotations": [
                {
                    "annotator-id": "09_A", 
                    "breakdown": "O", 
                    "comment": "", 
                    "ungrammatical-sentence": "O"
                }, 
                {
                    "annotator-id": "10_B", 
                    "breakdown": "O", 
                    "comment": "", 
                    "ungrammatical-sentence": "O"
                }
            ], 
            "speaker": "S", 
            "time": "2014-08-25 11:17:10", 
            "turn-index": 0, 
            "utterance": "こんにちは。声かけてくれるのを待ってたんだ。"
        }, 
        {
            "annotations": [], 
            "speaker": "U", 
            "time": "2014-08-25 11:17:36", 
            "turn-index": 1, 
            "utterance": "うれしいです"
        }, 
        {
            "annotations": [
                {
                    "annotator-id": "09_A", 
                    "breakdown": "X", 
                    "comment": "急すぎてわからない", 
                    "ungrammatical-sentence": "O"
                }, 
                {
                    "annotator-id": "10_B", 
                    "breakdown": "T", 
                    "comment": "", 
                    "ungrammatical-sentence": "O"
                }
            ], 
            "speaker": "S", 
            "time": "2014-08-25 11:17:36", 
            "turn-index": 2, 
            "utterance": "おめでとう"
        }, 
        {
            "annotations": [], 
            "speaker": "U", 
            "time": "2014-08-25 11:17:42", 
            "turn-index": 3, 
            "utterance": "ありがとう"
        }, 
        {
            "annotations": [
                {
                    "annotator-id": "09_A", 
                    "breakdown": "T", 
                    "comment": "「どういたしまして」の意味かもなので△", 
                    "ungrammatical-sentence": "O"
                }, 
                {
                    "annotator-id": "10_B", 
                    "breakdown": "T", 
                    "comment": "", 
                    "ungrammatical-sentence": "O"
                }
            ], 
            "speaker": "S", 
            "time": "2014-08-25 11:17:42", 
            "turn-index": 4, 
            "utterance": "気にすんな"
        }, 
        {
            "annotations": [], 
            "speaker": "U", 
            "time": "2014-08-25 11:17:52", 
            "turn-index": 5, 
            "utterance": "優しいなー"
        }, 
        {
            "annotations": [
                {
                    "annotator-id": "09_A", 
                    "breakdown": "O", 
                    "comment": "", 
                    "ungrammatical-sentence": "O"
                }, 
                {
                    "annotator-id": "10_B", 
                    "breakdown": "O", 
                    "comment": "", 
                    "ungrammatical-sentence": "O"
                }
            ], 
            "speaker": "S", 
            "time": "2014-08-25 11:17:52", 
            "turn-index": 6, 
            "utterance": "照れてしまいます。"
        }, 
        {
            "annotations": [], 
            "speaker": "U", 
            "time": "2014-08-25 11:18:04", 
            "turn-index": 7, 
            "utterance": "ほんとに"
        }, 
        {
            "annotations": [
                {
                    "annotator-id": "09_A", 
                    "breakdown": "O", 
                    "comment": "", 
                    "ungrammatical-sentence": "O"
                }, 
                {
                    "annotator-id": "10_B", 
                    "breakdown": "O", 
                    "comment": "", 
                    "ungrammatical-sentence": "O"
                }
            ], 
            "speaker": "S", 
            "time": "2014-08-25 11:18:04", 
            "turn-index": 8, 
            "utterance": "本当に"
        }, 
        {
            "annotations": [], 
            "speaker": "U", 
            "time": "2014-08-25 11:18:10", 
            "turn-index": 9, 
            "utterance": "うん"
        }, 
        {
            "annotations": [
                {
                    "annotator-id": "09_A", 
                    "breakdown": "X", 
                    "comment": "何を送ったのか分からない。急すぎる", 
                    "ungrammatical-sentence": "O"
                }, 
                {
                    "annotator-id": "10_B", 
                    "breakdown": "X", 
                    "comment": "", 
                    "ungrammatical-sentence": "O"
                }
            ], 
            "speaker": "S", 
            "time": "2014-08-25 11:18:10", 
            "turn-index": 10, 
            "utterance": "おくった"
        }, 
        {
            "annotations": [], 
            "speaker": "U", 
            "time": "2014-08-25 11:18:23", 
            "turn-index": 11, 
            "utterance": "何を送ってくれたんですか？"
        }, 
        {
            "annotations": [
                {
                    "annotator-id": "09_A", 
                    "breakdown": "T", 
                    "comment": "11の質問無視。今までと全く関係がない", 
                    "ungrammatical-sentence": "O"
                }, 
                {
                    "annotator-id": "10_B", 
                    "breakdown": "T", 
                    "comment": "", 
                    "ungrammatical-sentence": "O"
                }
            ], 
            "speaker": "S", 
            "time": "2014-08-25 11:18:23", 
            "turn-index": 12, 
            "utterance": "音楽は好きですか？"
        }, 
        {
            "annotations": [], 
            "speaker": "U", 
            "time": "2014-08-25 11:18:28", 
            "turn-index": 13, 
            "utterance": "大好きです！"
        }, 
        {
            "annotations": [
                {
                    "annotator-id": "09_A", 
                    "breakdown": "T", 
                    "comment": "自分もということ？一言足りない", 
                    "ungrammatical-sentence": "O"
                }, 
                {
                    "annotator-id": "10_B", 
                    "breakdown": "T", 
                    "comment": "", 
                    "ungrammatical-sentence": "O"
                }
            ], 
            "speaker": "S", 
            "time": "2014-08-25 11:18:28", 
            "turn-index": 14, 
            "utterance": "だいすき"
        }, 
        {
            "annotations": [], 
            "speaker": "U", 
            "time": "2014-08-25 11:18:40", 
            "turn-index": 15, 
            "utterance": "もしかして音楽を送ってくれたんですか？"
        }, 
        {
            "annotations": [
                {
                    "annotator-id": "09_A", 
                    "breakdown": "T", 
                    "comment": "15の答えになっていない。一緒にはだれと？", 
                    "ungrammatical-sentence": "O"
                }, 
                {
                    "annotator-id": "10_B", 
                    "breakdown": "T", 
                    "comment": "", 
                    "ungrammatical-sentence": "O"
                }
            ], 
            "speaker": "S", 
            "time": "2014-08-25 11:18:40", 
            "turn-index": 16, 
            "utterance": "音楽は一緒に楽しむのです"
        }, 
        {
            "annotations": [], 
            "speaker": "U", 
            "time": "2014-08-25 11:18:52", 
            "turn-index": 17, 
            "utterance": "はい！一緒に聞きましょう．"
        }, 
        {
            "annotations": [
                {
                    "annotator-id": "09_A", 
                    "breakdown": "T", 
                    "comment": "よく意味がわからない", 
                    "ungrammatical-sentence": "O"
                }, 
                {
                    "annotator-id": "10_B", 
                    "breakdown": "T", 
                    "comment": "", 
                    "ungrammatical-sentence": "O"
                }
            ], 
            "speaker": "S", 
            "time": "2014-08-25 11:18:52", 
            "turn-index": 18, 
            "utterance": "音楽から離れられないな"
        }, 
        {
            "annotations": [], 
            "speaker": "U", 
            "time": "2014-08-25 11:18:58", 
            "turn-index": 19, 
            "utterance": "そうですよね"
        }, 
        {
            "annotations": [
                {
                    "annotator-id": "09_A", 
                    "breakdown": "O", 
                    "comment": "", 
                    "ungrammatical-sentence": "O"
                }, 
                {
                    "annotator-id": "10_B", 
                    "breakdown": "O", 
                    "comment": "", 
                    "ungrammatical-sentence": "O"
                }
            ], 
            "speaker": "S", 
            "time": "2014-08-25 11:18:58", 
            "turn-index": 20, 
            "utterance": "はい"
        }
    ]
}