{
    "dialogue-id": "1408223097", 
    "group-id": "subset_c", 
    "speaker-id": "02_02", 
    "turns": [
        {
            "annotations": [
                {
                    "annotator-id": "04_B", 
                    "breakdown": "O", 
                    "comment": "", 
                    "ungrammatical-sentence": "O"
                }, 
                {
                    "annotator-id": "06_A", 
                    "breakdown": "O", 
                    "comment": "", 
                    "ungrammatical-sentence": "O"
                }
            ], 
            "speaker": "S", 
            "time": "2014-08-17 06:01:01", 
            "turn-index": 0, 
            "utterance": "おはよー。声かけてくれるのを待ってたんだ。"
        }, 
        {
            "annotations": [], 
            "speaker": "U", 
            "time": "2014-08-17 06:01:07", 
            "turn-index": 1, 
            "utterance": "どもども"
        }, 
        {
            "annotations": [
                {
                    "annotator-id": "04_B", 
                    "breakdown": "O", 
                    "comment": "", 
                    "ungrammatical-sentence": "O"
                }, 
                {
                    "annotator-id": "06_A", 
                    "breakdown": "O", 
                    "comment": "", 
                    "ungrammatical-sentence": "O"
                }
            ], 
            "speaker": "S", 
            "time": "2014-08-17 06:01:07", 
            "turn-index": 2, 
            "utterance": "どもども"
        }, 
        {
            "annotations": [], 
            "speaker": "U", 
            "time": "2014-08-17 06:01:44", 
            "turn-index": 3, 
            "utterance": "えーと、お茶でもどうですか？"
        }, 
        {
            "annotations": [
                {
                    "annotator-id": "04_B", 
                    "breakdown": "T", 
                    "comment": "", 
                    "ungrammatical-sentence": "O"
                }, 
                {
                    "annotator-id": "06_A", 
                    "breakdown": "O", 
                    "comment": "", 
                    "ungrammatical-sentence": "O"
                }
            ], 
            "speaker": "S", 
            "time": "2014-08-17 06:01:44", 
            "turn-index": 4, 
            "utterance": "ポットに入れますよねえ"
        }, 
        {
            "annotations": [], 
            "speaker": "U", 
            "time": "2014-08-17 06:02:01", 
            "turn-index": 5, 
            "utterance": "いえ、カフェへ行きましょう。"
        }, 
        {
            "annotations": [
                {
                    "annotator-id": "04_B", 
                    "breakdown": "O", 
                    "comment": "", 
                    "ungrammatical-sentence": "O"
                }, 
                {
                    "annotator-id": "06_A", 
                    "breakdown": "T", 
                    "comment": "", 
                    "ungrammatical-sentence": "O"
                }
            ], 
            "speaker": "S", 
            "time": "2014-08-17 06:02:01", 
            "turn-index": 6, 
            "utterance": "ポットを使います"
        }, 
        {
            "annotations": [], 
            "speaker": "U", 
            "time": "2014-08-17 06:02:37", 
            "turn-index": 7, 
            "utterance": "それじゃ、公園へ行きましょう。"
        }, 
        {
            "annotations": [
                {
                    "annotator-id": "04_B", 
                    "breakdown": "T", 
                    "comment": "Uの誘いを無視している", 
                    "ungrammatical-sentence": "O"
                }, 
                {
                    "annotator-id": "06_A", 
                    "breakdown": "O", 
                    "comment": "", 
                    "ungrammatical-sentence": "O"
                }
            ], 
            "speaker": "S", 
            "time": "2014-08-17 06:02:37", 
            "turn-index": 8, 
            "utterance": "公園を横切りますよねえ"
        }, 
        {
            "annotations": [], 
            "speaker": "U", 
            "time": "2014-08-17 06:02:52", 
            "turn-index": 9, 
            "utterance": "ベンチに座って、お話しましょう。"
        }, 
        {
            "annotations": [
                {
                    "annotator-id": "04_B", 
                    "breakdown": "T", 
                    "comment": "Uの誘いを無視している", 
                    "ungrammatical-sentence": "O"
                }, 
                {
                    "annotator-id": "06_A", 
                    "breakdown": "O", 
                    "comment": "", 
                    "ungrammatical-sentence": "O"
                }
            ], 
            "speaker": "S", 
            "time": "2014-08-17 06:02:52", 
            "turn-index": 10, 
            "utterance": "ベンチから離れます"
        }, 
        {
            "annotations": [], 
            "speaker": "U", 
            "time": "2014-08-17 06:03:21", 
            "turn-index": 11, 
            "utterance": "それじゃ、芝生の上に、レジャーシート敷いて、座りましょう。"
        }, 
        {
            "annotations": [
                {
                    "annotator-id": "04_B", 
                    "breakdown": "O", 
                    "comment": "", 
                    "ungrammatical-sentence": "O"
                }, 
                {
                    "annotator-id": "06_A", 
                    "breakdown": "O", 
                    "comment": "", 
                    "ungrammatical-sentence": "O"
                }
            ], 
            "speaker": "S", 
            "time": "2014-08-17 06:03:21", 
            "turn-index": 12, 
            "utterance": "庭に広げます"
        }, 
        {
            "annotations": [], 
            "speaker": "U", 
            "time": "2014-08-17 06:03:46", 
            "turn-index": 13, 
            "utterance": "庭の方が楽ですね。"
        }, 
        {
            "annotations": [
                {
                    "annotator-id": "04_B", 
                    "breakdown": "O", 
                    "comment": "", 
                    "ungrammatical-sentence": "O"
                }, 
                {
                    "annotator-id": "06_A", 
                    "breakdown": "O", 
                    "comment": "", 
                    "ungrammatical-sentence": "O"
                }
            ], 
            "speaker": "S", 
            "time": "2014-08-17 06:03:46", 
            "turn-index": 14, 
            "utterance": "芝生の上に広げてるんですかね？"
        }, 
        {
            "annotations": [], 
            "speaker": "U", 
            "time": "2014-08-17 06:03:57", 
            "turn-index": 15, 
            "utterance": "砂利の上です。"
        }, 
        {
            "annotations": [
                {
                    "annotator-id": "04_B", 
                    "breakdown": "O", 
                    "comment": "", 
                    "ungrammatical-sentence": "O"
                }, 
                {
                    "annotator-id": "06_A", 
                    "breakdown": "O", 
                    "comment": "", 
                    "ungrammatical-sentence": "O"
                }
            ], 
            "speaker": "S", 
            "time": "2014-08-17 06:03:57", 
            "turn-index": 16, 
            "utterance": "レジャーシートは小さいですね"
        }, 
        {
            "annotations": [], 
            "speaker": "U", 
            "time": "2014-08-17 06:04:39", 
            "turn-index": 17, 
            "utterance": "でも二人で座るだけなら大丈夫です。"
        }, 
        {
            "annotations": [
                {
                    "annotator-id": "04_B", 
                    "breakdown": "T", 
                    "comment": "", 
                    "ungrammatical-sentence": "O"
                }, 
                {
                    "annotator-id": "06_A", 
                    "breakdown": "O", 
                    "comment": "", 
                    "ungrammatical-sentence": "O"
                }
            ], 
            "speaker": "S", 
            "time": "2014-08-17 06:04:39", 
            "turn-index": 18, 
            "utterance": "レジャーシートは欲しいですね"
        }, 
        {
            "annotations": [], 
            "speaker": "U", 
            "time": "2014-08-17 06:04:51", 
            "turn-index": 19, 
            "utterance": "あると便利ですよね。"
        }, 
        {
            "annotations": [
                {
                    "annotator-id": "04_B", 
                    "breakdown": "T", 
                    "comment": "「あると」違い", 
                    "ungrammatical-sentence": "O"
                }, 
                {
                    "annotator-id": "06_A", 
                    "breakdown": "X", 
                    "comment": "", 
                    "ungrammatical-sentence": "O"
                }
            ], 
            "speaker": "S", 
            "time": "2014-08-17 06:04:51", 
            "turn-index": 20, 
            "utterance": "あるとは2006年のアダルトゲームですね"
        }
    ]
}