{
    "dialogue-id": "1408102886", 
    "group-id": "subset_h", 
    "speaker-id": "07_04", 
    "turns": [
        {
            "annotations": [
                {
                    "annotator-id": "10_A", 
                    "breakdown": "O", 
                    "comment": "", 
                    "ungrammatical-sentence": "O"
                }, 
                {
                    "annotator-id": "13_A", 
                    "breakdown": "O", 
                    "comment": "", 
                    "ungrammatical-sentence": "O"
                }
            ], 
            "speaker": "S", 
            "time": "2014-08-15 20:39:52", 
            "turn-index": 0, 
            "utterance": "こんばんはー。夏といえばスイカだね。"
        }, 
        {
            "annotations": [], 
            "speaker": "U", 
            "time": "2014-08-15 20:40:00", 
            "turn-index": 1, 
            "utterance": "スイカ食べたい！"
        }, 
        {
            "annotations": [
                {
                    "annotator-id": "10_A", 
                    "breakdown": "T", 
                    "comment": "", 
                    "ungrammatical-sentence": "O"
                }, 
                {
                    "annotator-id": "13_A", 
                    "breakdown": "T", 
                    "comment": "何が？", 
                    "ungrammatical-sentence": "O"
                }
            ], 
            "speaker": "S", 
            "time": "2014-08-15 20:40:00", 
            "turn-index": 2, 
            "utterance": "スイカで有名か？？"
        }, 
        {
            "annotations": [], 
            "speaker": "U", 
            "time": "2014-08-15 20:40:13", 
            "turn-index": 3, 
            "utterance": "スイカの名産地？歌？"
        }, 
        {
            "annotations": [
                {
                    "annotator-id": "10_A", 
                    "breakdown": "T", 
                    "comment": "", 
                    "ungrammatical-sentence": "O"
                }, 
                {
                    "annotator-id": "13_A", 
                    "breakdown": "T", 
                    "comment": "何が？", 
                    "ungrammatical-sentence": "O"
                }
            ], 
            "speaker": "S", 
            "time": "2014-08-15 20:40:13", 
            "turn-index": 4, 
            "utterance": "スイカは多いですよねー"
        }, 
        {
            "annotations": [], 
            "speaker": "U", 
            "time": "2014-08-15 20:40:21", 
            "turn-index": 5, 
            "utterance": "夏だからね。"
        }, 
        {
            "annotations": [
                {
                    "annotator-id": "10_A", 
                    "breakdown": "O", 
                    "comment": "", 
                    "ungrammatical-sentence": "O"
                }, 
                {
                    "annotator-id": "13_A", 
                    "breakdown": "O", 
                    "comment": "", 
                    "ungrammatical-sentence": "O"
                }
            ], 
            "speaker": "S", 
            "time": "2014-08-15 20:40:21", 
            "turn-index": 6, 
            "utterance": "さあ、どこに出かけましょうか。"
        }, 
        {
            "annotations": [], 
            "speaker": "U", 
            "time": "2014-08-15 20:40:26", 
            "turn-index": 7, 
            "utterance": "海だな。"
        }, 
        {
            "annotations": [
                {
                    "annotator-id": "10_A", 
                    "breakdown": "O", 
                    "comment": "", 
                    "ungrammatical-sentence": "O"
                }, 
                {
                    "annotator-id": "13_A", 
                    "breakdown": "O", 
                    "comment": "", 
                    "ungrammatical-sentence": "O"
                }
            ], 
            "speaker": "S", 
            "time": "2014-08-15 20:40:26", 
            "turn-index": 8, 
            "utterance": "いいなー"
        }, 
        {
            "annotations": [], 
            "speaker": "U", 
            "time": "2014-08-15 20:40:31", 
            "turn-index": 9, 
            "utterance": "いいでしょー。"
        }, 
        {
            "annotations": [
                {
                    "annotator-id": "10_A", 
                    "breakdown": "O", 
                    "comment": "", 
                    "ungrammatical-sentence": "O"
                }, 
                {
                    "annotator-id": "13_A", 
                    "breakdown": "O", 
                    "comment": "", 
                    "ungrammatical-sentence": "O"
                }
            ], 
            "speaker": "S", 
            "time": "2014-08-15 20:40:31", 
            "turn-index": 10, 
            "utterance": "羨ましい"
        }, 
        {
            "annotations": [], 
            "speaker": "U", 
            "time": "2014-08-15 20:40:39", 
            "turn-index": 11, 
            "utterance": "どこの海がいいかな。"
        }, 
        {
            "annotations": [
                {
                    "annotator-id": "10_A", 
                    "breakdown": "O", 
                    "comment": "", 
                    "ungrammatical-sentence": "O"
                }, 
                {
                    "annotator-id": "13_A", 
                    "breakdown": "T", 
                    "comment": "ユーザの発話無視", 
                    "ungrammatical-sentence": "O"
                }
            ], 
            "speaker": "S", 
            "time": "2014-08-15 20:40:39", 
            "turn-index": 12, 
            "utterance": "海は楽しいですね"
        }, 
        {
            "annotations": [], 
            "speaker": "U", 
            "time": "2014-08-15 20:40:48", 
            "turn-index": 13, 
            "utterance": "伊豆かな？"
        }, 
        {
            "annotations": [
                {
                    "annotator-id": "10_A", 
                    "breakdown": "T", 
                    "comment": "", 
                    "ungrammatical-sentence": "O"
                }, 
                {
                    "annotator-id": "13_A", 
                    "breakdown": "T", 
                    "comment": "ユーザの発話無視", 
                    "ungrammatical-sentence": "O"
                }
            ], 
            "speaker": "S", 
            "time": "2014-08-15 20:40:48", 
            "turn-index": 14, 
            "utterance": "海は穏やかですね"
        }, 
        {
            "annotations": [], 
            "speaker": "U", 
            "time": "2014-08-15 20:40:59", 
            "turn-index": 15, 
            "utterance": "沖縄かな？"
        }, 
        {
            "annotations": [
                {
                    "annotator-id": "10_A", 
                    "breakdown": "X", 
                    "comment": "", 
                    "ungrammatical-sentence": "O"
                }, 
                {
                    "annotator-id": "13_A", 
                    "breakdown": "T", 
                    "comment": "ユーザの発話無視", 
                    "ungrammatical-sentence": "O"
                }
            ], 
            "speaker": "S", 
            "time": "2014-08-15 20:40:59", 
            "turn-index": 16, 
            "utterance": "海は大丈夫か"
        }, 
        {
            "annotations": [], 
            "speaker": "U", 
            "time": "2014-08-15 20:41:06", 
            "turn-index": 17, 
            "utterance": "うん。海行きたい。"
        }, 
        {
            "annotations": [
                {
                    "annotator-id": "10_A", 
                    "breakdown": "X", 
                    "comment": "", 
                    "ungrammatical-sentence": "O"
                }, 
                {
                    "annotator-id": "13_A", 
                    "breakdown": "O", 
                    "comment": "", 
                    "ungrammatical-sentence": "O"
                }
            ], 
            "speaker": "S", 
            "time": "2014-08-15 20:41:06", 
            "turn-index": 18, 
            "utterance": "海は大丈夫ですね"
        }, 
        {
            "annotations": [], 
            "speaker": "U", 
            "time": "2014-08-15 20:41:15", 
            "turn-index": 19, 
            "utterance": "そうだね。大丈夫だよ。怖くないよ。"
        }, 
        {
            "annotations": [
                {
                    "annotator-id": "10_A", 
                    "breakdown": "O", 
                    "comment": "", 
                    "ungrammatical-sentence": "O"
                }, 
                {
                    "annotator-id": "13_A", 
                    "breakdown": "O", 
                    "comment": "", 
                    "ungrammatical-sentence": "O"
                }
            ], 
            "speaker": "S", 
            "time": "2014-08-15 20:41:15", 
            "turn-index": 20, 
            "utterance": "気持ちがいいですね"
        }
    ]
}