{
    "dialogue-id": "1408507616", 
    "group-id": "subset_e", 
    "speaker-id": "07_03", 
    "turns": [
        {
            "annotations": [
                {
                    "annotator-id": "05_B", 
                    "breakdown": "O", 
                    "comment": "", 
                    "ungrammatical-sentence": "O"
                }, 
                {
                    "annotator-id": "08_B", 
                    "breakdown": "O", 
                    "comment": "", 
                    "ungrammatical-sentence": "O"
                }
            ], 
            "speaker": "S", 
            "time": "2014-08-20 12:57:04", 
            "turn-index": 0, 
            "utterance": "こんにちは！熱中症に気をつけて。"
        }, 
        {
            "annotations": [], 
            "speaker": "U", 
            "time": "2014-08-20 12:57:46", 
            "turn-index": 1, 
            "utterance": "こんにちは。あなたも気を付けて下さいね。"
        }, 
        {
            "annotations": [
                {
                    "annotator-id": "05_B", 
                    "breakdown": "X", 
                    "comment": "返答として意味をなしていない", 
                    "ungrammatical-sentence": "O"
                }, 
                {
                    "annotator-id": "08_B", 
                    "breakdown": "O", 
                    "comment": "", 
                    "ungrammatical-sentence": "O"
                }
            ], 
            "speaker": "S", 
            "time": "2014-08-20 12:57:46", 
            "turn-index": 2, 
            "utterance": "熱中症に気をつけか？？"
        }, 
        {
            "annotations": [], 
            "speaker": "U", 
            "time": "2014-08-20 12:59:00", 
            "turn-index": 3, 
            "utterance": "あはは、私もよく呂律が回らなくなります。"
        }, 
        {
            "annotations": [
                {
                    "annotator-id": "05_B", 
                    "breakdown": "O", 
                    "comment": "", 
                    "ungrammatical-sentence": "O"
                }, 
                {
                    "annotator-id": "08_B", 
                    "breakdown": "O", 
                    "comment": "", 
                    "ungrammatical-sentence": "O"
                }
            ], 
            "speaker": "S", 
            "time": "2014-08-20 12:59:00", 
            "turn-index": 4, 
            "utterance": "熱中症が心配されます？？"
        }, 
        {
            "annotations": [], 
            "speaker": "U", 
            "time": "2014-08-20 13:00:05", 
            "turn-index": 5, 
            "utterance": "熱中症で人が亡くなるニュースなどを見ると、やはりね。"
        }, 
        {
            "annotations": [
                {
                    "annotator-id": "05_B", 
                    "breakdown": "T", 
                    "comment": "もう少し遠回りで聞くべき", 
                    "ungrammatical-sentence": "O"
                }, 
                {
                    "annotator-id": "08_B", 
                    "breakdown": "O", 
                    "comment": "", 
                    "ungrammatical-sentence": "O"
                }
            ], 
            "speaker": "S", 
            "time": "2014-08-20 13:00:05", 
            "turn-index": 6, 
            "utterance": "熱中症を起こしてますか？"
        }, 
        {
            "annotations": [], 
            "speaker": "U", 
            "time": "2014-08-20 13:00:22", 
            "turn-index": 7, 
            "utterance": "今は、部屋でクーラーを付けているので大丈夫ですよ。"
        }, 
        {
            "annotations": [
                {
                    "annotator-id": "05_B", 
                    "breakdown": "O", 
                    "comment": "", 
                    "ungrammatical-sentence": "O"
                }, 
                {
                    "annotator-id": "08_B", 
                    "breakdown": "O", 
                    "comment": "", 
                    "ungrammatical-sentence": "O"
                }
            ], 
            "speaker": "S", 
            "time": "2014-08-20 13:00:22", 
            "turn-index": 8, 
            "utterance": "ガンガンに付けてます？？"
        }, 
        {
            "annotations": [], 
            "speaker": "U", 
            "time": "2014-08-20 13:03:34", 
            "turn-index": 9, 
            "utterance": "とても寒くて、まるで北極にいるような感じですよ。"
        }, 
        {
            "annotations": [
                {
                    "annotator-id": "05_B", 
                    "breakdown": "O", 
                    "comment": "", 
                    "ungrammatical-sentence": "O"
                }, 
                {
                    "annotator-id": "08_B", 
                    "breakdown": "O", 
                    "comment": "", 
                    "ungrammatical-sentence": "O"
                }
            ], 
            "speaker": "S", 
            "time": "2014-08-20 13:03:34", 
            "turn-index": 10, 
            "utterance": "気持ちがいいですね"
        }, 
        {
            "annotations": [], 
            "speaker": "U", 
            "time": "2014-08-20 13:04:35", 
            "turn-index": 11, 
            "utterance": "北島選手風に言えば、超気持ちいい！ですかね。"
        }, 
        {
            "annotations": [
                {
                    "annotator-id": "05_B", 
                    "breakdown": "O", 
                    "comment": "", 
                    "ungrammatical-sentence": "O"
                }, 
                {
                    "annotator-id": "08_B", 
                    "breakdown": "O", 
                    "comment": "", 
                    "ungrammatical-sentence": "O"
                }
            ], 
            "speaker": "S", 
            "time": "2014-08-20 13:04:35", 
            "turn-index": 12, 
            "utterance": "クーラーは欲しいですね"
        }, 
        {
            "annotations": [], 
            "speaker": "U", 
            "time": "2014-08-20 13:04:55", 
            "turn-index": 13, 
            "utterance": "あなたが現在住んでいる部屋には、クーラーが無いのですか？"
        }, 
        {
            "annotations": [
                {
                    "annotator-id": "05_B", 
                    "breakdown": "X", 
                    "comment": "いるかどうかを聞いていない", 
                    "ungrammatical-sentence": "O"
                }, 
                {
                    "annotator-id": "08_B", 
                    "breakdown": "O", 
                    "comment": "", 
                    "ungrammatical-sentence": "O"
                }
            ], 
            "speaker": "S", 
            "time": "2014-08-20 13:04:55", 
            "turn-index": 14, 
            "utterance": "クーラーがいりませんでした"
        }, 
        {
            "annotations": [], 
            "speaker": "U", 
            "time": "2014-08-20 13:05:32", 
            "turn-index": 15, 
            "utterance": "何故、クーラーが必要無いと思ったのですか？"
        }, 
        {
            "annotations": [
                {
                    "annotator-id": "05_B", 
                    "breakdown": "T", 
                    "comment": "クーラーにいい印象があるのかどうかが分からない", 
                    "ungrammatical-sentence": "O"
                }, 
                {
                    "annotator-id": "08_B", 
                    "breakdown": "T", 
                    "comment": "", 
                    "ungrammatical-sentence": "O"
                }
            ], 
            "speaker": "S", 
            "time": "2014-08-20 13:05:32", 
            "turn-index": 16, 
            "utterance": "クーラーから離れられるのです"
        }, 
        {
            "annotations": [], 
            "speaker": "U", 
            "time": "2014-08-20 13:05:43", 
            "turn-index": 17, 
            "utterance": "クーラーについて、嫌な思い出がありますか？"
        }, 
        {
            "annotations": [
                {
                    "annotator-id": "05_B", 
                    "breakdown": "X", 
                    "comment": "「恋しい」ならばつけなかった理由がおかしい", 
                    "ungrammatical-sentence": "O"
                }, 
                {
                    "annotator-id": "08_B", 
                    "breakdown": "T", 
                    "comment": "", 
                    "ungrammatical-sentence": "O"
                }
            ], 
            "speaker": "S", 
            "time": "2014-08-20 13:05:43", 
            "turn-index": 18, 
            "utterance": "クーラーは恋しいです"
        }, 
        {
            "annotations": [], 
            "speaker": "U", 
            "time": "2014-08-20 13:06:02", 
            "turn-index": 19, 
            "utterance": "ツンデレと言われたことはありますか？"
        }, 
        {
            "annotations": [
                {
                    "annotator-id": "05_B", 
                    "breakdown": "X", 
                    "comment": "言われたことがあるかどうかを答えていない", 
                    "ungrammatical-sentence": "O"
                }, 
                {
                    "annotator-id": "08_B", 
                    "breakdown": "X", 
                    "comment": "", 
                    "ungrammatical-sentence": "O"
                }
            ], 
            "speaker": "S", 
            "time": "2014-08-20 13:06:02", 
            "turn-index": 20, 
            "utterance": "ツンデレで眠れたことないですね"
        }
    ]
}