{
    "dialogue-id": "1408082617", 
    "group-id": "subset_b", 
    "speaker-id": "04_03", 
    "turns": [
        {
            "annotations": [
                {
                    "annotator-id": "02_A", 
                    "breakdown": "O", 
                    "comment": "", 
                    "ungrammatical-sentence": "O"
                }, 
                {
                    "annotator-id": "03_A", 
                    "breakdown": "O", 
                    "comment": "", 
                    "ungrammatical-sentence": "O"
                }
            ], 
            "speaker": "S", 
            "time": "2014-08-15 15:00:54", 
            "turn-index": 0, 
            "utterance": "こんにちは！気軽に声かけてね。"
        }, 
        {
            "annotations": [], 
            "speaker": "U", 
            "time": "2014-08-15 15:01:08", 
            "turn-index": 1, 
            "utterance": "ではさっそく。こんちわ！"
        }, 
        {
            "annotations": [
                {
                    "annotator-id": "02_A", 
                    "breakdown": "O", 
                    "comment": "", 
                    "ungrammatical-sentence": "O"
                }, 
                {
                    "annotator-id": "03_A", 
                    "breakdown": "O", 
                    "comment": "", 
                    "ungrammatical-sentence": "O"
                }
            ], 
            "speaker": "S", 
            "time": "2014-08-15 15:01:08", 
            "turn-index": 2, 
            "utterance": "ところで、富士フィルムの撮った写真がすぐにプリントされるインスタントカメラ「チェキ」が、アジア圏内での販売が伸び再ブーム到来になっているそうです。"
        }, 
        {
            "annotations": [], 
            "speaker": "U", 
            "time": "2014-08-15 15:01:21", 
            "turn-index": 3, 
            "utterance": "私もそのニュース見ました！"
        }, 
        {
            "annotations": [
                {
                    "annotator-id": "02_A", 
                    "breakdown": "O", 
                    "comment": "", 
                    "ungrammatical-sentence": "O"
                }, 
                {
                    "annotator-id": "03_A", 
                    "breakdown": "O", 
                    "comment": "", 
                    "ungrammatical-sentence": "O"
                }
            ], 
            "speaker": "S", 
            "time": "2014-08-15 15:01:21", 
            "turn-index": 4, 
            "utterance": "富士フィルムはカラーセンスが良いですね"
        }, 
        {
            "annotations": [], 
            "speaker": "U", 
            "time": "2014-08-15 15:01:47", 
            "turn-index": 5, 
            "utterance": "それはわかりませんけど…。友達のお父さんが富士フィルムに勤めてたな＾。"
        }, 
        {
            "annotations": [
                {
                    "annotator-id": "02_A", 
                    "breakdown": "O", 
                    "comment": "", 
                    "ungrammatical-sentence": "O"
                }, 
                {
                    "annotator-id": "03_A", 
                    "breakdown": "O", 
                    "comment": "", 
                    "ungrammatical-sentence": "O"
                }
            ], 
            "speaker": "S", 
            "time": "2014-08-15 15:01:47", 
            "turn-index": 6, 
            "utterance": "富士フィルムで活躍するのでしょうか？"
        }, 
        {
            "annotations": [], 
            "speaker": "U", 
            "time": "2014-08-15 15:02:07", 
            "turn-index": 7, 
            "utterance": "もう定年退職してますよ"
        }, 
        {
            "annotations": [
                {
                    "annotator-id": "02_A", 
                    "breakdown": "O", 
                    "comment": "", 
                    "ungrammatical-sentence": "O"
                }, 
                {
                    "annotator-id": "03_A", 
                    "breakdown": "O", 
                    "comment": "", 
                    "ungrammatical-sentence": "O"
                }
            ], 
            "speaker": "S", 
            "time": "2014-08-15 15:02:07", 
            "turn-index": 8, 
            "utterance": "富士フィルムで撮影するのでしょうか？"
        }, 
        {
            "annotations": [], 
            "speaker": "U", 
            "time": "2014-08-15 15:02:19", 
            "turn-index": 9, 
            "utterance": "そりゃ使うのはいつも富士フィルムでしたよ"
        }, 
        {
            "annotations": [
                {
                    "annotator-id": "02_A", 
                    "breakdown": "O", 
                    "comment": "", 
                    "ungrammatical-sentence": "O"
                }, 
                {
                    "annotator-id": "03_A", 
                    "breakdown": "O", 
                    "comment": "", 
                    "ungrammatical-sentence": "O"
                }
            ], 
            "speaker": "S", 
            "time": "2014-08-15 15:02:19", 
            "turn-index": 10, 
            "utterance": "富士フィルムのカメラすごいな"
        }, 
        {
            "annotations": [], 
            "speaker": "U", 
            "time": "2014-08-15 15:02:29", 
            "turn-index": 11, 
            "utterance": "カメラ、良く知ってるんですか？"
        }, 
        {
            "annotations": [
                {
                    "annotator-id": "02_A", 
                    "breakdown": "O", 
                    "comment": "", 
                    "ungrammatical-sentence": "O"
                }, 
                {
                    "annotator-id": "03_A", 
                    "breakdown": "O", 
                    "comment": "", 
                    "ungrammatical-sentence": "O"
                }
            ], 
            "speaker": "S", 
            "time": "2014-08-15 15:02:29", 
            "turn-index": 12, 
            "utterance": "カメラは古いです"
        }, 
        {
            "annotations": [], 
            "speaker": "U", 
            "time": "2014-08-15 15:02:38", 
            "turn-index": 13, 
            "utterance": "デジカメじゃないのを持っているとか？"
        }, 
        {
            "annotations": [
                {
                    "annotator-id": "02_A", 
                    "breakdown": "T", 
                    "comment": "", 
                    "ungrammatical-sentence": "O"
                }, 
                {
                    "annotator-id": "03_A", 
                    "breakdown": "T", 
                    "comment": "", 
                    "ungrammatical-sentence": "O"
                }
            ], 
            "speaker": "S", 
            "time": "2014-08-15 15:02:38", 
            "turn-index": 14, 
            "utterance": "デジカメは古いです"
        }, 
        {
            "annotations": [], 
            "speaker": "U", 
            "time": "2014-08-15 15:02:54", 
            "turn-index": 15, 
            "utterance": "デジイチとか持ってます？"
        }, 
        {
            "annotations": [
                {
                    "annotator-id": "02_A", 
                    "breakdown": "T", 
                    "comment": "", 
                    "ungrammatical-sentence": "O"
                }, 
                {
                    "annotator-id": "03_A", 
                    "breakdown": "T", 
                    "comment": "", 
                    "ungrammatical-sentence": "O"
                }
            ], 
            "speaker": "S", 
            "time": "2014-08-15 15:02:54", 
            "turn-index": 16, 
            "utterance": "デジイチは動画が撮れてないな"
        }, 
        {
            "annotations": [], 
            "speaker": "U", 
            "time": "2014-08-15 15:03:12", 
            "turn-index": 17, 
            "utterance": "動画も撮るんですか？"
        }, 
        {
            "annotations": [
                {
                    "annotator-id": "02_A", 
                    "breakdown": "O", 
                    "comment": "", 
                    "ungrammatical-sentence": "O"
                }, 
                {
                    "annotator-id": "03_A", 
                    "breakdown": "O", 
                    "comment": "", 
                    "ungrammatical-sentence": "O"
                }
            ], 
            "speaker": "S", 
            "time": "2014-08-15 15:03:12", 
            "turn-index": 18, 
            "utterance": "風景を撮るのです"
        }, 
        {
            "annotations": [], 
            "speaker": "U", 
            "time": "2014-08-15 15:03:29", 
            "turn-index": 19, 
            "utterance": "じゃあ動画は別になくても"
        }, 
        {
            "annotations": [
                {
                    "annotator-id": "02_A", 
                    "breakdown": "T", 
                    "comment": "", 
                    "ungrammatical-sentence": "O"
                }, 
                {
                    "annotator-id": "03_A", 
                    "breakdown": "T", 
                    "comment": "", 
                    "ungrammatical-sentence": "O"
                }
            ], 
            "speaker": "S", 
            "time": "2014-08-15 15:03:29", 
            "turn-index": 20, 
            "utterance": "スナップ写真を撮ります"
        }
    ]
}