{
    "dialogue-id": "1408099390", 
    "group-id": "subset_h", 
    "speaker-id": "14_01", 
    "turns": [
        {
            "annotations": [
                {
                    "annotator-id": "10_A", 
                    "breakdown": "O", 
                    "comment": "", 
                    "ungrammatical-sentence": "O"
                }, 
                {
                    "annotator-id": "13_A", 
                    "breakdown": "O", 
                    "comment": "", 
                    "ungrammatical-sentence": "O"
                }
            ], 
            "speaker": "S", 
            "time": "2014-08-15 19:37:19", 
            "turn-index": 0, 
            "utterance": "こんばんは。海へ行きたいね。"
        }, 
        {
            "annotations": [], 
            "speaker": "U", 
            "time": "2014-08-15 19:40:23", 
            "turn-index": 1, 
            "utterance": "うん、海めっちゃいきたいね"
        }, 
        {
            "annotations": [
                {
                    "annotator-id": "10_A", 
                    "breakdown": "X", 
                    "comment": "", 
                    "ungrammatical-sentence": "O"
                }, 
                {
                    "annotator-id": "13_A", 
                    "breakdown": "T", 
                    "comment": "ユーザ発話と矛盾", 
                    "ungrammatical-sentence": "O"
                }
            ], 
            "speaker": "S", 
            "time": "2014-08-15 19:40:23", 
            "turn-index": 2, 
            "utterance": "海に行かないんですね？"
        }, 
        {
            "annotations": [], 
            "speaker": "U", 
            "time": "2014-08-15 19:40:45", 
            "turn-index": 3, 
            "utterance": "仕事いそがしくて行けないの。海行くの？"
        }, 
        {
            "annotations": [
                {
                    "annotator-id": "10_A", 
                    "breakdown": "X", 
                    "comment": "", 
                    "ungrammatical-sentence": "O"
                }, 
                {
                    "annotator-id": "13_A", 
                    "breakdown": "T", 
                    "comment": "質問に答えない", 
                    "ungrammatical-sentence": "O"
                }
            ], 
            "speaker": "S", 
            "time": "2014-08-15 19:40:45", 
            "turn-index": 4, 
            "utterance": "旦那が仕事に行くのです"
        }, 
        {
            "annotations": [], 
            "speaker": "U", 
            "time": "2014-08-15 19:41:10", 
            "turn-index": 5, 
            "utterance": "旦那が仕事に行って、あなたは海に行くのですか？"
        }, 
        {
            "annotations": [
                {
                    "annotator-id": "10_A", 
                    "breakdown": "X", 
                    "comment": "", 
                    "ungrammatical-sentence": "O"
                }, 
                {
                    "annotator-id": "13_A", 
                    "breakdown": "T", 
                    "comment": "質問に答えない", 
                    "ungrammatical-sentence": "O"
                }
            ], 
            "speaker": "S", 
            "time": "2014-08-15 19:41:10", 
            "turn-index": 6, 
            "utterance": "仕事が休みです"
        }, 
        {
            "annotations": [], 
            "speaker": "U", 
            "time": "2014-08-15 19:41:30", 
            "turn-index": 7, 
            "utterance": "休みの日は何をしますか？"
        }, 
        {
            "annotations": [
                {
                    "annotator-id": "10_A", 
                    "breakdown": "O", 
                    "comment": "", 
                    "ungrammatical-sentence": "O"
                }, 
                {
                    "annotator-id": "13_A", 
                    "breakdown": "T", 
                    "comment": "質問に答えない", 
                    "ungrammatical-sentence": "O"
                }
            ], 
            "speaker": "S", 
            "time": "2014-08-15 19:41:30", 
            "turn-index": 8, 
            "utterance": "旦那が仕事に行ったりとかです"
        }, 
        {
            "annotations": [], 
            "speaker": "U", 
            "time": "2014-08-15 19:42:03", 
            "turn-index": 9, 
            "utterance": "なるほど。週末はなにをしていますか？"
        }, 
        {
            "annotations": [
                {
                    "annotator-id": "10_A", 
                    "breakdown": "O", 
                    "comment": "", 
                    "ungrammatical-sentence": "O"
                }, 
                {
                    "annotator-id": "13_A", 
                    "breakdown": "O", 
                    "comment": "", 
                    "ungrammatical-sentence": "O"
                }
            ], 
            "speaker": "S", 
            "time": "2014-08-15 19:42:03", 
            "turn-index": 10, 
            "utterance": "旦那が飲みに行くのです"
        }, 
        {
            "annotations": [], 
            "speaker": "U", 
            "time": "2014-08-15 19:42:13", 
            "turn-index": 11, 
            "utterance": "よくある話ですね"
        }, 
        {
            "annotations": [
                {
                    "annotator-id": "10_A", 
                    "breakdown": "O", 
                    "comment": "", 
                    "ungrammatical-sentence": "O"
                }, 
                {
                    "annotator-id": "13_A", 
                    "breakdown": "O", 
                    "comment": "", 
                    "ungrammatical-sentence": "O"
                }
            ], 
            "speaker": "S", 
            "time": "2014-08-15 19:42:13", 
            "turn-index": 12, 
            "utterance": "旦那が遊びに行くのです"
        }, 
        {
            "annotations": [], 
            "speaker": "U", 
            "time": "2014-08-15 19:42:26", 
            "turn-index": 13, 
            "utterance": "置いてけぼりですか？"
        }, 
        {
            "annotations": [
                {
                    "annotator-id": "10_A", 
                    "breakdown": "X", 
                    "comment": "", 
                    "ungrammatical-sentence": "O"
                }, 
                {
                    "annotator-id": "13_A", 
                    "breakdown": "T", 
                    "comment": "何を？", 
                    "ungrammatical-sentence": "O"
                }
            ], 
            "speaker": "S", 
            "time": "2014-08-15 19:42:26", 
            "turn-index": 14, 
            "utterance": "旦那が買いに行くのです"
        }, 
        {
            "annotations": [], 
            "speaker": "U", 
            "time": "2014-08-15 19:42:40", 
            "turn-index": 15, 
            "utterance": "何を買うんですか？"
        }, 
        {
            "annotations": [
                {
                    "annotator-id": "10_A", 
                    "breakdown": "X", 
                    "comment": "", 
                    "ungrammatical-sentence": "O"
                }, 
                {
                    "annotator-id": "13_A", 
                    "breakdown": "T", 
                    "comment": "質問に答えない", 
                    "ungrammatical-sentence": "O"
                }
            ], 
            "speaker": "S", 
            "time": "2014-08-15 19:42:40", 
            "turn-index": 16, 
            "utterance": "旦那がトイレに行きます"
        }, 
        {
            "annotations": [], 
            "speaker": "U", 
            "time": "2014-08-15 19:42:59", 
            "turn-index": 17, 
            "utterance": "生理現象ですね"
        }, 
        {
            "annotations": [
                {
                    "annotator-id": "10_A", 
                    "breakdown": "T", 
                    "comment": "", 
                    "ungrammatical-sentence": "O"
                }, 
                {
                    "annotator-id": "13_A", 
                    "breakdown": "T", 
                    "comment": "意味が分からない", 
                    "ungrammatical-sentence": "O"
                }
            ], 
            "speaker": "S", 
            "time": "2014-08-15 19:42:59", 
            "turn-index": 18, 
            "utterance": "生理現象に伴います"
        }, 
        {
            "annotations": [], 
            "speaker": "U", 
            "time": "2014-08-15 19:43:07", 
            "turn-index": 19, 
            "utterance": "優しいですね"
        }, 
        {
            "annotations": [
                {
                    "annotator-id": "10_A", 
                    "breakdown": "T", 
                    "comment": "", 
                    "ungrammatical-sentence": "O"
                }, 
                {
                    "annotator-id": "13_A", 
                    "breakdown": "O", 
                    "comment": "", 
                    "ungrammatical-sentence": "O"
                }
            ], 
            "speaker": "S", 
            "time": "2014-08-15 19:43:07", 
            "turn-index": 20, 
            "utterance": "もっと優しくなれるよう努力します。"
        }
    ]
}