{
    "dialogue-id": "1408086735", 
    "group-id": "subset_f", 
    "speaker-id": "14_01", 
    "turns": [
        {
            "annotations": [
                {
                    "annotator-id": "09_A", 
                    "breakdown": "O", 
                    "comment": "", 
                    "ungrammatical-sentence": "O"
                }, 
                {
                    "annotator-id": "10_B", 
                    "breakdown": "O", 
                    "comment": "", 
                    "ungrammatical-sentence": "O"
                }
            ], 
            "speaker": "S", 
            "time": "2014-08-15 16:08:15", 
            "turn-index": 0, 
            "utterance": "こんにちは！ちょうど退屈してたんだ。"
        }, 
        {
            "annotations": [], 
            "speaker": "U", 
            "time": "2014-08-15 16:09:34", 
            "turn-index": 1, 
            "utterance": "昔話についてお話しませんか？"
        }, 
        {
            "annotations": [
                {
                    "annotator-id": "09_A", 
                    "breakdown": "O", 
                    "comment": "", 
                    "ungrammatical-sentence": "O"
                }, 
                {
                    "annotator-id": "10_B", 
                    "breakdown": "T", 
                    "comment": "", 
                    "ungrammatical-sentence": "O"
                }
            ], 
            "speaker": "S", 
            "time": "2014-08-15 16:09:34", 
            "turn-index": 2, 
            "utterance": "昔話を楽しむのです"
        }, 
        {
            "annotations": [], 
            "speaker": "U", 
            "time": "2014-08-15 16:09:46", 
            "turn-index": 3, 
            "utterance": "はい。どういうのがありましたっけ？"
        }, 
        {
            "annotations": [
                {
                    "annotator-id": "09_A", 
                    "breakdown": "T", 
                    "comment": "", 
                    "ungrammatical-sentence": "O"
                }, 
                {
                    "annotator-id": "10_B", 
                    "breakdown": "T", 
                    "comment": "", 
                    "ungrammatical-sentence": "O"
                }
            ], 
            "speaker": "S", 
            "time": "2014-08-15 16:09:46", 
            "turn-index": 4, 
            "utterance": "昔話は楽しいそうですよ"
        }, 
        {
            "annotations": [], 
            "speaker": "U", 
            "time": "2014-08-15 16:09:58", 
            "turn-index": 5, 
            "utterance": "楽しいですよね。かぐや姫とか？"
        }, 
        {
            "annotations": [
                {
                    "annotator-id": "09_A", 
                    "breakdown": "T", 
                    "comment": "昔話を楽しむ方法が独特過ぎる", 
                    "ungrammatical-sentence": "O"
                }, 
                {
                    "annotator-id": "10_B", 
                    "breakdown": "O", 
                    "comment": "", 
                    "ungrammatical-sentence": "O"
                }
            ], 
            "speaker": "S", 
            "time": "2014-08-15 16:09:58", 
            "turn-index": 6, 
            "utterance": "かぐや姫になりたいんです"
        }, 
        {
            "annotations": [], 
            "speaker": "U", 
            "time": "2014-08-15 16:10:20", 
            "turn-index": 7, 
            "utterance": "月に帰って寂しくないの？"
        }, 
        {
            "annotations": [
                {
                    "annotator-id": "09_A", 
                    "breakdown": "X", 
                    "comment": "07の質問・かぐや姫からは離れてしまっている", 
                    "ungrammatical-sentence": "O"
                }, 
                {
                    "annotator-id": "10_B", 
                    "breakdown": "T", 
                    "comment": "", 
                    "ungrammatical-sentence": "O"
                }
            ], 
            "speaker": "S", 
            "time": "2014-08-15 16:10:20", 
            "turn-index": 8, 
            "utterance": "月は夜に見るそうですよ"
        }, 
        {
            "annotations": [], 
            "speaker": "U", 
            "time": "2014-08-15 16:10:41", 
            "turn-index": 9, 
            "utterance": "夜しか見えないですものね。。"
        }, 
        {
            "annotations": [
                {
                    "annotator-id": "09_A", 
                    "breakdown": "X", 
                    "comment": "「かぐや姫」の一部だけが出てきてしまっている", 
                    "ungrammatical-sentence": "O"
                }, 
                {
                    "annotator-id": "10_B", 
                    "breakdown": "T", 
                    "comment": "", 
                    "ungrammatical-sentence": "O"
                }
            ], 
            "speaker": "S", 
            "time": "2014-08-15 16:10:41", 
            "turn-index": 10, 
            "utterance": "かぐや姫が月に還るらしいです"
        }, 
        {
            "annotations": [], 
            "speaker": "U", 
            "time": "2014-08-15 16:11:00", 
            "turn-index": 11, 
            "utterance": "既に帰ったらしいですよ。"
        }, 
        {
            "annotations": [
                {
                    "annotator-id": "09_A", 
                    "breakdown": "X", 
                    "comment": "「かぐや姫」の一部だけが出てきてしまっている", 
                    "ungrammatical-sentence": "O"
                }, 
                {
                    "annotator-id": "10_B", 
                    "breakdown": "T", 
                    "comment": "", 
                    "ungrammatical-sentence": "O"
                }
            ], 
            "speaker": "S", 
            "time": "2014-08-15 16:11:00", 
            "turn-index": 12, 
            "utterance": "かぐや姫を迎えるらしいです"
        }, 
        {
            "annotations": [], 
            "speaker": "U", 
            "time": "2014-08-15 16:11:16", 
            "turn-index": 13, 
            "utterance": "地球に帰ってくるのですか？"
        }, 
        {
            "annotations": [
                {
                    "annotator-id": "09_A", 
                    "breakdown": "X", 
                    "comment": "13の質問に答えていない。昔話もかぐや姫も関係なくなった。", 
                    "ungrammatical-sentence": "O"
                }, 
                {
                    "annotator-id": "10_B", 
                    "breakdown": "O", 
                    "comment": "", 
                    "ungrammatical-sentence": "O"
                }
            ], 
            "speaker": "S", 
            "time": "2014-08-15 16:11:16", 
            "turn-index": 14, 
            "utterance": "月が地球に近づくのです"
        }, 
        {
            "annotations": [], 
            "speaker": "U", 
            "time": "2014-08-15 16:11:30", 
            "turn-index": 15, 
            "utterance": "なるほど。神秘的ですね！"
        }, 
        {
            "annotations": [
                {
                    "annotator-id": "09_A", 
                    "breakdown": "T", 
                    "comment": "14だけと続いてるとすると、少しわかるかもなので△", 
                    "ungrammatical-sentence": "O"
                }, 
                {
                    "annotator-id": "10_B", 
                    "breakdown": "O", 
                    "comment": "", 
                    "ungrammatical-sentence": "O"
                }
            ], 
            "speaker": "S", 
            "time": "2014-08-15 16:11:30", 
            "turn-index": 16, 
            "utterance": "月が地球に落ちるかもしれない"
        }, 
        {
            "annotations": [], 
            "speaker": "U", 
            "time": "2014-08-15 16:11:45", 
            "turn-index": 17, 
            "utterance": "それ怖くないですか？"
        }, 
        {
            "annotations": [
                {
                    "annotator-id": "09_A", 
                    "breakdown": "T", 
                    "comment": "", 
                    "ungrammatical-sentence": "O"
                }, 
                {
                    "annotator-id": "10_B", 
                    "breakdown": "X", 
                    "comment": "", 
                    "ungrammatical-sentence": "O"
                }
            ], 
            "speaker": "S", 
            "time": "2014-08-15 16:11:45", 
            "turn-index": 18, 
            "utterance": "月は綺麗ですね"
        }, 
        {
            "annotations": [], 
            "speaker": "U", 
            "time": "2014-08-15 16:12:11", 
            "turn-index": 19, 
            "utterance": "怖くないのですね。"
        }, 
        {
            "annotations": [
                {
                    "annotator-id": "09_A", 
                    "breakdown": "X", 
                    "comment": "意味がわからない", 
                    "ungrammatical-sentence": "X"
                }, 
                {
                    "annotator-id": "10_B", 
                    "breakdown": "X", 
                    "comment": "", 
                    "ungrammatical-sentence": "O"
                }
            ], 
            "speaker": "S", 
            "time": "2014-08-15 16:12:11", 
            "turn-index": 20, 
            "utterance": "月が綺麗に見えようですよ"
        }
    ]
}