{
    "dialogue-id": "1408103743", 
    "group-id": "subset_j", 
    "speaker-id": "07_02", 
    "turns": [
        {
            "annotations": [
                {
                    "annotator-id": "06_B", 
                    "breakdown": "O", 
                    "comment": "", 
                    "ungrammatical-sentence": "O"
                }, 
                {
                    "annotator-id": "14_A", 
                    "breakdown": "O", 
                    "comment": "", 
                    "ungrammatical-sentence": "O"
                }, 
                {
                    "annotator-id": "14_B", 
                    "breakdown": "O", 
                    "comment": "", 
                    "ungrammatical-sentence": "O"
                }
            ], 
            "speaker": "S", 
            "time": "2014-08-15 20:51:00", 
            "turn-index": 0, 
            "utterance": "こんばんはー。気軽に声かけてね。"
        }, 
        {
            "annotations": [], 
            "speaker": "U", 
            "time": "2014-08-15 20:51:09", 
            "turn-index": 1, 
            "utterance": "元気？"
        }, 
        {
            "annotations": [
                {
                    "annotator-id": "06_B", 
                    "breakdown": "O", 
                    "comment": "", 
                    "ungrammatical-sentence": "O"
                }, 
                {
                    "annotator-id": "14_A", 
                    "breakdown": "O", 
                    "comment": "", 
                    "ungrammatical-sentence": "O"
                }, 
                {
                    "annotator-id": "14_B", 
                    "breakdown": "O", 
                    "comment": "", 
                    "ungrammatical-sentence": "O"
                }
            ], 
            "speaker": "S", 
            "time": "2014-08-15 20:51:09", 
            "turn-index": 2, 
            "utterance": "元気ですよ"
        }, 
        {
            "annotations": [], 
            "speaker": "U", 
            "time": "2014-08-15 20:52:30", 
            "turn-index": 3, 
            "utterance": "それは良かった"
        }, 
        {
            "annotations": [
                {
                    "annotator-id": "06_B", 
                    "breakdown": "O", 
                    "comment": "", 
                    "ungrammatical-sentence": "O"
                }, 
                {
                    "annotator-id": "14_A", 
                    "breakdown": "O", 
                    "comment": "", 
                    "ungrammatical-sentence": "O"
                }, 
                {
                    "annotator-id": "14_B", 
                    "breakdown": "O", 
                    "comment": "", 
                    "ungrammatical-sentence": "O"
                }
            ], 
            "speaker": "S", 
            "time": "2014-08-15 20:52:30", 
            "turn-index": 4, 
            "utterance": "ありがと"
        }, 
        {
            "annotations": [], 
            "speaker": "U", 
            "time": "2014-08-15 20:52:39", 
            "turn-index": 5, 
            "utterance": "どういたしまして"
        }, 
        {
            "annotations": [
                {
                    "annotator-id": "06_B", 
                    "breakdown": "T", 
                    "comment": "", 
                    "ungrammatical-sentence": "O"
                }, 
                {
                    "annotator-id": "14_A", 
                    "breakdown": "O", 
                    "comment": "", 
                    "ungrammatical-sentence": "O"
                }, 
                {
                    "annotator-id": "14_B", 
                    "breakdown": "O", 
                    "comment": "", 
                    "ungrammatical-sentence": "O"
                }
            ], 
            "speaker": "S", 
            "time": "2014-08-15 20:52:39", 
            "turn-index": 6, 
            "utterance": "ありがとうございます"
        }, 
        {
            "annotations": [], 
            "speaker": "U", 
            "time": "2014-08-15 20:53:40", 
            "turn-index": 7, 
            "utterance": "ところでペット飼ってる？"
        }, 
        {
            "annotations": [
                {
                    "annotator-id": "06_B", 
                    "breakdown": "T", 
                    "comment": "", 
                    "ungrammatical-sentence": "O"
                }, 
                {
                    "annotator-id": "14_A", 
                    "breakdown": "O", 
                    "comment": "", 
                    "ungrammatical-sentence": "O"
                }, 
                {
                    "annotator-id": "14_B", 
                    "breakdown": "O", 
                    "comment": "", 
                    "ungrammatical-sentence": "O"
                }
            ], 
            "speaker": "S", 
            "time": "2014-08-15 20:53:40", 
            "turn-index": 8, 
            "utterance": "ペットは言葉が話せるかもしれない"
        }, 
        {
            "annotations": [], 
            "speaker": "U", 
            "time": "2014-08-15 20:53:52", 
            "turn-index": 9, 
            "utterance": "おお、それはすごいペットだ"
        }, 
        {
            "annotations": [
                {
                    "annotator-id": "06_B", 
                    "breakdown": "T", 
                    "comment": "", 
                    "ungrammatical-sentence": "O"
                }, 
                {
                    "annotator-id": "14_A", 
                    "breakdown": "O", 
                    "comment": "", 
                    "ungrammatical-sentence": "O"
                }, 
                {
                    "annotator-id": "14_B", 
                    "breakdown": "O", 
                    "comment": "", 
                    "ungrammatical-sentence": "O"
                }
            ], 
            "speaker": "S", 
            "time": "2014-08-15 20:53:52", 
            "turn-index": 10, 
            "utterance": "洋服を着せるかもしれない"
        }, 
        {
            "annotations": [], 
            "speaker": "U", 
            "time": "2014-08-15 20:54:17", 
            "turn-index": 11, 
            "utterance": "洋服を着せるのは最近多いね"
        }, 
        {
            "annotations": [
                {
                    "annotator-id": "06_B", 
                    "breakdown": "O", 
                    "comment": "", 
                    "ungrammatical-sentence": "O"
                }, 
                {
                    "annotator-id": "14_A", 
                    "breakdown": "O", 
                    "comment": "", 
                    "ungrammatical-sentence": "O"
                }, 
                {
                    "annotator-id": "14_B", 
                    "breakdown": "O", 
                    "comment": "", 
                    "ungrammatical-sentence": "O"
                }
            ], 
            "speaker": "S", 
            "time": "2014-08-15 20:54:17", 
            "turn-index": 12, 
            "utterance": "洋服は可愛らしいですね"
        }, 
        {
            "annotations": [], 
            "speaker": "U", 
            "time": "2014-08-15 20:54:24", 
            "turn-index": 13, 
            "utterance": "そうか"
        }, 
        {
            "annotations": [
                {
                    "annotator-id": "06_B", 
                    "breakdown": "O", 
                    "comment": "", 
                    "ungrammatical-sentence": "O"
                }, 
                {
                    "annotator-id": "14_A", 
                    "breakdown": "O", 
                    "comment": "", 
                    "ungrammatical-sentence": "O"
                }, 
                {
                    "annotator-id": "14_B", 
                    "breakdown": "O", 
                    "comment": "", 
                    "ungrammatical-sentence": "O"
                }
            ], 
            "speaker": "S", 
            "time": "2014-08-15 20:54:24", 
            "turn-index": 14, 
            "utterance": "はい"
        }, 
        {
            "annotations": [], 
            "speaker": "U", 
            "time": "2014-08-15 20:54:44", 
            "turn-index": 15, 
            "utterance": "猫と犬ではどっちがいいの？"
        }, 
        {
            "annotations": [
                {
                    "annotator-id": "06_B", 
                    "breakdown": "T", 
                    "comment": "", 
                    "ungrammatical-sentence": "O"
                }, 
                {
                    "annotator-id": "14_A", 
                    "breakdown": "X", 
                    "comment": "", 
                    "ungrammatical-sentence": "O"
                }, 
                {
                    "annotator-id": "14_B", 
                    "breakdown": "X", 
                    "comment": "", 
                    "ungrammatical-sentence": "O"
                }
            ], 
            "speaker": "S", 
            "time": "2014-08-15 20:54:44", 
            "turn-index": 16, 
            "utterance": "洋服はシンプルが好きですね"
        }, 
        {
            "annotations": [], 
            "speaker": "U", 
            "time": "2014-08-15 20:55:02", 
            "turn-index": 17, 
            "utterance": "そうですか"
        }, 
        {
            "annotations": [
                {
                    "annotator-id": "06_B", 
                    "breakdown": "O", 
                    "comment": "", 
                    "ungrammatical-sentence": "O"
                }, 
                {
                    "annotator-id": "14_A", 
                    "breakdown": "O", 
                    "comment": "", 
                    "ungrammatical-sentence": "O"
                }, 
                {
                    "annotator-id": "14_B", 
                    "breakdown": "O", 
                    "comment": "", 
                    "ungrammatical-sentence": "O"
                }
            ], 
            "speaker": "S", 
            "time": "2014-08-15 20:55:02", 
            "turn-index": 18, 
            "utterance": "そうなんです"
        }, 
        {
            "annotations": [], 
            "speaker": "U", 
            "time": "2014-08-15 20:55:37", 
            "turn-index": 19, 
            "utterance": "シンプルで可愛いのがいいの？"
        }, 
        {
            "annotations": [
                {
                    "annotator-id": "06_B", 
                    "breakdown": "T", 
                    "comment": "", 
                    "ungrammatical-sentence": "O"
                }, 
                {
                    "annotator-id": "14_A", 
                    "breakdown": "O", 
                    "comment": "", 
                    "ungrammatical-sentence": "O"
                }, 
                {
                    "annotator-id": "14_B", 
                    "breakdown": "O", 
                    "comment": "", 
                    "ungrammatical-sentence": "O"
                }
            ], 
            "speaker": "S", 
            "time": "2014-08-15 20:55:37", 
            "turn-index": 20, 
            "utterance": "シンプルが好きですよねー"
        }
    ]
}