{
    "dialogue-id": "1408031433", 
    "group-id": "subset_a", 
    "speaker-id": "11_04", 
    "turns": [
        {
            "annotations": [
                {
                    "annotator-id": "01_A", 
                    "breakdown": "O", 
                    "comment": "", 
                    "ungrammatical-sentence": "O"
                }, 
                {
                    "annotator-id": "02_B", 
                    "breakdown": "O", 
                    "comment": "", 
                    "ungrammatical-sentence": "O"
                }
            ], 
            "speaker": "S", 
            "time": "2014-08-15 00:46:12", 
            "turn-index": 0, 
            "utterance": "こんばんは！気軽に声かけてね。"
        }, 
        {
            "annotations": [], 
            "speaker": "U", 
            "time": "2014-08-15 00:46:23", 
            "turn-index": 1, 
            "utterance": "やっほ"
        }, 
        {
            "annotations": [
                {
                    "annotator-id": "01_A", 
                    "breakdown": "O", 
                    "comment": "", 
                    "ungrammatical-sentence": "O"
                }, 
                {
                    "annotator-id": "02_B", 
                    "breakdown": "O", 
                    "comment": "", 
                    "ungrammatical-sentence": "O"
                }
            ], 
            "speaker": "S", 
            "time": "2014-08-15 00:46:23", 
            "turn-index": 2, 
            "utterance": "やっほー"
        }, 
        {
            "annotations": [], 
            "speaker": "U", 
            "time": "2014-08-15 00:46:36", 
            "turn-index": 3, 
            "utterance": "遊ぼ！"
        }, 
        {
            "annotations": [
                {
                    "annotator-id": "01_A", 
                    "breakdown": "O", 
                    "comment": "", 
                    "ungrammatical-sentence": "O"
                }, 
                {
                    "annotator-id": "02_B", 
                    "breakdown": "O", 
                    "comment": "", 
                    "ungrammatical-sentence": "O"
                }
            ], 
            "speaker": "S", 
            "time": "2014-08-15 00:46:36", 
            "turn-index": 4, 
            "utterance": "あそぼ"
        }, 
        {
            "annotations": [], 
            "speaker": "U", 
            "time": "2014-08-15 00:47:03", 
            "turn-index": 5, 
            "utterance": "水族館行かない？"
        }, 
        {
            "annotations": [
                {
                    "annotator-id": "01_A", 
                    "breakdown": "T", 
                    "comment": "前の質問に答えられていない", 
                    "ungrammatical-sentence": "O"
                }, 
                {
                    "annotator-id": "02_B", 
                    "breakdown": "T", 
                    "comment": "", 
                    "ungrammatical-sentence": "O"
                }
            ], 
            "speaker": "S", 
            "time": "2014-08-15 00:47:03", 
            "turn-index": 6, 
            "utterance": "水族館は多いです"
        }, 
        {
            "annotations": [], 
            "speaker": "U", 
            "time": "2014-08-15 00:47:44", 
            "turn-index": 7, 
            "utterance": "俺の家の地下，水族館なんだよねー．"
        }, 
        {
            "annotations": [
                {
                    "annotator-id": "01_A", 
                    "breakdown": "O", 
                    "comment": "", 
                    "ungrammatical-sentence": "O"
                }, 
                {
                    "annotator-id": "02_B", 
                    "breakdown": "O", 
                    "comment": "", 
                    "ungrammatical-sentence": "O"
                }
            ], 
            "speaker": "S", 
            "time": "2014-08-15 00:47:44", 
            "turn-index": 8, 
            "utterance": "水族館は入館料が高いです"
        }, 
        {
            "annotations": [], 
            "speaker": "U", 
            "time": "2014-08-15 00:48:05", 
            "turn-index": 9, 
            "utterance": "君は可愛いから，タダでいいよ．"
        }, 
        {
            "annotations": [
                {
                    "annotator-id": "01_A", 
                    "breakdown": "T", 
                    "comment": "発話の意図がわからない", 
                    "ungrammatical-sentence": "O"
                }, 
                {
                    "annotator-id": "02_B", 
                    "breakdown": "O", 
                    "comment": "", 
                    "ungrammatical-sentence": "O"
                }
            ], 
            "speaker": "S", 
            "time": "2014-08-15 00:48:05", 
            "turn-index": 10, 
            "utterance": "人気が高いですね"
        }, 
        {
            "annotations": [], 
            "speaker": "U", 
            "time": "2014-08-15 00:48:42", 
            "turn-index": 11, 
            "utterance": "いい所だよ！"
        }, 
        {
            "annotations": [
                {
                    "annotator-id": "01_A", 
                    "breakdown": "O", 
                    "comment": "", 
                    "ungrammatical-sentence": "O"
                }, 
                {
                    "annotator-id": "02_B", 
                    "breakdown": "T", 
                    "comment": "", 
                    "ungrammatical-sentence": "O"
                }
            ], 
            "speaker": "S", 
            "time": "2014-08-15 00:48:42", 
            "turn-index": 12, 
            "utterance": "水族館で有名ですね"
        }, 
        {
            "annotations": [], 
            "speaker": "U", 
            "time": "2014-08-15 00:49:18", 
            "turn-index": 13, 
            "utterance": "食べたい魚いたら言ってね．"
        }, 
        {
            "annotations": [
                {
                    "annotator-id": "01_A", 
                    "breakdown": "X", 
                    "comment": "前の質問に答えられておらず、発話の意図がわからない", 
                    "ungrammatical-sentence": "O"
                }, 
                {
                    "annotator-id": "02_B", 
                    "breakdown": "T", 
                    "comment": "", 
                    "ungrammatical-sentence": "O"
                }
            ], 
            "speaker": "S", 
            "time": "2014-08-15 00:49:18", 
            "turn-index": 14, 
            "utterance": "活性が高いですね"
        }, 
        {
            "annotations": [], 
            "speaker": "U", 
            "time": "2014-08-15 00:49:46", 
            "turn-index": 15, 
            "utterance": "生きてるからね．鮮度は最高さ．"
        }, 
        {
            "annotations": [
                {
                    "annotator-id": "01_A", 
                    "breakdown": "T", 
                    "comment": "前のユーザーの発話に対して矛盾している", 
                    "ungrammatical-sentence": "O"
                }, 
                {
                    "annotator-id": "02_B", 
                    "breakdown": "X", 
                    "comment": "", 
                    "ungrammatical-sentence": "O"
                }
            ], 
            "speaker": "S", 
            "time": "2014-08-15 00:49:46", 
            "turn-index": 16, 
            "utterance": "鮮度が良くないですよねー"
        }, 
        {
            "annotations": [], 
            "speaker": "U", 
            "time": "2014-08-15 00:50:03", 
            "turn-index": 17, 
            "utterance": "そ，そんなことないよ．"
        }, 
        {
            "annotations": [
                {
                    "annotator-id": "01_A", 
                    "breakdown": "O", 
                    "comment": "", 
                    "ungrammatical-sentence": "O"
                }, 
                {
                    "annotator-id": "02_B", 
                    "breakdown": "O", 
                    "comment": "", 
                    "ungrammatical-sentence": "O"
                }
            ], 
            "speaker": "S", 
            "time": "2014-08-15 00:50:03", 
            "turn-index": 18, 
            "utterance": "そんなことあるよ"
        }, 
        {
            "annotations": [], 
            "speaker": "U", 
            "time": "2014-08-15 00:50:29", 
            "turn-index": 19, 
            "utterance": "だれかこいつ，つまみ出せー！！！"
        }, 
        {
            "annotations": [
                {
                    "annotator-id": "01_A", 
                    "breakdown": "O", 
                    "comment": "", 
                    "ungrammatical-sentence": "O"
                }, 
                {
                    "annotator-id": "02_B", 
                    "breakdown": "T", 
                    "comment": "", 
                    "ungrammatical-sentence": "O"
                }
            ], 
            "speaker": "S", 
            "time": "2014-08-15 00:50:29", 
            "turn-index": 20, 
            "utterance": "いいですね！"
        }
    ]
}