{
    "dialogue-id": "1408692894", 
    "group-id": "subset_j", 
    "speaker-id": "09_03", 
    "turns": [
        {
            "annotations": [
                {
                    "annotator-id": "06_B", 
                    "breakdown": "O", 
                    "comment": "", 
                    "ungrammatical-sentence": "O"
                }, 
                {
                    "annotator-id": "14_A", 
                    "breakdown": "O", 
                    "comment": "", 
                    "ungrammatical-sentence": "O"
                }, 
                {
                    "annotator-id": "14_B", 
                    "breakdown": "O", 
                    "comment": "", 
                    "ungrammatical-sentence": "O"
                }
            ], 
            "speaker": "S", 
            "time": "2014-08-22 16:32:53", 
            "turn-index": 0, 
            "utterance": "こんにちはー。熱中症に気をつけて。"
        }, 
        {
            "annotations": [], 
            "speaker": "U", 
            "time": "2014-08-22 16:33:05", 
            "turn-index": 1, 
            "utterance": "水分をたくさん摂るようにしています"
        }, 
        {
            "annotations": [
                {
                    "annotator-id": "06_B", 
                    "breakdown": "X", 
                    "comment": "", 
                    "ungrammatical-sentence": "O"
                }, 
                {
                    "annotator-id": "14_A", 
                    "breakdown": "T", 
                    "comment": "", 
                    "ungrammatical-sentence": "O"
                }, 
                {
                    "annotator-id": "14_B", 
                    "breakdown": "X", 
                    "comment": "", 
                    "ungrammatical-sentence": "O"
                }
            ], 
            "speaker": "S", 
            "time": "2014-08-22 16:33:05", 
            "turn-index": 2, 
            "utterance": "水分は暑いですか"
        }, 
        {
            "annotations": [], 
            "speaker": "U", 
            "time": "2014-08-22 16:33:15", 
            "turn-index": 3, 
            "utterance": "暑くなくて、気持ちいいですよ"
        }, 
        {
            "annotations": [
                {
                    "annotator-id": "06_B", 
                    "breakdown": "T", 
                    "comment": "", 
                    "ungrammatical-sentence": "O"
                }, 
                {
                    "annotator-id": "14_A", 
                    "breakdown": "O", 
                    "comment": "", 
                    "ungrammatical-sentence": "O"
                }, 
                {
                    "annotator-id": "14_B", 
                    "breakdown": "T", 
                    "comment": "", 
                    "ungrammatical-sentence": "O"
                }
            ], 
            "speaker": "S", 
            "time": "2014-08-22 16:33:15", 
            "turn-index": 4, 
            "utterance": "水分は常温がいいですね"
        }, 
        {
            "annotations": [], 
            "speaker": "U", 
            "time": "2014-08-22 16:33:25", 
            "turn-index": 5, 
            "utterance": "私は冷たい方が好きです"
        }, 
        {
            "annotations": [
                {
                    "annotator-id": "06_B", 
                    "breakdown": "T", 
                    "comment": "", 
                    "ungrammatical-sentence": "O"
                }, 
                {
                    "annotator-id": "14_A", 
                    "breakdown": "O", 
                    "comment": "", 
                    "ungrammatical-sentence": "O"
                }, 
                {
                    "annotator-id": "14_B", 
                    "breakdown": "T", 
                    "comment": "", 
                    "ungrammatical-sentence": "O"
                }
            ], 
            "speaker": "S", 
            "time": "2014-08-22 16:33:25", 
            "turn-index": 6, 
            "utterance": "水分はいいですね"
        }, 
        {
            "annotations": [], 
            "speaker": "U", 
            "time": "2014-08-22 16:33:39", 
            "turn-index": 7, 
            "utterance": "好きな飲み物はありますか"
        }, 
        {
            "annotations": [
                {
                    "annotator-id": "06_B", 
                    "breakdown": "O", 
                    "comment": "", 
                    "ungrammatical-sentence": "O"
                }, 
                {
                    "annotator-id": "14_A", 
                    "breakdown": "O", 
                    "comment": "", 
                    "ungrammatical-sentence": "O"
                }, 
                {
                    "annotator-id": "14_B", 
                    "breakdown": "O", 
                    "comment": "", 
                    "ungrammatical-sentence": "O"
                }
            ], 
            "speaker": "S", 
            "time": "2014-08-22 16:33:39", 
            "turn-index": 8, 
            "utterance": "麦茶がいいですね"
        }, 
        {
            "annotations": [], 
            "speaker": "U", 
            "time": "2014-08-22 16:33:52", 
            "turn-index": 9, 
            "utterance": "紅茶はどうですか"
        }, 
        {
            "annotations": [
                {
                    "annotator-id": "06_B", 
                    "breakdown": "O", 
                    "comment": "", 
                    "ungrammatical-sentence": "O"
                }, 
                {
                    "annotator-id": "14_A", 
                    "breakdown": "O", 
                    "comment": "", 
                    "ungrammatical-sentence": "O"
                }, 
                {
                    "annotator-id": "14_B", 
                    "breakdown": "O", 
                    "comment": "", 
                    "ungrammatical-sentence": "O"
                }
            ], 
            "speaker": "S", 
            "time": "2014-08-22 16:33:52", 
            "turn-index": 10, 
            "utterance": "無糖がいいですね"
        }, 
        {
            "annotations": [], 
            "speaker": "U", 
            "time": "2014-08-22 16:34:03", 
            "turn-index": 11, 
            "utterance": "ミルクは入れますか"
        }, 
        {
            "annotations": [
                {
                    "annotator-id": "06_B", 
                    "breakdown": "T", 
                    "comment": "", 
                    "ungrammatical-sentence": "O"
                }, 
                {
                    "annotator-id": "14_A", 
                    "breakdown": "O", 
                    "comment": "", 
                    "ungrammatical-sentence": "O"
                }, 
                {
                    "annotator-id": "14_B", 
                    "breakdown": "O", 
                    "comment": "", 
                    "ungrammatical-sentence": "O"
                }
            ], 
            "speaker": "S", 
            "time": "2014-08-22 16:34:03", 
            "turn-index": 12, 
            "utterance": "ミルクはコーヒーに入れるのです"
        }, 
        {
            "annotations": [], 
            "speaker": "U", 
            "time": "2014-08-22 16:34:14", 
            "turn-index": 13, 
            "utterance": "コーヒーは好きですか"
        }, 
        {
            "annotations": [
                {
                    "annotator-id": "06_B", 
                    "breakdown": "T", 
                    "comment": "", 
                    "ungrammatical-sentence": "O"
                }, 
                {
                    "annotator-id": "14_A", 
                    "breakdown": "T", 
                    "comment": "", 
                    "ungrammatical-sentence": "O"
                }, 
                {
                    "annotator-id": "14_B", 
                    "breakdown": "O", 
                    "comment": "", 
                    "ungrammatical-sentence": "O"
                }
            ], 
            "speaker": "S", 
            "time": "2014-08-22 16:34:14", 
            "turn-index": 14, 
            "utterance": "コーヒーはミルクを入れます"
        }, 
        {
            "annotations": [], 
            "speaker": "U", 
            "time": "2014-08-22 16:34:25", 
            "turn-index": 15, 
            "utterance": "砂糖は入れますか"
        }, 
        {
            "annotations": [
                {
                    "annotator-id": "06_B", 
                    "breakdown": "X", 
                    "comment": "", 
                    "ungrammatical-sentence": "O"
                }, 
                {
                    "annotator-id": "14_A", 
                    "breakdown": "X", 
                    "comment": "", 
                    "ungrammatical-sentence": "O"
                }, 
                {
                    "annotator-id": "14_B", 
                    "breakdown": "T", 
                    "comment": "", 
                    "ungrammatical-sentence": "O"
                }
            ], 
            "speaker": "S", 
            "time": "2014-08-22 16:34:25", 
            "turn-index": 16, 
            "utterance": "ボウルに入れます"
        }, 
        {
            "annotations": [], 
            "speaker": "U", 
            "time": "2014-08-22 16:34:37", 
            "turn-index": 17, 
            "utterance": "ボウルに入れてコーヒーを飲むのですか"
        }, 
        {
            "annotations": [
                {
                    "annotator-id": "06_B", 
                    "breakdown": "X", 
                    "comment": "", 
                    "ungrammatical-sentence": "O"
                }, 
                {
                    "annotator-id": "14_A", 
                    "breakdown": "T", 
                    "comment": "", 
                    "ungrammatical-sentence": "O"
                }, 
                {
                    "annotator-id": "14_B", 
                    "breakdown": "X", 
                    "comment": "", 
                    "ungrammatical-sentence": "O"
                }
            ], 
            "speaker": "S", 
            "time": "2014-08-22 16:34:37", 
            "turn-index": 18, 
            "utterance": "バターをいれます"
        }, 
        {
            "annotations": [], 
            "speaker": "U", 
            "time": "2014-08-22 16:34:51", 
            "turn-index": 19, 
            "utterance": "もしかしてケーキのレシピですか"
        }, 
        {
            "annotations": [
                {
                    "annotator-id": "06_B", 
                    "breakdown": "X", 
                    "comment": "", 
                    "ungrammatical-sentence": "O"
                }, 
                {
                    "annotator-id": "14_A", 
                    "breakdown": "X", 
                    "comment": "", 
                    "ungrammatical-sentence": "O"
                }, 
                {
                    "annotator-id": "14_B", 
                    "breakdown": "T", 
                    "comment": "", 
                    "ungrammatical-sentence": "O"
                }
            ], 
            "speaker": "S", 
            "time": "2014-08-22 16:34:51", 
            "turn-index": 20, 
            "utterance": "バターはフライパンにいれます"
        }
    ]
}