{
    "dialogue-id": "1408463291", 
    "group-id": "subset_a", 
    "speaker-id": "13_15", 
    "turns": [
        {
            "annotations": [
                {
                    "annotator-id": "01_A", 
                    "breakdown": "O", 
                    "comment": "", 
                    "ungrammatical-sentence": "O"
                }, 
                {
                    "annotator-id": "02_B", 
                    "breakdown": "O", 
                    "comment": "", 
                    "ungrammatical-sentence": "O"
                }
            ], 
            "speaker": "S", 
            "time": "2014-08-20 00:42:13", 
            "turn-index": 0, 
            "utterance": "こんばんは！熱中症に気をつけて。"
        }, 
        {
            "annotations": [], 
            "speaker": "U", 
            "time": "2014-08-20 00:42:20", 
            "turn-index": 1, 
            "utterance": "こんばんは"
        }, 
        {
            "annotations": [
                {
                    "annotator-id": "01_A", 
                    "breakdown": "O", 
                    "comment": "", 
                    "ungrammatical-sentence": "O"
                }, 
                {
                    "annotator-id": "02_B", 
                    "breakdown": "O", 
                    "comment": "", 
                    "ungrammatical-sentence": "O"
                }
            ], 
            "speaker": "S", 
            "time": "2014-08-20 00:42:20", 
            "turn-index": 2, 
            "utterance": "どうもー"
        }, 
        {
            "annotations": [], 
            "speaker": "U", 
            "time": "2014-08-20 00:42:34", 
            "turn-index": 3, 
            "utterance": "熱帯夜ですかね"
        }, 
        {
            "annotations": [
                {
                    "annotator-id": "01_A", 
                    "breakdown": "O", 
                    "comment": "", 
                    "ungrammatical-sentence": "O"
                }, 
                {
                    "annotator-id": "02_B", 
                    "breakdown": "O", 
                    "comment": "", 
                    "ungrammatical-sentence": "O"
                }
            ], 
            "speaker": "S", 
            "time": "2014-08-20 00:42:34", 
            "turn-index": 4, 
            "utterance": "熱帯夜で夜が寝苦しいですよねー"
        }, 
        {
            "annotations": [], 
            "speaker": "U", 
            "time": "2014-08-20 00:42:49", 
            "turn-index": 5, 
            "utterance": "寝苦しいですね"
        }, 
        {
            "annotations": [
                {
                    "annotator-id": "01_A", 
                    "breakdown": "O", 
                    "comment": "", 
                    "ungrammatical-sentence": "O"
                }, 
                {
                    "annotator-id": "02_B", 
                    "breakdown": "O", 
                    "comment": "", 
                    "ungrammatical-sentence": "O"
                }
            ], 
            "speaker": "S", 
            "time": "2014-08-20 00:42:49", 
            "turn-index": 6, 
            "utterance": "熱帯夜で寝苦しいですよねー"
        }, 
        {
            "annotations": [], 
            "speaker": "U", 
            "time": "2014-08-20 00:43:19", 
            "turn-index": 7, 
            "utterance": "最近読んだ本でおすすめのものはなんですか"
        }, 
        {
            "annotations": [
                {
                    "annotator-id": "01_A", 
                    "breakdown": "T", 
                    "comment": "前の質問に答えられていない", 
                    "ungrammatical-sentence": "O"
                }, 
                {
                    "annotator-id": "02_B", 
                    "breakdown": "T", 
                    "comment": "", 
                    "ungrammatical-sentence": "O"
                }
            ], 
            "speaker": "S", 
            "time": "2014-08-20 00:43:19", 
            "turn-index": 8, 
            "utterance": "眠りが浅いですね"
        }, 
        {
            "annotations": [], 
            "speaker": "U", 
            "time": "2014-08-20 00:43:38", 
            "turn-index": 9, 
            "utterance": "「眠りが浅い」ですか"
        }, 
        {
            "annotations": [
                {
                    "annotator-id": "01_A", 
                    "breakdown": "O", 
                    "comment": "", 
                    "ungrammatical-sentence": "O"
                }, 
                {
                    "annotator-id": "02_B", 
                    "breakdown": "O", 
                    "comment": "", 
                    "ungrammatical-sentence": "O"
                }
            ], 
            "speaker": "S", 
            "time": "2014-08-20 00:43:38", 
            "turn-index": 10, 
            "utterance": "ストレスで眠りが浅そうですよ"
        }, 
        {
            "annotations": [], 
            "speaker": "U", 
            "time": "2014-08-20 00:43:43", 
            "turn-index": 11, 
            "utterance": "そうですか"
        }, 
        {
            "annotations": [
                {
                    "annotator-id": "01_A", 
                    "breakdown": "O", 
                    "comment": "", 
                    "ungrammatical-sentence": "O"
                }, 
                {
                    "annotator-id": "02_B", 
                    "breakdown": "O", 
                    "comment": "", 
                    "ungrammatical-sentence": "O"
                }
            ], 
            "speaker": "S", 
            "time": "2014-08-20 00:43:43", 
            "turn-index": 12, 
            "utterance": "そうです"
        }, 
        {
            "annotations": [], 
            "speaker": "U", 
            "time": "2014-08-20 00:44:15", 
            "turn-index": 13, 
            "utterance": "休日はなにをして過ごしていますか？"
        }, 
        {
            "annotations": [
                {
                    "annotator-id": "01_A", 
                    "breakdown": "O", 
                    "comment": "", 
                    "ungrammatical-sentence": "O"
                }, 
                {
                    "annotator-id": "02_B", 
                    "breakdown": "T", 
                    "comment": "", 
                    "ungrammatical-sentence": "O"
                }
            ], 
            "speaker": "S", 
            "time": "2014-08-20 00:44:15", 
            "turn-index": 14, 
            "utterance": "ストレスで眠れてないんですよねぇ"
        }, 
        {
            "annotations": [], 
            "speaker": "U", 
            "time": "2014-08-20 00:46:19", 
            "turn-index": 15, 
            "utterance": "運動をするとストレス解消になりますよ"
        }, 
        {
            "annotations": [
                {
                    "annotator-id": "01_A", 
                    "breakdown": "O", 
                    "comment": "", 
                    "ungrammatical-sentence": "O"
                }, 
                {
                    "annotator-id": "02_B", 
                    "breakdown": "O", 
                    "comment": "", 
                    "ungrammatical-sentence": "O"
                }
            ], 
            "speaker": "S", 
            "time": "2014-08-20 00:46:19", 
            "turn-index": 16, 
            "utterance": "運動は適度に行うのです"
        }, 
        {
            "annotations": [], 
            "speaker": "U", 
            "time": "2014-08-20 00:46:27", 
            "turn-index": 17, 
            "utterance": "そうですね"
        }, 
        {
            "annotations": [
                {
                    "annotator-id": "01_A", 
                    "breakdown": "O", 
                    "comment": "", 
                    "ungrammatical-sentence": "O"
                }, 
                {
                    "annotator-id": "02_B", 
                    "breakdown": "O", 
                    "comment": "", 
                    "ungrammatical-sentence": "O"
                }
            ], 
            "speaker": "S", 
            "time": "2014-08-20 00:46:27", 
            "turn-index": 18, 
            "utterance": "ですよね"
        }, 
        {
            "annotations": [], 
            "speaker": "U", 
            "time": "2014-08-20 00:48:08", 
            "turn-index": 19, 
            "utterance": "私のストレス解消法は音楽鑑賞です"
        }, 
        {
            "annotations": [
                {
                    "annotator-id": "01_A", 
                    "breakdown": "T", 
                    "comment": "前の発話との繋がりがわからない", 
                    "ungrammatical-sentence": "O"
                }, 
                {
                    "annotator-id": "02_B", 
                    "breakdown": "T", 
                    "comment": "", 
                    "ungrammatical-sentence": "O"
                }
            ], 
            "speaker": "S", 
            "time": "2014-08-20 00:48:08", 
            "turn-index": 20, 
            "utterance": "運動は適度がいいですね"
        }
    ]
}