{
    "dialogue-id": "1408460917", 
    "group-id": "subset_d", 
    "speaker-id": "11_06", 
    "turns": [
        {
            "annotations": [
                {
                    "annotator-id": "05_A", 
                    "breakdown": "O", 
                    "comment": "", 
                    "ungrammatical-sentence": "O"
                }, 
                {
                    "annotator-id": "07_A", 
                    "breakdown": "O", 
                    "comment": "", 
                    "ungrammatical-sentence": "O"
                }
            ], 
            "speaker": "S", 
            "time": "2014-08-20 00:06:16", 
            "turn-index": 0, 
            "utterance": "こんばんは！海へ行きたいね。"
        }, 
        {
            "annotations": [], 
            "speaker": "U", 
            "time": "2014-08-20 00:06:27", 
            "turn-index": 1, 
            "utterance": "ほう！海とな"
        }, 
        {
            "annotations": [
                {
                    "annotator-id": "05_A", 
                    "breakdown": "O", 
                    "comment": "", 
                    "ungrammatical-sentence": "O"
                }, 
                {
                    "annotator-id": "07_A", 
                    "breakdown": "O", 
                    "comment": "", 
                    "ungrammatical-sentence": "O"
                }
            ], 
            "speaker": "S", 
            "time": "2014-08-20 00:06:27", 
            "turn-index": 2, 
            "utterance": "海は楽しいですね"
        }, 
        {
            "annotations": [], 
            "speaker": "U", 
            "time": "2014-08-20 00:06:37", 
            "turn-index": 3, 
            "utterance": "楽しいよね！"
        }, 
        {
            "annotations": [
                {
                    "annotator-id": "05_A", 
                    "breakdown": "O", 
                    "comment": "", 
                    "ungrammatical-sentence": "O"
                }, 
                {
                    "annotator-id": "07_A", 
                    "breakdown": "O", 
                    "comment": "", 
                    "ungrammatical-sentence": "O"
                }
            ], 
            "speaker": "S", 
            "time": "2014-08-20 00:06:37", 
            "turn-index": 4, 
            "utterance": "楽しいよ"
        }, 
        {
            "annotations": [], 
            "speaker": "U", 
            "time": "2014-08-20 00:06:47", 
            "turn-index": 5, 
            "utterance": "どこに行ったことある？"
        }, 
        {
            "annotations": [
                {
                    "annotator-id": "05_A", 
                    "breakdown": "X", 
                    "comment": "", 
                    "ungrammatical-sentence": "O"
                }, 
                {
                    "annotator-id": "07_A", 
                    "breakdown": "T", 
                    "comment": "質問に答えられていない", 
                    "ungrammatical-sentence": "O"
                }
            ], 
            "speaker": "S", 
            "time": "2014-08-20 00:06:47", 
            "turn-index": 6, 
            "utterance": "海は穏やかですね"
        }, 
        {
            "annotations": [], 
            "speaker": "U", 
            "time": "2014-08-20 00:07:00", 
            "turn-index": 7, 
            "utterance": "穏やかというと、太平洋の方かな？"
        }, 
        {
            "annotations": [
                {
                    "annotator-id": "05_A", 
                    "breakdown": "O", 
                    "comment": "", 
                    "ungrammatical-sentence": "O"
                }, 
                {
                    "annotator-id": "07_A", 
                    "breakdown": "O", 
                    "comment": "", 
                    "ungrammatical-sentence": "O"
                }
            ], 
            "speaker": "S", 
            "time": "2014-08-20 00:07:00", 
            "turn-index": 8, 
            "utterance": "太平洋で泳ぎますよねー"
        }, 
        {
            "annotations": [], 
            "speaker": "U", 
            "time": "2014-08-20 00:07:11", 
            "turn-index": 9, 
            "utterance": "横断しようぜ"
        }, 
        {
            "annotations": [
                {
                    "annotator-id": "05_A", 
                    "breakdown": "O", 
                    "comment": "", 
                    "ungrammatical-sentence": "O"
                }, 
                {
                    "annotator-id": "07_A", 
                    "breakdown": "O", 
                    "comment": "", 
                    "ungrammatical-sentence": "O"
                }
            ], 
            "speaker": "S", 
            "time": "2014-08-20 00:07:11", 
            "turn-index": 10, 
            "utterance": "すごい横断の旅だね。"
        }, 
        {
            "annotations": [], 
            "speaker": "U", 
            "time": "2014-08-20 00:07:33", 
            "turn-index": 11, 
            "utterance": "もちろん"
        }, 
        {
            "annotations": [
                {
                    "annotator-id": "05_A", 
                    "breakdown": "O", 
                    "comment": "", 
                    "ungrammatical-sentence": "O"
                }, 
                {
                    "annotator-id": "07_A", 
                    "breakdown": "O", 
                    "comment": "", 
                    "ungrammatical-sentence": "O"
                }
            ], 
            "speaker": "S", 
            "time": "2014-08-20 00:07:33", 
            "turn-index": 12, 
            "utterance": "ですよねー"
        }, 
        {
            "annotations": [], 
            "speaker": "U", 
            "time": "2014-08-20 00:07:42", 
            "turn-index": 13, 
            "utterance": "ワクワクするぜ"
        }, 
        {
            "annotations": [
                {
                    "annotator-id": "05_A", 
                    "breakdown": "O", 
                    "comment": "", 
                    "ungrammatical-sentence": "O"
                }, 
                {
                    "annotator-id": "07_A", 
                    "breakdown": "O", 
                    "comment": "", 
                    "ungrammatical-sentence": "O"
                }
            ], 
            "speaker": "S", 
            "time": "2014-08-20 00:07:42", 
            "turn-index": 14, 
            "utterance": "ワクワク"
        }, 
        {
            "annotations": [], 
            "speaker": "U", 
            "time": "2014-08-20 00:07:51", 
            "turn-index": 15, 
            "utterance": "ワクワク"
        }, 
        {
            "annotations": [
                {
                    "annotator-id": "05_A", 
                    "breakdown": "O", 
                    "comment": "", 
                    "ungrammatical-sentence": "O"
                }, 
                {
                    "annotator-id": "07_A", 
                    "breakdown": "O", 
                    "comment": "", 
                    "ungrammatical-sentence": "O"
                }
            ], 
            "speaker": "S", 
            "time": "2014-08-20 00:07:51", 
            "turn-index": 16, 
            "utterance": "ドキドキ"
        }, 
        {
            "annotations": [], 
            "speaker": "U", 
            "time": "2014-08-20 00:08:06", 
            "turn-index": 17, 
            "utterance": "キラキラ"
        }, 
        {
            "annotations": [
                {
                    "annotator-id": "05_A", 
                    "breakdown": "X", 
                    "comment": "", 
                    "ungrammatical-sentence": "O"
                }, 
                {
                    "annotator-id": "07_A", 
                    "breakdown": "O", 
                    "comment": "", 
                    "ungrammatical-sentence": "O"
                }
            ], 
            "speaker": "S", 
            "time": "2014-08-20 00:08:06", 
            "turn-index": 18, 
            "utterance": "手間がかかりますよねえ"
        }, 
        {
            "annotations": [], 
            "speaker": "U", 
            "time": "2014-08-20 00:08:35", 
            "turn-index": 19, 
            "utterance": "長い旅行だからねー"
        }, 
        {
            "annotations": [
                {
                    "annotator-id": "05_A", 
                    "breakdown": "X", 
                    "comment": "", 
                    "ungrammatical-sentence": "O"
                }, 
                {
                    "annotator-id": "07_A", 
                    "breakdown": "O", 
                    "comment": "", 
                    "ungrammatical-sentence": "O"
                }
            ], 
            "speaker": "S", 
            "time": "2014-08-20 00:08:35", 
            "turn-index": 20, 
            "utterance": "手間をとらせますがね"
        }
    ]
}