{
    "dialogue-id": "1408414739", 
    "group-id": "subset_c", 
    "speaker-id": "09_08", 
    "turns": [
        {
            "annotations": [
                {
                    "annotator-id": "04_B", 
                    "breakdown": "O", 
                    "comment": "", 
                    "ungrammatical-sentence": "O"
                }, 
                {
                    "annotator-id": "06_A", 
                    "breakdown": "O", 
                    "comment": "", 
                    "ungrammatical-sentence": "O"
                }
            ], 
            "speaker": "S", 
            "time": "2014-08-19 11:16:59", 
            "turn-index": 0, 
            "utterance": "こんにちは。声かけてくれるのを待ってたんだ。"
        }, 
        {
            "annotations": [], 
            "speaker": "U", 
            "time": "2014-08-19 11:17:19", 
            "turn-index": 1, 
            "utterance": "どのぐらい待った？"
        }, 
        {
            "annotations": [
                {
                    "annotator-id": "04_B", 
                    "breakdown": "T", 
                    "comment": "", 
                    "ungrammatical-sentence": "O"
                }, 
                {
                    "annotator-id": "06_A", 
                    "breakdown": "O", 
                    "comment": "", 
                    "ungrammatical-sentence": "O"
                }
            ], 
            "speaker": "S", 
            "time": "2014-08-19 11:17:19", 
            "turn-index": 2, 
            "utterance": "今のお仕事は好きですか？"
        }, 
        {
            "annotations": [], 
            "speaker": "U", 
            "time": "2014-08-19 11:17:25", 
            "turn-index": 3, 
            "utterance": "好きだよ"
        }, 
        {
            "annotations": [
                {
                    "annotator-id": "04_B", 
                    "breakdown": "X", 
                    "comment": "", 
                    "ungrammatical-sentence": "X"
                }, 
                {
                    "annotator-id": "06_A", 
                    "breakdown": "O", 
                    "comment": "", 
                    "ungrammatical-sentence": "O"
                }
            ], 
            "speaker": "S", 
            "time": "2014-08-19 11:17:25", 
            "turn-index": 4, 
            "utterance": "あありがとう"
        }, 
        {
            "annotations": [], 
            "speaker": "U", 
            "time": "2014-08-19 11:17:37", 
            "turn-index": 5, 
            "utterance": "仕事がね"
        }, 
        {
            "annotations": [
                {
                    "annotator-id": "04_B", 
                    "breakdown": "X", 
                    "comment": "", 
                    "ungrammatical-sentence": "O"
                }, 
                {
                    "annotator-id": "06_A", 
                    "breakdown": "O", 
                    "comment": "", 
                    "ungrammatical-sentence": "O"
                }
            ], 
            "speaker": "S", 
            "time": "2014-08-19 11:17:37", 
            "turn-index": 6, 
            "utterance": "行ってらっしゃい"
        }, 
        {
            "annotations": [], 
            "speaker": "U", 
            "time": "2014-08-19 11:17:47", 
            "turn-index": 7, 
            "utterance": "行ってきますよ"
        }, 
        {
            "annotations": [
                {
                    "annotator-id": "04_B", 
                    "breakdown": "O", 
                    "comment": "", 
                    "ungrammatical-sentence": "O"
                }, 
                {
                    "annotator-id": "06_A", 
                    "breakdown": "O", 
                    "comment": "", 
                    "ungrammatical-sentence": "O"
                }
            ], 
            "speaker": "S", 
            "time": "2014-08-19 11:17:47", 
            "turn-index": 8, 
            "utterance": "頑張って"
        }, 
        {
            "annotations": [], 
            "speaker": "U", 
            "time": "2014-08-19 11:17:56", 
            "turn-index": 9, 
            "utterance": "ありがとう"
        }, 
        {
            "annotations": [
                {
                    "annotator-id": "04_B", 
                    "breakdown": "T", 
                    "comment": "", 
                    "ungrammatical-sentence": "O"
                }, 
                {
                    "annotator-id": "06_A", 
                    "breakdown": "O", 
                    "comment": "", 
                    "ungrammatical-sentence": "O"
                }
            ], 
            "speaker": "S", 
            "time": "2014-08-19 11:17:56", 
            "turn-index": 10, 
            "utterance": "とんでもない"
        }, 
        {
            "annotations": [], 
            "speaker": "U", 
            "time": "2014-08-19 11:18:11", 
            "turn-index": 11, 
            "utterance": "仕事してる？"
        }, 
        {
            "annotations": [
                {
                    "annotator-id": "04_B", 
                    "breakdown": "T", 
                    "comment": "", 
                    "ungrammatical-sentence": "O"
                }, 
                {
                    "annotator-id": "06_A", 
                    "breakdown": "O", 
                    "comment": "", 
                    "ungrammatical-sentence": "O"
                }
            ], 
            "speaker": "S", 
            "time": "2014-08-19 11:18:11", 
            "turn-index": 12, 
            "utterance": "仕事はえらいです"
        }, 
        {
            "annotations": [], 
            "speaker": "U", 
            "time": "2014-08-19 11:18:18", 
            "turn-index": 13, 
            "utterance": "そうなんだ"
        }, 
        {
            "annotations": [
                {
                    "annotator-id": "04_B", 
                    "breakdown": "O", 
                    "comment": "", 
                    "ungrammatical-sentence": "O"
                }, 
                {
                    "annotator-id": "06_A", 
                    "breakdown": "O", 
                    "comment": "", 
                    "ungrammatical-sentence": "O"
                }
            ], 
            "speaker": "S", 
            "time": "2014-08-19 11:18:18", 
            "turn-index": 14, 
            "utterance": "うん"
        }, 
        {
            "annotations": [], 
            "speaker": "U", 
            "time": "2014-08-19 11:18:26", 
            "turn-index": 15, 
            "utterance": "大変？"
        }, 
        {
            "annotations": [
                {
                    "annotator-id": "04_B", 
                    "breakdown": "O", 
                    "comment": "", 
                    "ungrammatical-sentence": "O"
                }, 
                {
                    "annotator-id": "06_A", 
                    "breakdown": "O", 
                    "comment": "", 
                    "ungrammatical-sentence": "O"
                }
            ], 
            "speaker": "S", 
            "time": "2014-08-19 11:18:26", 
            "turn-index": 16, 
            "utterance": "仕事でストレスが溜まります"
        }, 
        {
            "annotations": [], 
            "speaker": "U", 
            "time": "2014-08-19 11:18:47", 
            "turn-index": 17, 
            "utterance": "なんでも聞くよ"
        }, 
        {
            "annotations": [
                {
                    "annotator-id": "04_B", 
                    "breakdown": "O", 
                    "comment": "", 
                    "ungrammatical-sentence": "O"
                }, 
                {
                    "annotator-id": "06_A", 
                    "breakdown": "O", 
                    "comment": "", 
                    "ungrammatical-sentence": "O"
                }
            ], 
            "speaker": "S", 
            "time": "2014-08-19 11:18:47", 
            "turn-index": 18, 
            "utterance": "ストレスが知らず知らずのうちに溜まります"
        }, 
        {
            "annotations": [], 
            "speaker": "U", 
            "time": "2014-08-19 11:18:55", 
            "turn-index": 19, 
            "utterance": "かわいそうに"
        }, 
        {
            "annotations": [
                {
                    "annotator-id": "04_B", 
                    "breakdown": "O", 
                    "comment": "", 
                    "ungrammatical-sentence": "O"
                }, 
                {
                    "annotator-id": "06_A", 
                    "breakdown": "O", 
                    "comment": "", 
                    "ungrammatical-sentence": "O"
                }
            ], 
            "speaker": "S", 
            "time": "2014-08-19 11:18:55", 
            "turn-index": 20, 
            "utterance": "同情するなら金をくれ"
        }
    ]
}