{
    "dialogue-id": "1408030465", 
    "group-id": "subset_b", 
    "speaker-id": "11_04", 
    "turns": [
        {
            "annotations": [
                {
                    "annotator-id": "02_A", 
                    "breakdown": "O", 
                    "comment": "", 
                    "ungrammatical-sentence": "O"
                }, 
                {
                    "annotator-id": "03_A", 
                    "breakdown": "O", 
                    "comment": "", 
                    "ungrammatical-sentence": "O"
                }
            ], 
            "speaker": "S", 
            "time": "2014-08-15 00:30:20", 
            "turn-index": 0, 
            "utterance": "こんばんはー。ちょうど退屈してたんだ。"
        }, 
        {
            "annotations": [], 
            "speaker": "U", 
            "time": "2014-08-15 00:30:41", 
            "turn-index": 1, 
            "utterance": "こんばんはー．俺もなんだよ！"
        }, 
        {
            "annotations": [
                {
                    "annotator-id": "02_A", 
                    "breakdown": "O", 
                    "comment": "", 
                    "ungrammatical-sentence": "O"
                }, 
                {
                    "annotator-id": "03_A", 
                    "breakdown": "O", 
                    "comment": "", 
                    "ungrammatical-sentence": "O"
                }
            ], 
            "speaker": "S", 
            "time": "2014-08-15 00:30:41", 
            "turn-index": 2, 
            "utterance": "退屈になりがちか"
        }, 
        {
            "annotations": [], 
            "speaker": "U", 
            "time": "2014-08-15 00:31:15", 
            "turn-index": 3, 
            "utterance": "そうなんだよ．"
        }, 
        {
            "annotations": [
                {
                    "annotator-id": "02_A", 
                    "breakdown": "O", 
                    "comment": "", 
                    "ungrammatical-sentence": "O"
                }, 
                {
                    "annotator-id": "03_A", 
                    "breakdown": "O", 
                    "comment": "", 
                    "ungrammatical-sentence": "O"
                }
            ], 
            "speaker": "S", 
            "time": "2014-08-15 00:31:16", 
            "turn-index": 4, 
            "utterance": "そう"
        }, 
        {
            "annotations": [], 
            "speaker": "U", 
            "time": "2014-08-15 00:31:41", 
            "turn-index": 5, 
            "utterance": "でも君に会えたから退屈じゃなくなったよ！ありがとう．"
        }, 
        {
            "annotations": [
                {
                    "annotator-id": "02_A", 
                    "breakdown": "T", 
                    "comment": "", 
                    "ungrammatical-sentence": "O"
                }, 
                {
                    "annotator-id": "03_A", 
                    "breakdown": "O", 
                    "comment": "", 
                    "ungrammatical-sentence": "O"
                }
            ], 
            "speaker": "S", 
            "time": "2014-08-15 00:31:41", 
            "turn-index": 6, 
            "utterance": "退屈で疲れるのです"
        }, 
        {
            "annotations": [], 
            "speaker": "U", 
            "time": "2014-08-15 00:32:03", 
            "turn-index": 7, 
            "utterance": "そ，それはごめんなさい．．．"
        }, 
        {
            "annotations": [
                {
                    "annotator-id": "02_A", 
                    "breakdown": "O", 
                    "comment": "", 
                    "ungrammatical-sentence": "O"
                }, 
                {
                    "annotator-id": "03_A", 
                    "breakdown": "O", 
                    "comment": "", 
                    "ungrammatical-sentence": "O"
                }
            ], 
            "speaker": "S", 
            "time": "2014-08-15 00:32:03", 
            "turn-index": 8, 
            "utterance": "そんなことないですよ"
        }, 
        {
            "annotations": [], 
            "speaker": "U", 
            "time": "2014-08-15 00:32:28", 
            "turn-index": 9, 
            "utterance": "よかった．君はどこに住んでるの？"
        }, 
        {
            "annotations": [
                {
                    "annotator-id": "02_A", 
                    "breakdown": "X", 
                    "comment": "", 
                    "ungrammatical-sentence": "O"
                }, 
                {
                    "annotator-id": "03_A", 
                    "breakdown": "T", 
                    "comment": "", 
                    "ungrammatical-sentence": "O"
                }
            ], 
            "speaker": "S", 
            "time": "2014-08-15 00:32:28", 
            "turn-index": 10, 
            "utterance": "わかりました"
        }, 
        {
            "annotations": [], 
            "speaker": "U", 
            "time": "2014-08-15 00:32:55", 
            "turn-index": 11, 
            "utterance": "へぇ～．結構遠くから来てるんだね．"
        }, 
        {
            "annotations": [
                {
                    "annotator-id": "02_A", 
                    "breakdown": "T", 
                    "comment": "", 
                    "ungrammatical-sentence": "O"
                }, 
                {
                    "annotator-id": "03_A", 
                    "breakdown": "O", 
                    "comment": "", 
                    "ungrammatical-sentence": "O"
                }
            ], 
            "speaker": "S", 
            "time": "2014-08-15 00:32:55", 
            "turn-index": 12, 
            "utterance": "いいですねー！"
        }, 
        {
            "annotations": [], 
            "speaker": "U", 
            "time": "2014-08-15 00:33:48", 
            "turn-index": 13, 
            "utterance": "アイス食べたいな．"
        }, 
        {
            "annotations": [
                {
                    "annotator-id": "02_A", 
                    "breakdown": "O", 
                    "comment": "", 
                    "ungrammatical-sentence": "O"
                }, 
                {
                    "annotator-id": "03_A", 
                    "breakdown": "O", 
                    "comment": "", 
                    "ungrammatical-sentence": "O"
                }
            ], 
            "speaker": "S", 
            "time": "2014-08-15 00:33:48", 
            "turn-index": 14, 
            "utterance": "食べたい"
        }, 
        {
            "annotations": [], 
            "speaker": "U", 
            "time": "2014-08-15 00:33:59", 
            "turn-index": 15, 
            "utterance": "何味が好き？"
        }, 
        {
            "annotations": [
                {
                    "annotator-id": "02_A", 
                    "breakdown": "T", 
                    "comment": "", 
                    "ungrammatical-sentence": "O"
                }, 
                {
                    "annotator-id": "03_A", 
                    "breakdown": "T", 
                    "comment": "", 
                    "ungrammatical-sentence": "O"
                }
            ], 
            "speaker": "S", 
            "time": "2014-08-15 00:33:59", 
            "turn-index": 16, 
            "utterance": "アイスは美味しいですね"
        }, 
        {
            "annotations": [], 
            "speaker": "U", 
            "time": "2014-08-15 00:34:10", 
            "turn-index": 17, 
            "utterance": "美味しいね．"
        }, 
        {
            "annotations": [
                {
                    "annotator-id": "02_A", 
                    "breakdown": "O", 
                    "comment": "", 
                    "ungrammatical-sentence": "O"
                }, 
                {
                    "annotator-id": "03_A", 
                    "breakdown": "O", 
                    "comment": "", 
                    "ungrammatical-sentence": "O"
                }
            ], 
            "speaker": "S", 
            "time": "2014-08-15 00:34:10", 
            "turn-index": 18, 
            "utterance": "美味かった"
        }, 
        {
            "annotations": [], 
            "speaker": "U", 
            "time": "2014-08-15 00:34:21", 
            "turn-index": 19, 
            "utterance": "え？もう食べたの？"
        }, 
        {
            "annotations": [
                {
                    "annotator-id": "02_A", 
                    "breakdown": "T", 
                    "comment": "", 
                    "ungrammatical-sentence": "O"
                }, 
                {
                    "annotator-id": "03_A", 
                    "breakdown": "O", 
                    "comment": "", 
                    "ungrammatical-sentence": "O"
                }
            ], 
            "speaker": "S", 
            "time": "2014-08-15 00:34:21", 
            "turn-index": 20, 
            "utterance": "アイスは甘いですよねえ"
        }
    ]
}