{
    "dialogue-id": "1408587631", 
    "group-id": "subset_a", 
    "speaker-id": "09_11", 
    "turns": [
        {
            "annotations": [
                {
                    "annotator-id": "01_A", 
                    "breakdown": "O", 
                    "comment": "", 
                    "ungrammatical-sentence": "O"
                }, 
                {
                    "annotator-id": "02_B", 
                    "breakdown": "O", 
                    "comment": "", 
                    "ungrammatical-sentence": "O"
                }
            ], 
            "speaker": "S", 
            "time": "2014-08-21 10:52:06", 
            "turn-index": 0, 
            "utterance": "おはよう。声かけてくれるのを待ってたんだ。"
        }, 
        {
            "annotations": [], 
            "speaker": "U", 
            "time": "2014-08-21 10:56:06", 
            "turn-index": 1, 
            "utterance": "おはよう！"
        }, 
        {
            "annotations": [
                {
                    "annotator-id": "01_A", 
                    "breakdown": "O", 
                    "comment": "", 
                    "ungrammatical-sentence": "O"
                }, 
                {
                    "annotator-id": "02_B", 
                    "breakdown": "O", 
                    "comment": "", 
                    "ungrammatical-sentence": "O"
                }
            ], 
            "speaker": "S", 
            "time": "2014-08-21 10:56:06", 
            "turn-index": 2, 
            "utterance": "おはよーっス"
        }, 
        {
            "annotations": [], 
            "speaker": "U", 
            "time": "2014-08-21 10:56:53", 
            "turn-index": 3, 
            "utterance": "朝ご飯は何食べましたか？"
        }, 
        {
            "annotations": [
                {
                    "annotator-id": "01_A", 
                    "breakdown": "T", 
                    "comment": "前の質問に答えられていない", 
                    "ungrammatical-sentence": "O"
                }, 
                {
                    "annotator-id": "02_B", 
                    "breakdown": "O", 
                    "comment": "", 
                    "ungrammatical-sentence": "O"
                }
            ], 
            "speaker": "S", 
            "time": "2014-08-21 10:56:53", 
            "turn-index": 4, 
            "utterance": "ご飯が喉を通るのです"
        }, 
        {
            "annotations": [], 
            "speaker": "U", 
            "time": "2014-08-21 10:57:29", 
            "turn-index": 5, 
            "utterance": "私はパンを食べましたよ"
        }, 
        {
            "annotations": [
                {
                    "annotator-id": "01_A", 
                    "breakdown": "O", 
                    "comment": "", 
                    "ungrammatical-sentence": "O"
                }, 
                {
                    "annotator-id": "02_B", 
                    "breakdown": "O", 
                    "comment": "", 
                    "ungrammatical-sentence": "O"
                }
            ], 
            "speaker": "S", 
            "time": "2014-08-21 10:57:29", 
            "turn-index": 6, 
            "utterance": "炊飯器で作るのです"
        }, 
        {
            "annotations": [], 
            "speaker": "U", 
            "time": "2014-08-21 11:01:50", 
            "turn-index": 7, 
            "utterance": "炊飯器でパンを作るんですか？"
        }, 
        {
            "annotations": [
                {
                    "annotator-id": "01_A", 
                    "breakdown": "O", 
                    "comment": "", 
                    "ungrammatical-sentence": "O"
                }, 
                {
                    "annotator-id": "02_B", 
                    "breakdown": "O", 
                    "comment": "", 
                    "ungrammatical-sentence": "O"
                }
            ], 
            "speaker": "S", 
            "time": "2014-08-21 11:01:50", 
            "turn-index": 8, 
            "utterance": "米粉で作るのです"
        }, 
        {
            "annotations": [], 
            "speaker": "U", 
            "time": "2014-08-21 11:08:11", 
            "turn-index": 9, 
            "utterance": "米粉ですか。なかなか詳しいですね"
        }, 
        {
            "annotations": [
                {
                    "annotator-id": "01_A", 
                    "breakdown": "O", 
                    "comment": "", 
                    "ungrammatical-sentence": "O"
                }, 
                {
                    "annotator-id": "02_B", 
                    "breakdown": "O", 
                    "comment": "", 
                    "ungrammatical-sentence": "O"
                }
            ], 
            "speaker": "S", 
            "time": "2014-08-21 11:08:11", 
            "turn-index": 10, 
            "utterance": "クッキーを作ります"
        }, 
        {
            "annotations": [], 
            "speaker": "U", 
            "time": "2014-08-21 11:13:17", 
            "turn-index": 11, 
            "utterance": "米粉のクッキーは美味しいですよね"
        }, 
        {
            "annotations": [
                {
                    "annotator-id": "01_A", 
                    "breakdown": "O", 
                    "comment": "", 
                    "ungrammatical-sentence": "O"
                }, 
                {
                    "annotator-id": "02_B", 
                    "breakdown": "O", 
                    "comment": "", 
                    "ungrammatical-sentence": "O"
                }
            ], 
            "speaker": "S", 
            "time": "2014-08-21 11:13:17", 
            "turn-index": 12, 
            "utterance": "手作りが美味しいですね"
        }, 
        {
            "annotations": [], 
            "speaker": "U", 
            "time": "2014-08-21 11:16:20", 
            "turn-index": 13, 
            "utterance": "お菓子作りは得意ですか？"
        }, 
        {
            "annotations": [
                {
                    "annotator-id": "01_A", 
                    "breakdown": "T", 
                    "comment": "前の質問に答えられていない", 
                    "ungrammatical-sentence": "O"
                }, 
                {
                    "annotator-id": "02_B", 
                    "breakdown": "O", 
                    "comment": "", 
                    "ungrammatical-sentence": "O"
                }
            ], 
            "speaker": "S", 
            "time": "2014-08-21 11:16:20", 
            "turn-index": 14, 
            "utterance": "お菓子作りは分量が命です"
        }, 
        {
            "annotations": [], 
            "speaker": "U", 
            "time": "2014-08-21 11:19:06", 
            "turn-index": 15, 
            "utterance": "分量間違えると大変ですよね"
        }, 
        {
            "annotations": [
                {
                    "annotator-id": "01_A", 
                    "breakdown": "O", 
                    "comment": "", 
                    "ungrammatical-sentence": "O"
                }, 
                {
                    "annotator-id": "02_B", 
                    "breakdown": "T", 
                    "comment": "", 
                    "ungrammatical-sentence": "O"
                }
            ], 
            "speaker": "S", 
            "time": "2014-08-21 11:19:06", 
            "turn-index": 16, 
            "utterance": "分量を量らないのです"
        }, 
        {
            "annotations": [], 
            "speaker": "U", 
            "time": "2014-08-21 11:19:29", 
            "turn-index": 17, 
            "utterance": "量らないと失敗しませんか？"
        }, 
        {
            "annotations": [
                {
                    "annotator-id": "01_A", 
                    "breakdown": "T", 
                    "comment": "前の自分の発話と矛盾している", 
                    "ungrammatical-sentence": "O"
                }, 
                {
                    "annotator-id": "02_B", 
                    "breakdown": "O", 
                    "comment": "", 
                    "ungrammatical-sentence": "O"
                }
            ], 
            "speaker": "S", 
            "time": "2014-08-21 11:19:29", 
            "turn-index": 18, 
            "utterance": "正確に量ります"
        }, 
        {
            "annotations": [], 
            "speaker": "U", 
            "time": "2014-08-21 11:20:05", 
            "turn-index": 19, 
            "utterance": "分量が命ですもんね！"
        }, 
        {
            "annotations": [
                {
                    "annotator-id": "01_A", 
                    "breakdown": "T", 
                    "comment": "発話の意図がわからない", 
                    "ungrammatical-sentence": "O"
                }, 
                {
                    "annotator-id": "02_B", 
                    "breakdown": "T", 
                    "comment": "", 
                    "ungrammatical-sentence": "O"
                }
            ], 
            "speaker": "S", 
            "time": "2014-08-21 11:20:05", 
            "turn-index": 20, 
            "utterance": "分量が増えるのです"
        }
    ]
}