{
    "dialogue-id": "1408423054", 
    "group-id": "subset_c", 
    "speaker-id": "01_02", 
    "turns": [
        {
            "annotations": [
                {
                    "annotator-id": "04_B", 
                    "breakdown": "O", 
                    "comment": "", 
                    "ungrammatical-sentence": "O"
                }, 
                {
                    "annotator-id": "06_A", 
                    "breakdown": "O", 
                    "comment": "", 
                    "ungrammatical-sentence": "O"
                }
            ], 
            "speaker": "S", 
            "time": "2014-08-19 13:33:25", 
            "turn-index": 0, 
            "utterance": "こんにちは。夏といえばスイカだね。"
        }, 
        {
            "annotations": [], 
            "speaker": "U", 
            "time": "2014-08-19 13:33:37", 
            "turn-index": 1, 
            "utterance": "アニメは見ますか？"
        }, 
        {
            "annotations": [
                {
                    "annotator-id": "04_B", 
                    "breakdown": "O", 
                    "comment": "", 
                    "ungrammatical-sentence": "O"
                }, 
                {
                    "annotator-id": "06_A", 
                    "breakdown": "O", 
                    "comment": "", 
                    "ungrammatical-sentence": "O"
                }
            ], 
            "speaker": "S", 
            "time": "2014-08-19 13:33:37", 
            "turn-index": 2, 
            "utterance": "アニメはいけないです"
        }, 
        {
            "annotations": [], 
            "speaker": "U", 
            "time": "2014-08-19 13:33:50", 
            "turn-index": 3, 
            "utterance": "そんなことないですよ"
        }, 
        {
            "annotations": [
                {
                    "annotator-id": "04_B", 
                    "breakdown": "X", 
                    "comment": "", 
                    "ungrammatical-sentence": "O"
                }, 
                {
                    "annotator-id": "06_A", 
                    "breakdown": "O", 
                    "comment": "", 
                    "ungrammatical-sentence": "O"
                }
            ], 
            "speaker": "S", 
            "time": "2014-08-19 13:33:50", 
            "turn-index": 4, 
            "utterance": "ありがとうございます"
        }, 
        {
            "annotations": [], 
            "speaker": "U", 
            "time": "2014-08-19 13:34:06", 
            "turn-index": 5, 
            "utterance": "私はアニメは好きです"
        }, 
        {
            "annotations": [
                {
                    "annotator-id": "04_B", 
                    "breakdown": "O", 
                    "comment": "", 
                    "ungrammatical-sentence": "O"
                }, 
                {
                    "annotator-id": "06_A", 
                    "breakdown": "O", 
                    "comment": "", 
                    "ungrammatical-sentence": "O"
                }
            ], 
            "speaker": "S", 
            "time": "2014-08-19 13:34:06", 
            "turn-index": 6, 
            "utterance": "アニメは音楽がいいですね"
        }, 
        {
            "annotations": [], 
            "speaker": "U", 
            "time": "2014-08-19 13:34:32", 
            "turn-index": 7, 
            "utterance": "分かってますね"
        }, 
        {
            "annotations": [
                {
                    "annotator-id": "04_B", 
                    "breakdown": "O", 
                    "comment": "", 
                    "ungrammatical-sentence": "O"
                }, 
                {
                    "annotator-id": "06_A", 
                    "breakdown": "O", 
                    "comment": "", 
                    "ungrammatical-sentence": "O"
                }
            ], 
            "speaker": "S", 
            "time": "2014-08-19 13:34:32", 
            "turn-index": 8, 
            "utterance": "よかった"
        }, 
        {
            "annotations": [], 
            "speaker": "U", 
            "time": "2014-08-19 13:34:49", 
            "turn-index": 9, 
            "utterance": "カラオケとか行きますか？"
        }, 
        {
            "annotations": [
                {
                    "annotator-id": "04_B", 
                    "breakdown": "T", 
                    "comment": "「でしたね」と言っているのでUのことかと思うが、Uのことは知らないはずなので変な感じがする", 
                    "ungrammatical-sentence": "O"
                }, 
                {
                    "annotator-id": "06_A", 
                    "breakdown": "O", 
                    "comment": "", 
                    "ungrammatical-sentence": "O"
                }
            ], 
            "speaker": "S", 
            "time": "2014-08-19 13:34:49", 
            "turn-index": 10, 
            "utterance": "カラオケにいきませんでしたね"
        }, 
        {
            "annotations": [], 
            "speaker": "U", 
            "time": "2014-08-19 13:35:02", 
            "turn-index": 11, 
            "utterance": "なぜ？"
        }, 
        {
            "annotations": [
                {
                    "annotator-id": "04_B", 
                    "breakdown": "O", 
                    "comment": "", 
                    "ungrammatical-sentence": "O"
                }, 
                {
                    "annotator-id": "06_A", 
                    "breakdown": "O", 
                    "comment": "", 
                    "ungrammatical-sentence": "O"
                }
            ], 
            "speaker": "S", 
            "time": "2014-08-19 13:35:02", 
            "turn-index": 12, 
            "utterance": "なんででしょう"
        }, 
        {
            "annotations": [], 
            "speaker": "U", 
            "time": "2014-08-19 13:35:13", 
            "turn-index": 13, 
            "utterance": "教えて！！"
        }, 
        {
            "annotations": [
                {
                    "annotator-id": "04_B", 
                    "breakdown": "T", 
                    "comment": "知りたいのはUの方でSではない", 
                    "ungrammatical-sentence": "O"
                }, 
                {
                    "annotator-id": "06_A", 
                    "breakdown": "O", 
                    "comment": "", 
                    "ungrammatical-sentence": "O"
                }
            ], 
            "speaker": "S", 
            "time": "2014-08-19 13:35:13", 
            "turn-index": 14, 
            "utterance": "知りたい"
        }, 
        {
            "annotations": [], 
            "speaker": "U", 
            "time": "2014-08-19 13:35:52", 
            "turn-index": 15, 
            "utterance": "カラオケは楽しいですよ"
        }, 
        {
            "annotations": [
                {
                    "annotator-id": "04_B", 
                    "breakdown": "T", 
                    "comment": "「だそうです」と急にここにいない人の話になってしまった", 
                    "ungrammatical-sentence": "O"
                }, 
                {
                    "annotator-id": "06_A", 
                    "breakdown": "T", 
                    "comment": "", 
                    "ungrammatical-sentence": "O"
                }
            ], 
            "speaker": "S", 
            "time": "2014-08-19 13:35:52", 
            "turn-index": 16, 
            "utterance": "カラオケは大好きだそうです"
        }, 
        {
            "annotations": [], 
            "speaker": "U", 
            "time": "2014-08-19 13:36:19", 
            "turn-index": 17, 
            "utterance": "どんな曲を歌うの？"
        }, 
        {
            "annotations": [
                {
                    "annotator-id": "04_B", 
                    "breakdown": "T", 
                    "comment": "Uの質問を無視して違う話をしている", 
                    "ungrammatical-sentence": "O"
                }, 
                {
                    "annotator-id": "06_A", 
                    "breakdown": "O", 
                    "comment": "", 
                    "ungrammatical-sentence": "O"
                }
            ], 
            "speaker": "S", 
            "time": "2014-08-19 13:36:19", 
            "turn-index": 18, 
            "utterance": "カラオケにはまります"
        }, 
        {
            "annotations": [], 
            "speaker": "U", 
            "time": "2014-08-19 13:37:30", 
            "turn-index": 19, 
            "utterance": "私は時々カラオケへ行きます"
        }, 
        {
            "annotations": [
                {
                    "annotator-id": "04_B", 
                    "breakdown": "T", 
                    "comment": "Uの話を受けていない", 
                    "ungrammatical-sentence": "O"
                }, 
                {
                    "annotator-id": "06_A", 
                    "breakdown": "T", 
                    "comment": "", 
                    "ungrammatical-sentence": "O"
                }
            ], 
            "speaker": "S", 
            "time": "2014-08-19 13:37:30", 
            "turn-index": 20, 
            "utterance": "テンションが高いです"
        }
    ]
}