{
    "dialogue-id": "1408338601", 
    "group-id": "subset_f", 
    "speaker-id": "01_02", 
    "turns": [
        {
            "annotations": [
                {
                    "annotator-id": "09_A", 
                    "breakdown": "O", 
                    "comment": "", 
                    "ungrammatical-sentence": "O"
                }, 
                {
                    "annotator-id": "10_B", 
                    "breakdown": "O", 
                    "comment": "", 
                    "ungrammatical-sentence": "O"
                }
            ], 
            "speaker": "S", 
            "time": "2014-08-18 13:56:59", 
            "turn-index": 0, 
            "utterance": "こんにちは！ちょうど退屈してたんだ。"
        }, 
        {
            "annotations": [], 
            "speaker": "U", 
            "time": "2014-08-18 13:57:34", 
            "turn-index": 1, 
            "utterance": "夏ですね"
        }, 
        {
            "annotations": [
                {
                    "annotator-id": "09_A", 
                    "breakdown": "O", 
                    "comment": "", 
                    "ungrammatical-sentence": "O"
                }, 
                {
                    "annotator-id": "10_B", 
                    "breakdown": "O", 
                    "comment": "", 
                    "ungrammatical-sentence": "O"
                }
            ], 
            "speaker": "S", 
            "time": "2014-08-18 13:57:34", 
            "turn-index": 2, 
            "utterance": "さあ、どこに出かけましょうか。"
        }, 
        {
            "annotations": [], 
            "speaker": "U", 
            "time": "2014-08-18 13:57:46", 
            "turn-index": 3, 
            "utterance": "沖縄いきたいな"
        }, 
        {
            "annotations": [
                {
                    "annotator-id": "09_A", 
                    "breakdown": "T", 
                    "comment": "梅雨にお出かけしたくない。沖縄に梅雨はある？", 
                    "ungrammatical-sentence": "O"
                }, 
                {
                    "annotator-id": "10_B", 
                    "breakdown": "O", 
                    "comment": "", 
                    "ungrammatical-sentence": "O"
                }
            ], 
            "speaker": "S", 
            "time": "2014-08-18 13:57:46", 
            "turn-index": 4, 
            "utterance": "梅雨が良さそうですね"
        }, 
        {
            "annotations": [], 
            "speaker": "U", 
            "time": "2014-08-18 13:58:05", 
            "turn-index": 5, 
            "utterance": "勘弁してください"
        }, 
        {
            "annotations": [
                {
                    "annotator-id": "09_A", 
                    "breakdown": "O", 
                    "comment": "", 
                    "ungrammatical-sentence": "O"
                }, 
                {
                    "annotator-id": "10_B", 
                    "breakdown": "O", 
                    "comment": "", 
                    "ungrammatical-sentence": "O"
                }
            ], 
            "speaker": "S", 
            "time": "2014-08-18 13:58:05", 
            "turn-index": 6, 
            "utterance": "許してあげます"
        }, 
        {
            "annotations": [], 
            "speaker": "U", 
            "time": "2014-08-18 13:58:11", 
            "turn-index": 7, 
            "utterance": "ありがとう"
        }, 
        {
            "annotations": [
                {
                    "annotator-id": "09_A", 
                    "breakdown": "T", 
                    "comment": "04で無理をいったのはS", 
                    "ungrammatical-sentence": "O"
                }, 
                {
                    "annotator-id": "10_B", 
                    "breakdown": "O", 
                    "comment": "", 
                    "ungrammatical-sentence": "O"
                }
            ], 
            "speaker": "S", 
            "time": "2014-08-18 13:58:11", 
            "turn-index": 8, 
            "utterance": "いえいえっ"
        }, 
        {
            "annotations": [], 
            "speaker": "U", 
            "time": "2014-08-18 13:58:33", 
            "turn-index": 9, 
            "utterance": "沖縄へは行ったことありますか？"
        }, 
        {
            "annotations": [
                {
                    "annotator-id": "09_A", 
                    "breakdown": "X", 
                    "comment": "09の答えになっていない", 
                    "ungrammatical-sentence": "O"
                }, 
                {
                    "annotator-id": "10_B", 
                    "breakdown": "X", 
                    "comment": "", 
                    "ungrammatical-sentence": "O"
                }
            ], 
            "speaker": "S", 
            "time": "2014-08-18 13:58:33", 
            "turn-index": 10, 
            "utterance": "沖縄はおかしくないですよ"
        }, 
        {
            "annotations": [], 
            "speaker": "U", 
            "time": "2014-08-18 13:58:54", 
            "turn-index": 11, 
            "utterance": "あたりまえです"
        }, 
        {
            "annotations": [
                {
                    "annotator-id": "09_A", 
                    "breakdown": "X", 
                    "comment": "意味がわからない", 
                    "ungrammatical-sentence": "O"
                }, 
                {
                    "annotator-id": "10_B", 
                    "breakdown": "T", 
                    "comment": "", 
                    "ungrammatical-sentence": "O"
                }
            ], 
            "speaker": "S", 
            "time": "2014-08-18 13:58:54", 
            "turn-index": 12, 
            "utterance": "そうだよ便乗"
        }, 
        {
            "annotations": [], 
            "speaker": "U", 
            "time": "2014-08-18 14:04:45", 
            "turn-index": 13, 
            "utterance": "沖縄へ行きましょう"
        }, 
        {
            "annotations": [
                {
                    "annotator-id": "09_A", 
                    "breakdown": "O", 
                    "comment": "", 
                    "ungrammatical-sentence": "O"
                }, 
                {
                    "annotator-id": "10_B", 
                    "breakdown": "O", 
                    "comment": "", 
                    "ungrammatical-sentence": "O"
                }
            ], 
            "speaker": "S", 
            "time": "2014-08-18 14:04:45", 
            "turn-index": 14, 
            "utterance": "沖縄は修学旅行で行く予定です"
        }, 
        {
            "annotations": [], 
            "speaker": "U", 
            "time": "2014-08-18 14:04:57", 
            "turn-index": 15, 
            "utterance": "いいですね"
        }, 
        {
            "annotations": [
                {
                    "annotator-id": "09_A", 
                    "breakdown": "O", 
                    "comment": "", 
                    "ungrammatical-sentence": "O"
                }, 
                {
                    "annotator-id": "10_B", 
                    "breakdown": "O", 
                    "comment": "", 
                    "ungrammatical-sentence": "O"
                }
            ], 
            "speaker": "S", 
            "time": "2014-08-18 14:04:57", 
            "turn-index": 16, 
            "utterance": "でしょでしょ"
        }, 
        {
            "annotations": [], 
            "speaker": "U", 
            "time": "2014-08-18 14:06:58", 
            "turn-index": 17, 
            "utterance": "どうやって行くのですか？"
        }, 
        {
            "annotations": [
                {
                    "annotator-id": "09_A", 
                    "breakdown": "X", 
                    "comment": "17の答えになっていない。備えるとは？", 
                    "ungrammatical-sentence": "O"
                }, 
                {
                    "annotator-id": "10_B", 
                    "breakdown": "X", 
                    "comment": "", 
                    "ungrammatical-sentence": "O"
                }
            ], 
            "speaker": "S", 
            "time": "2014-08-18 14:06:58", 
            "turn-index": 18, 
            "utterance": "修学旅行に備えます"
        }, 
        {
            "annotations": [], 
            "speaker": "U", 
            "time": "2014-08-18 14:09:46", 
            "turn-index": 19, 
            "utterance": "沖縄のどこを回るのですか？"
        }, 
        {
            "annotations": [
                {
                    "annotator-id": "09_A", 
                    "breakdown": "T", 
                    "comment": "回っていない", 
                    "ungrammatical-sentence": "O"
                }, 
                {
                    "annotator-id": "10_B", 
                    "breakdown": "T", 
                    "comment": "", 
                    "ungrammatical-sentence": "O"
                }
            ], 
            "speaker": "S", 
            "time": "2014-08-18 14:09:46", 
            "turn-index": 20, 
            "utterance": "沖縄県沖縄市胡屋5丁目7番1号です"
        }
    ]
}