{
    "dialogue-id": "1408102874", 
    "group-id": "subset_e", 
    "speaker-id": "07_02", 
    "turns": [
        {
            "annotations": [
                {
                    "annotator-id": "05_B", 
                    "breakdown": "O", 
                    "comment": "", 
                    "ungrammatical-sentence": "O"
                }, 
                {
                    "annotator-id": "08_B", 
                    "breakdown": "O", 
                    "comment": "", 
                    "ungrammatical-sentence": "O"
                }
            ], 
            "speaker": "S", 
            "time": "2014-08-15 20:37:14", 
            "turn-index": 0, 
            "utterance": "こんばんは！海へ行きたいね。"
        }, 
        {
            "annotations": [], 
            "speaker": "U", 
            "time": "2014-08-15 20:37:31", 
            "turn-index": 1, 
            "utterance": "行こうよ"
        }, 
        {
            "annotations": [
                {
                    "annotator-id": "05_B", 
                    "breakdown": "O", 
                    "comment": "", 
                    "ungrammatical-sentence": "O"
                }, 
                {
                    "annotator-id": "08_B", 
                    "breakdown": "O", 
                    "comment": "", 
                    "ungrammatical-sentence": "O"
                }
            ], 
            "speaker": "S", 
            "time": "2014-08-15 20:37:31", 
            "turn-index": 2, 
            "utterance": "行きたい"
        }, 
        {
            "annotations": [], 
            "speaker": "U", 
            "time": "2014-08-15 20:37:43", 
            "turn-index": 3, 
            "utterance": "泳げるの？"
        }, 
        {
            "annotations": [
                {
                    "annotator-id": "05_B", 
                    "breakdown": "T", 
                    "comment": "泳げるかどうかを答えていない", 
                    "ungrammatical-sentence": "O"
                }, 
                {
                    "annotator-id": "08_B", 
                    "breakdown": "X", 
                    "comment": "", 
                    "ungrammatical-sentence": "O"
                }
            ], 
            "speaker": "S", 
            "time": "2014-08-15 20:37:43", 
            "turn-index": 4, 
            "utterance": "海は一人で行くのです"
        }, 
        {
            "annotations": [], 
            "speaker": "U", 
            "time": "2014-08-15 20:38:04", 
            "turn-index": 5, 
            "utterance": "あ、一人がいいんだ。どうして？"
        }, 
        {
            "annotations": [
                {
                    "annotator-id": "05_B", 
                    "breakdown": "X", 
                    "comment": "意味をなしていない", 
                    "ungrammatical-sentence": "X"
                }, 
                {
                    "annotator-id": "08_B", 
                    "breakdown": "X", 
                    "comment": "", 
                    "ungrammatical-sentence": "O"
                }
            ], 
            "speaker": "S", 
            "time": "2014-08-15 20:38:04", 
            "turn-index": 6, 
            "utterance": "ですです"
        }, 
        {
            "annotations": [], 
            "speaker": "U", 
            "time": "2014-08-15 20:38:30", 
            "turn-index": 7, 
            "utterance": "まあいいや"
        }, 
        {
            "annotations": [
                {
                    "annotator-id": "05_B", 
                    "breakdown": "O", 
                    "comment": "", 
                    "ungrammatical-sentence": "O"
                }, 
                {
                    "annotator-id": "08_B", 
                    "breakdown": "O", 
                    "comment": "", 
                    "ungrammatical-sentence": "O"
                }
            ], 
            "speaker": "S", 
            "time": "2014-08-15 20:38:30", 
            "turn-index": 8, 
            "utterance": "ですね"
        }, 
        {
            "annotations": [], 
            "speaker": "U", 
            "time": "2014-08-15 20:38:51", 
            "turn-index": 9, 
            "utterance": "海で何するの？"
        }, 
        {
            "annotations": [
                {
                    "annotator-id": "05_B", 
                    "breakdown": "X", 
                    "comment": "以前の対話を考慮できていない", 
                    "ungrammatical-sentence": "O"
                }, 
                {
                    "annotator-id": "08_B", 
                    "breakdown": "T", 
                    "comment": "", 
                    "ungrammatical-sentence": "O"
                }
            ], 
            "speaker": "S", 
            "time": "2014-08-15 20:38:51", 
            "turn-index": 10, 
            "utterance": "海に行かないんですよねー"
        }, 
        {
            "annotations": [], 
            "speaker": "U", 
            "time": "2014-08-15 20:39:02", 
            "turn-index": 11, 
            "utterance": "え、行かないの！？"
        }, 
        {
            "annotations": [
                {
                    "annotator-id": "05_B", 
                    "breakdown": "O", 
                    "comment": "", 
                    "ungrammatical-sentence": "O"
                }, 
                {
                    "annotator-id": "08_B", 
                    "breakdown": "O", 
                    "comment": "", 
                    "ungrammatical-sentence": "O"
                }
            ], 
            "speaker": "S", 
            "time": "2014-08-15 20:39:02", 
            "turn-index": 12, 
            "utterance": "海は沖縄で行きますよねえ"
        }, 
        {
            "annotations": [], 
            "speaker": "U", 
            "time": "2014-08-15 20:40:18", 
            "turn-index": 13, 
            "utterance": "沖縄の海は綺麗だからねー"
        }, 
        {
            "annotations": [
                {
                    "annotator-id": "05_B", 
                    "breakdown": "O", 
                    "comment": "", 
                    "ungrammatical-sentence": "O"
                }, 
                {
                    "annotator-id": "08_B", 
                    "breakdown": "O", 
                    "comment": "", 
                    "ungrammatical-sentence": "O"
                }
            ], 
            "speaker": "S", 
            "time": "2014-08-15 20:40:18", 
            "turn-index": 14, 
            "utterance": "海はキレーですね"
        }, 
        {
            "annotations": [], 
            "speaker": "U", 
            "time": "2014-08-15 20:40:26", 
            "turn-index": 15, 
            "utterance": "そうだね"
        }, 
        {
            "annotations": [
                {
                    "annotator-id": "05_B", 
                    "breakdown": "O", 
                    "comment": "", 
                    "ungrammatical-sentence": "O"
                }, 
                {
                    "annotator-id": "08_B", 
                    "breakdown": "O", 
                    "comment": "", 
                    "ungrammatical-sentence": "O"
                }
            ], 
            "speaker": "S", 
            "time": "2014-08-15 20:40:26", 
            "turn-index": 16, 
            "utterance": "おう"
        }, 
        {
            "annotations": [], 
            "speaker": "U", 
            "time": "2014-08-15 20:40:49", 
            "turn-index": 17, 
            "utterance": "で、海で何するの？"
        }, 
        {
            "annotations": [
                {
                    "annotator-id": "05_B", 
                    "breakdown": "X", 
                    "comment": "何をするのかを答えていない", 
                    "ungrammatical-sentence": "O"
                }, 
                {
                    "annotator-id": "08_B", 
                    "breakdown": "X", 
                    "comment": "", 
                    "ungrammatical-sentence": "O"
                }
            ], 
            "speaker": "S", 
            "time": "2014-08-15 20:40:49", 
            "turn-index": 18, 
            "utterance": "海は一人で行ってるそうです"
        }, 
        {
            "annotations": [], 
            "speaker": "U", 
            "time": "2014-08-15 20:41:09", 
            "turn-index": 19, 
            "utterance": "誰の話？"
        }, 
        {
            "annotations": [
                {
                    "annotator-id": "05_B", 
                    "breakdown": "X", 
                    "comment": "以前の対話を考慮できていない", 
                    "ungrammatical-sentence": "O"
                }, 
                {
                    "annotator-id": "08_B", 
                    "breakdown": "X", 
                    "comment": "", 
                    "ungrammatical-sentence": "O"
                }
            ], 
            "speaker": "S", 
            "time": "2014-08-15 20:41:09", 
            "turn-index": 20, 
            "utterance": "海は黒いそうですよ"
        }
    ]
}