{
    "dialogue-id": "1408337809", 
    "group-id": "subset_h", 
    "speaker-id": "01_02", 
    "turns": [
        {
            "annotations": [
                {
                    "annotator-id": "10_A", 
                    "breakdown": "O", 
                    "comment": "", 
                    "ungrammatical-sentence": "O"
                }, 
                {
                    "annotator-id": "13_A", 
                    "breakdown": "O", 
                    "comment": "", 
                    "ungrammatical-sentence": "O"
                }
            ], 
            "speaker": "S", 
            "time": "2014-08-18 13:52:52", 
            "turn-index": 0, 
            "utterance": "こんにちはー。熱中症に気をつけて。"
        }, 
        {
            "annotations": [], 
            "speaker": "U", 
            "time": "2014-08-18 13:53:26", 
            "turn-index": 1, 
            "utterance": "最近熱いですよね"
        }, 
        {
            "annotations": [
                {
                    "annotator-id": "10_A", 
                    "breakdown": "O", 
                    "comment": "", 
                    "ungrammatical-sentence": "O"
                }, 
                {
                    "annotator-id": "13_A", 
                    "breakdown": "O", 
                    "comment": "", 
                    "ungrammatical-sentence": "O"
                }
            ], 
            "speaker": "S", 
            "time": "2014-08-18 13:53:26", 
            "turn-index": 2, 
            "utterance": "予防が大切ですね"
        }, 
        {
            "annotations": [], 
            "speaker": "U", 
            "time": "2014-08-18 13:53:44", 
            "turn-index": 3, 
            "utterance": "どんな予防がありますか？"
        }, 
        {
            "annotations": [
                {
                    "annotator-id": "10_A", 
                    "breakdown": "T", 
                    "comment": "", 
                    "ungrammatical-sentence": "O"
                }, 
                {
                    "annotator-id": "13_A", 
                    "breakdown": "T", 
                    "comment": "熱中症の話では？", 
                    "ungrammatical-sentence": "O"
                }
            ], 
            "speaker": "S", 
            "time": "2014-08-18 13:53:44", 
            "turn-index": 4, 
            "utterance": "手洗いうがいで予防が大切です"
        }, 
        {
            "annotations": [], 
            "speaker": "U", 
            "time": "2014-08-18 13:53:53", 
            "turn-index": 5, 
            "utterance": "そうですね"
        }, 
        {
            "annotations": [
                {
                    "annotator-id": "10_A", 
                    "breakdown": "T", 
                    "comment": "", 
                    "ungrammatical-sentence": "O"
                }, 
                {
                    "annotator-id": "13_A", 
                    "breakdown": "O", 
                    "comment": "", 
                    "ungrammatical-sentence": "O"
                }
            ], 
            "speaker": "S", 
            "time": "2014-08-18 13:53:53", 
            "turn-index": 6, 
            "utterance": "ありがとうございます"
        }, 
        {
            "annotations": [], 
            "speaker": "U", 
            "time": "2014-08-18 13:54:12", 
            "turn-index": 7, 
            "utterance": "ぼうしは持っていますか？"
        }, 
        {
            "annotations": [
                {
                    "annotator-id": "10_A", 
                    "breakdown": "X", 
                    "comment": "", 
                    "ungrammatical-sentence": "O"
                }, 
                {
                    "annotator-id": "13_A", 
                    "breakdown": "T", 
                    "comment": "話が繋がらない", 
                    "ungrammatical-sentence": "O"
                }
            ], 
            "speaker": "S", 
            "time": "2014-08-18 13:54:12", 
            "turn-index": 8, 
            "utterance": "ぼうしをとります"
        }, 
        {
            "annotations": [], 
            "speaker": "U", 
            "time": "2014-08-18 13:54:42", 
            "turn-index": 9, 
            "utterance": "のどが渇きました"
        }, 
        {
            "annotations": [
                {
                    "annotator-id": "10_A", 
                    "breakdown": "X", 
                    "comment": "", 
                    "ungrammatical-sentence": "O"
                }, 
                {
                    "annotator-id": "13_A", 
                    "breakdown": "T", 
                    "comment": "話が繋がらない", 
                    "ungrammatical-sentence": "O"
                }
            ], 
            "speaker": "S", 
            "time": "2014-08-18 13:54:42", 
            "turn-index": 10, 
            "utterance": "水には弱いんです。"
        }, 
        {
            "annotations": [], 
            "speaker": "U", 
            "time": "2014-08-18 13:55:17", 
            "turn-index": 11, 
            "utterance": "弱点ですか？"
        }, 
        {
            "annotations": [
                {
                    "annotator-id": "10_A", 
                    "breakdown": "X", 
                    "comment": "", 
                    "ungrammatical-sentence": "O"
                }, 
                {
                    "annotator-id": "13_A", 
                    "breakdown": "T", 
                    "comment": "意味が分からない", 
                    "ungrammatical-sentence": "O"
                }
            ], 
            "speaker": "S", 
            "time": "2014-08-18 13:55:17", 
            "turn-index": 12, 
            "utterance": "装甲が薄いです"
        }, 
        {
            "annotations": [], 
            "speaker": "U", 
            "time": "2014-08-18 13:55:51", 
            "turn-index": 13, 
            "utterance": "装甲を厚くしないのですか？"
        }, 
        {
            "annotations": [
                {
                    "annotator-id": "10_A", 
                    "breakdown": "T", 
                    "comment": "", 
                    "ungrammatical-sentence": "O"
                }, 
                {
                    "annotator-id": "13_A", 
                    "breakdown": "T", 
                    "comment": "質問に答えない", 
                    "ungrammatical-sentence": "O"
                }
            ], 
            "speaker": "S", 
            "time": "2014-08-18 13:55:51", 
            "turn-index": 14, 
            "utterance": "装甲は硬いです"
        }, 
        {
            "annotations": [], 
            "speaker": "U", 
            "time": "2014-08-18 13:56:10", 
            "turn-index": 15, 
            "utterance": "薄いけど硬いのですね"
        }, 
        {
            "annotations": [
                {
                    "annotator-id": "10_A", 
                    "breakdown": "O", 
                    "comment": "", 
                    "ungrammatical-sentence": "O"
                }, 
                {
                    "annotator-id": "13_A", 
                    "breakdown": "T", 
                    "comment": "矛盾している", 
                    "ungrammatical-sentence": "O"
                }
            ], 
            "speaker": "S", 
            "time": "2014-08-18 13:56:10", 
            "turn-index": 16, 
            "utterance": "装甲は脆いです"
        }, 
        {
            "annotations": [], 
            "speaker": "U", 
            "time": "2014-08-18 13:56:29", 
            "turn-index": 17, 
            "utterance": "装甲には気を付けてね"
        }, 
        {
            "annotations": [
                {
                    "annotator-id": "10_A", 
                    "breakdown": "T", 
                    "comment": "", 
                    "ungrammatical-sentence": "O"
                }, 
                {
                    "annotator-id": "13_A", 
                    "breakdown": "T", 
                    "comment": "ユーザの発話無視", 
                    "ungrammatical-sentence": "O"
                }
            ], 
            "speaker": "S", 
            "time": "2014-08-18 13:56:29", 
            "turn-index": 18, 
            "utterance": "装甲は厚いですね"
        }, 
        {
            "annotations": [], 
            "speaker": "U", 
            "time": "2014-08-18 13:56:45", 
            "turn-index": 19, 
            "utterance": "じゃあね"
        }, 
        {
            "annotations": [
                {
                    "annotator-id": "10_A", 
                    "breakdown": "O", 
                    "comment": "", 
                    "ungrammatical-sentence": "O"
                }, 
                {
                    "annotator-id": "13_A", 
                    "breakdown": "O", 
                    "comment": "", 
                    "ungrammatical-sentence": "O"
                }
            ], 
            "speaker": "S", 
            "time": "2014-08-18 13:56:45", 
            "turn-index": 20, 
            "utterance": "おやすみ"
        }
    ]
}