{
    "dialogue-id": "1408263646", 
    "group-id": "subset_e", 
    "speaker-id": "11_03", 
    "turns": [
        {
            "annotations": [
                {
                    "annotator-id": "05_B", 
                    "breakdown": "O", 
                    "comment": "", 
                    "ungrammatical-sentence": "O"
                }, 
                {
                    "annotator-id": "08_B", 
                    "breakdown": "O", 
                    "comment": "", 
                    "ungrammatical-sentence": "O"
                }
            ], 
            "speaker": "S", 
            "time": "2014-08-17 17:15:02", 
            "turn-index": 0, 
            "utterance": "こんばんはー。気軽に声かけてね。"
        }, 
        {
            "annotations": [], 
            "speaker": "U", 
            "time": "2014-08-17 17:15:21", 
            "turn-index": 1, 
            "utterance": "こんばんは！　素敵な服ですね。"
        }, 
        {
            "annotations": [
                {
                    "annotator-id": "05_B", 
                    "breakdown": "O", 
                    "comment": "", 
                    "ungrammatical-sentence": "O"
                }, 
                {
                    "annotator-id": "08_B", 
                    "breakdown": "O", 
                    "comment": "", 
                    "ungrammatical-sentence": "O"
                }
            ], 
            "speaker": "S", 
            "time": "2014-08-17 17:15:21", 
            "turn-index": 2, 
            "utterance": "今日は家事が片付きましたか？"
        }, 
        {
            "annotations": [], 
            "speaker": "U", 
            "time": "2014-08-17 17:15:38", 
            "turn-index": 3, 
            "utterance": "洗濯が大変でしたがなんとか。"
        }, 
        {
            "annotations": [
                {
                    "annotator-id": "05_B", 
                    "breakdown": "O", 
                    "comment": "", 
                    "ungrammatical-sentence": "O"
                }, 
                {
                    "annotator-id": "08_B", 
                    "breakdown": "O", 
                    "comment": "", 
                    "ungrammatical-sentence": "O"
                }
            ], 
            "speaker": "S", 
            "time": "2014-08-17 17:15:38", 
            "turn-index": 4, 
            "utterance": "朝から洗濯をこなします？？"
        }, 
        {
            "annotations": [], 
            "speaker": "U", 
            "time": "2014-08-17 17:16:01", 
            "turn-index": 5, 
            "utterance": "朝のうちにしないと乾かないですからね"
        }, 
        {
            "annotations": [
                {
                    "annotator-id": "05_B", 
                    "breakdown": "O", 
                    "comment": "", 
                    "ungrammatical-sentence": "O"
                }, 
                {
                    "annotator-id": "08_B", 
                    "breakdown": "O", 
                    "comment": "", 
                    "ungrammatical-sentence": "O"
                }
            ], 
            "speaker": "S", 
            "time": "2014-08-17 17:16:01", 
            "turn-index": 6, 
            "utterance": "干すのが面倒です"
        }, 
        {
            "annotations": [], 
            "speaker": "U", 
            "time": "2014-08-17 17:16:15", 
            "turn-index": 7, 
            "utterance": "本当に。ですが乾燥機ではうまく乾きませんよね。"
        }, 
        {
            "annotations": [
                {
                    "annotator-id": "05_B", 
                    "breakdown": "O", 
                    "comment": "", 
                    "ungrammatical-sentence": "O"
                }, 
                {
                    "annotator-id": "08_B", 
                    "breakdown": "O", 
                    "comment": "", 
                    "ungrammatical-sentence": "O"
                }
            ], 
            "speaker": "S", 
            "time": "2014-08-17 17:16:15", 
            "turn-index": 8, 
            "utterance": "乾燥機は電気代がかかりますがね"
        }, 
        {
            "annotations": [], 
            "speaker": "U", 
            "time": "2014-08-17 17:16:55", 
            "turn-index": 9, 
            "utterance": "それもありますね。殺菌もできますし干したほうがいいですね。"
        }, 
        {
            "annotations": [
                {
                    "annotator-id": "05_B", 
                    "breakdown": "T", 
                    "comment": "電気代を節約できるかどうかはあまり関係ない", 
                    "ungrammatical-sentence": "O"
                }, 
                {
                    "annotator-id": "08_B", 
                    "breakdown": "O", 
                    "comment": "", 
                    "ungrammatical-sentence": "O"
                }
            ], 
            "speaker": "S", 
            "time": "2014-08-17 17:16:55", 
            "turn-index": 10, 
            "utterance": "電気代節約できるのは嬉しいですね。"
        }, 
        {
            "annotations": [], 
            "speaker": "U", 
            "time": "2014-08-17 17:17:29", 
            "turn-index": 11, 
            "utterance": "確かに。ちなみに洗濯の水は水道水を使いますか？"
        }, 
        {
            "annotations": [
                {
                    "annotator-id": "05_B", 
                    "breakdown": "X", 
                    "comment": "水道水を使うかどうかを答えていない", 
                    "ungrammatical-sentence": "O"
                }, 
                {
                    "annotator-id": "08_B", 
                    "breakdown": "X", 
                    "comment": "", 
                    "ungrammatical-sentence": "O"
                }
            ], 
            "speaker": "S", 
            "time": "2014-08-17 17:17:29", 
            "turn-index": 12, 
            "utterance": "持ち運びができるのです"
        }, 
        {
            "annotations": [], 
            "speaker": "U", 
            "time": "2014-08-17 17:17:52", 
            "turn-index": 13, 
            "utterance": "なるほど。しかし風呂の残り湯があればそれを使ったほうがいいですよ。"
        }, 
        {
            "annotations": [
                {
                    "annotator-id": "05_B", 
                    "breakdown": "X", 
                    "comment": "持ち運びは関係ない", 
                    "ungrammatical-sentence": "O"
                }, 
                {
                    "annotator-id": "08_B", 
                    "breakdown": "X", 
                    "comment": "", 
                    "ungrammatical-sentence": "O"
                }
            ], 
            "speaker": "S", 
            "time": "2014-08-17 17:17:52", 
            "turn-index": 14, 
            "utterance": "持ち運びが簡単にできるかもしれない"
        }, 
        {
            "annotations": [], 
            "speaker": "U", 
            "time": "2014-08-17 17:18:11", 
            "turn-index": 15, 
            "utterance": "そんなに難しくないですよ。水道代の節約になりますし。"
        }, 
        {
            "annotations": [
                {
                    "annotator-id": "05_B", 
                    "breakdown": "X", 
                    "comment": "持ち運びについて聞いていない", 
                    "ungrammatical-sentence": "O"
                }, 
                {
                    "annotator-id": "08_B", 
                    "breakdown": "X", 
                    "comment": "", 
                    "ungrammatical-sentence": "O"
                }
            ], 
            "speaker": "S", 
            "time": "2014-08-17 17:18:11", 
            "turn-index": 16, 
            "utterance": "持ち運びが容易にできますよねえ"
        }, 
        {
            "annotations": [], 
            "speaker": "U", 
            "time": "2014-08-17 17:19:34", 
            "turn-index": 17, 
            "utterance": "なるほど。洗濯物はかさばるので持ち運びは大事ですね。"
        }, 
        {
            "annotations": [
                {
                    "annotator-id": "05_B", 
                    "breakdown": "X", 
                    "comment": "洗濯機を持ち運ぶ人はあまりいない", 
                    "ungrammatical-sentence": "O"
                }, 
                {
                    "annotator-id": "08_B", 
                    "breakdown": "X", 
                    "comment": "", 
                    "ungrammatical-sentence": "O"
                }
            ], 
            "speaker": "S", 
            "time": "2014-08-17 17:19:34", 
            "turn-index": 18, 
            "utterance": "ケーブルレスで持ち運びができますよねえ"
        }, 
        {
            "annotations": [], 
            "speaker": "U", 
            "time": "2014-08-17 17:20:45", 
            "turn-index": 19, 
            "utterance": "ケーブルレスなのは助かりますね。"
        }, 
        {
            "annotations": [
                {
                    "annotator-id": "05_B", 
                    "breakdown": "X", 
                    "comment": "洗濯することが難しい", 
                    "ungrammatical-sentence": "O"
                }, 
                {
                    "annotator-id": "08_B", 
                    "breakdown": "X", 
                    "comment": "", 
                    "ungrammatical-sentence": "O"
                }
            ], 
            "speaker": "S", 
            "time": "2014-08-17 17:20:45", 
            "turn-index": 20, 
            "utterance": "持ち運びは携帯サイズで便利ですね"
        }
    ]
}