{
    "dialogue-id": "1408357171", 
    "group-id": "subset_i", 
    "speaker-id": "05_08", 
    "turns": [
        {
            "annotations": [
                {
                    "annotator-id": "04_C", 
                    "breakdown": "O", 
                    "comment": "", 
                    "ungrammatical-sentence": "O"
                }, 
                {
                    "annotator-id": "11_A", 
                    "breakdown": "O", 
                    "comment": "", 
                    "ungrammatical-sentence": "O"
                }, 
                {
                    "annotator-id": "15_A", 
                    "breakdown": "O", 
                    "comment": "", 
                    "ungrammatical-sentence": "O"
                }
            ], 
            "speaker": "S", 
            "time": "2014-08-18 19:14:09", 
            "turn-index": 0, 
            "utterance": "こんばんは。海へ行きたいね。"
        }, 
        {
            "annotations": [], 
            "speaker": "U", 
            "time": "2014-08-18 19:14:41", 
            "turn-index": 1, 
            "utterance": "海には行きたくないです．"
        }, 
        {
            "annotations": [
                {
                    "annotator-id": "04_C", 
                    "breakdown": "O", 
                    "comment": "", 
                    "ungrammatical-sentence": "O"
                }, 
                {
                    "annotator-id": "11_A", 
                    "breakdown": "O", 
                    "comment": "", 
                    "ungrammatical-sentence": "O"
                }, 
                {
                    "annotator-id": "15_A", 
                    "breakdown": "O", 
                    "comment": "", 
                    "ungrammatical-sentence": "O"
                }
            ], 
            "speaker": "S", 
            "time": "2014-08-18 19:14:41", 
            "turn-index": 2, 
            "utterance": "いきたーい"
        }, 
        {
            "annotations": [], 
            "speaker": "U", 
            "time": "2014-08-18 19:15:03", 
            "turn-index": 3, 
            "utterance": "そうですか…　実は僕，泳げないんですよ…"
        }, 
        {
            "annotations": [
                {
                    "annotator-id": "04_C", 
                    "breakdown": "O", 
                    "comment": "", 
                    "ungrammatical-sentence": "O"
                }, 
                {
                    "annotator-id": "11_A", 
                    "breakdown": "O", 
                    "comment": "", 
                    "ungrammatical-sentence": "O"
                }, 
                {
                    "annotator-id": "15_A", 
                    "breakdown": "O", 
                    "comment": "", 
                    "ungrammatical-sentence": "O"
                }
            ], 
            "speaker": "S", 
            "time": "2014-08-18 19:15:03", 
            "turn-index": 4, 
            "utterance": "海は大丈夫ですね"
        }, 
        {
            "annotations": [], 
            "speaker": "U", 
            "time": "2014-08-18 19:15:33", 
            "turn-index": 5, 
            "utterance": "そうなんですか？　僕はプールでもおぼれたことがありますよ？"
        }, 
        {
            "annotations": [
                {
                    "annotator-id": "04_C", 
                    "breakdown": "O", 
                    "comment": "", 
                    "ungrammatical-sentence": "O"
                }, 
                {
                    "annotator-id": "11_A", 
                    "breakdown": "O", 
                    "comment": "", 
                    "ungrammatical-sentence": "O"
                }, 
                {
                    "annotator-id": "15_A", 
                    "breakdown": "O", 
                    "comment": "", 
                    "ungrammatical-sentence": "O"
                }
            ], 
            "speaker": "S", 
            "time": "2014-08-18 19:15:33", 
            "turn-index": 6, 
            "utterance": "プールで泳ぎたいですよねえ"
        }, 
        {
            "annotations": [], 
            "speaker": "U", 
            "time": "2014-08-18 19:16:07", 
            "turn-index": 7, 
            "utterance": "そんなにおっしゃるなら…　どこのプールに行きたいですか？"
        }, 
        {
            "annotations": [
                {
                    "annotator-id": "04_C", 
                    "breakdown": "T", 
                    "comment": "問われた内容(プールの場所)に答えていない", 
                    "ungrammatical-sentence": "O"
                }, 
                {
                    "annotator-id": "11_A", 
                    "breakdown": "T", 
                    "comment": "", 
                    "ungrammatical-sentence": "O"
                }, 
                {
                    "annotator-id": "15_A", 
                    "breakdown": "T", 
                    "comment": "質問無視", 
                    "ungrammatical-sentence": "O"
                }
            ], 
            "speaker": "S", 
            "time": "2014-08-18 19:16:07", 
            "turn-index": 8, 
            "utterance": "朝からプールで泳ぎますよねー"
        }, 
        {
            "annotations": [], 
            "speaker": "U", 
            "time": "2014-08-18 19:16:50", 
            "turn-index": 9, 
            "utterance": "朝からですかー　昼食はどうします？"
        }, 
        {
            "annotations": [
                {
                    "annotator-id": "04_C", 
                    "breakdown": "O", 
                    "comment": "", 
                    "ungrammatical-sentence": "O"
                }, 
                {
                    "annotator-id": "11_A", 
                    "breakdown": "O", 
                    "comment": "", 
                    "ungrammatical-sentence": "O"
                }, 
                {
                    "annotator-id": "15_A", 
                    "breakdown": "O", 
                    "comment": "", 
                    "ungrammatical-sentence": "O"
                }
            ], 
            "speaker": "S", 
            "time": "2014-08-18 19:16:50", 
            "turn-index": 10, 
            "utterance": "昼食にありつきます"
        }, 
        {
            "annotations": [], 
            "speaker": "U", 
            "time": "2014-08-18 19:17:07", 
            "turn-index": 11, 
            "utterance": "何か，食べたいものはありますか？"
        }, 
        {
            "annotations": [
                {
                    "annotator-id": "04_C", 
                    "breakdown": "T", 
                    "comment": "問われた内容(食べ物の種類)に答えていない", 
                    "ungrammatical-sentence": "O"
                }, 
                {
                    "annotator-id": "11_A", 
                    "breakdown": "T", 
                    "comment": "", 
                    "ungrammatical-sentence": "O"
                }, 
                {
                    "annotator-id": "15_A", 
                    "breakdown": "T", 
                    "comment": "質問無視", 
                    "ungrammatical-sentence": "O"
                }
            ], 
            "speaker": "S", 
            "time": "2014-08-18 19:17:07", 
            "turn-index": 12, 
            "utterance": "昼食でもとります"
        }, 
        {
            "annotations": [], 
            "speaker": "U", 
            "time": "2014-08-18 19:17:52", 
            "turn-index": 13, 
            "utterance": "プールサイドで食べるとすれば，焼きそばやかき氷とかでしょうか．"
        }, 
        {
            "annotations": [
                {
                    "annotator-id": "04_C", 
                    "breakdown": "O", 
                    "comment": "", 
                    "ungrammatical-sentence": "O"
                }, 
                {
                    "annotator-id": "11_A", 
                    "breakdown": "O", 
                    "comment": "", 
                    "ungrammatical-sentence": "O"
                }, 
                {
                    "annotator-id": "15_A", 
                    "breakdown": "T", 
                    "comment": "質問無視", 
                    "ungrammatical-sentence": "O"
                }
            ], 
            "speaker": "S", 
            "time": "2014-08-18 19:17:52", 
            "turn-index": 14, 
            "utterance": "プールサイドがいいですね"
        }, 
        {
            "annotations": [], 
            "speaker": "U", 
            "time": "2014-08-18 19:18:20", 
            "turn-index": 15, 
            "utterance": "そうですね，なんだか，特別な気分になりますよね．"
        }, 
        {
            "annotations": [
                {
                    "annotator-id": "04_C", 
                    "breakdown": "O", 
                    "comment": "", 
                    "ungrammatical-sentence": "O"
                }, 
                {
                    "annotator-id": "11_A", 
                    "breakdown": "O", 
                    "comment": "", 
                    "ungrammatical-sentence": "O"
                }, 
                {
                    "annotator-id": "15_A", 
                    "breakdown": "O", 
                    "comment": "", 
                    "ungrammatical-sentence": "O"
                }
            ], 
            "speaker": "S", 
            "time": "2014-08-18 19:18:20", 
            "turn-index": 16, 
            "utterance": "プールサイドは暑いですか"
        }, 
        {
            "annotations": [], 
            "speaker": "U", 
            "time": "2014-08-18 19:18:53", 
            "turn-index": 17, 
            "utterance": "んー，そうですね，油断するとすぐに日焼けしちゃうくらい暑いときもありますね．"
        }, 
        {
            "annotations": [
                {
                    "annotator-id": "04_C", 
                    "breakdown": "O", 
                    "comment": "", 
                    "ungrammatical-sentence": "O"
                }, 
                {
                    "annotator-id": "11_A", 
                    "breakdown": "O", 
                    "comment": "", 
                    "ungrammatical-sentence": "O"
                }, 
                {
                    "annotator-id": "15_A", 
                    "breakdown": "O", 
                    "comment": "", 
                    "ungrammatical-sentence": "O"
                }
            ], 
            "speaker": "S", 
            "time": "2014-08-18 19:18:53", 
            "turn-index": 18, 
            "utterance": "プールサイドはビールを飲んでるんですか？"
        }, 
        {
            "annotations": [], 
            "speaker": "U", 
            "time": "2014-08-18 19:19:23", 
            "turn-index": 19, 
            "utterance": "僕はビールは飲めないんですよ…　メロンソーダとか，おいしいですよね！"
        }, 
        {
            "annotations": [
                {
                    "annotator-id": "04_C", 
                    "breakdown": "O", 
                    "comment": "", 
                    "ungrammatical-sentence": "O"
                }, 
                {
                    "annotator-id": "11_A", 
                    "breakdown": "O", 
                    "comment": "", 
                    "ungrammatical-sentence": "O"
                }, 
                {
                    "annotator-id": "15_A", 
                    "breakdown": "O", 
                    "comment": "", 
                    "ungrammatical-sentence": "O"
                }
            ], 
            "speaker": "S", 
            "time": "2014-08-18 19:19:23", 
            "turn-index": 20, 
            "utterance": "ジョッキがいいですね"
        }
    ]
}