{
    "dialogue-id": "1408673486", 
    "group-id": "subset_h", 
    "speaker-id": "01_03", 
    "turns": [
        {
            "annotations": [
                {
                    "annotator-id": "10_A", 
                    "breakdown": "O", 
                    "comment": "", 
                    "ungrammatical-sentence": "O"
                }, 
                {
                    "annotator-id": "13_A", 
                    "breakdown": "O", 
                    "comment": "", 
                    "ungrammatical-sentence": "O"
                }
            ], 
            "speaker": "S", 
            "time": "2014-08-22 11:08:32", 
            "turn-index": 0, 
            "utterance": "こんにちは。ちょうど退屈してたんだ。"
        }, 
        {
            "annotations": [], 
            "speaker": "U", 
            "time": "2014-08-22 11:08:46", 
            "turn-index": 1, 
            "utterance": "今500円玉貯金してるんだ"
        }, 
        {
            "annotations": [
                {
                    "annotator-id": "10_A", 
                    "breakdown": "O", 
                    "comment": "", 
                    "ungrammatical-sentence": "O"
                }, 
                {
                    "annotator-id": "13_A", 
                    "breakdown": "O", 
                    "comment": "", 
                    "ungrammatical-sentence": "O"
                }
            ], 
            "speaker": "S", 
            "time": "2014-08-22 11:08:46", 
            "turn-index": 2, 
            "utterance": "いいですね。"
        }, 
        {
            "annotations": [], 
            "speaker": "U", 
            "time": "2014-08-22 11:08:59", 
            "turn-index": 3, 
            "utterance": "たくさん集まったときが嬉しいよね"
        }, 
        {
            "annotations": [
                {
                    "annotator-id": "10_A", 
                    "breakdown": "O", 
                    "comment": "", 
                    "ungrammatical-sentence": "O"
                }, 
                {
                    "annotator-id": "13_A", 
                    "breakdown": "O", 
                    "comment": "", 
                    "ungrammatical-sentence": "O"
                }
            ], 
            "speaker": "S", 
            "time": "2014-08-22 11:08:59", 
            "turn-index": 4, 
            "utterance": "好きです"
        }, 
        {
            "annotations": [], 
            "speaker": "U", 
            "time": "2014-08-22 11:09:31", 
            "turn-index": 5, 
            "utterance": "貯金ってむずかしいよね"
        }, 
        {
            "annotations": [
                {
                    "annotator-id": "10_A", 
                    "breakdown": "T", 
                    "comment": "", 
                    "ungrammatical-sentence": "O"
                }, 
                {
                    "annotator-id": "13_A", 
                    "breakdown": "O", 
                    "comment": "", 
                    "ungrammatical-sentence": "O"
                }
            ], 
            "speaker": "S", 
            "time": "2014-08-22 11:09:31", 
            "turn-index": 6, 
            "utterance": "貯金を続けますよねー"
        }, 
        {
            "annotations": [], 
            "speaker": "U", 
            "time": "2014-08-22 11:10:05", 
            "turn-index": 7, 
            "utterance": "続けることが大事ですよね"
        }, 
        {
            "annotations": [
                {
                    "annotator-id": "10_A", 
                    "breakdown": "T", 
                    "comment": "", 
                    "ungrammatical-sentence": "O"
                }, 
                {
                    "annotator-id": "13_A", 
                    "breakdown": "T", 
                    "comment": "話が繋がらない？", 
                    "ungrammatical-sentence": "O"
                }
            ], 
            "speaker": "S", 
            "time": "2014-08-22 11:10:05", 
            "turn-index": 8, 
            "utterance": "貯金を失いますよねー"
        }, 
        {
            "annotations": [], 
            "speaker": "U", 
            "time": "2014-08-22 11:10:20", 
            "turn-index": 9, 
            "utterance": "使っちゃうからね"
        }, 
        {
            "annotations": [
                {
                    "annotator-id": "10_A", 
                    "breakdown": "O", 
                    "comment": "", 
                    "ungrammatical-sentence": "O"
                }, 
                {
                    "annotator-id": "13_A", 
                    "breakdown": "O", 
                    "comment": "", 
                    "ungrammatical-sentence": "O"
                }
            ], 
            "speaker": "S", 
            "time": "2014-08-22 11:10:20", 
            "turn-index": 10, 
            "utterance": "貯金が無くなりますよねえ"
        }, 
        {
            "annotations": [], 
            "speaker": "U", 
            "time": "2014-08-22 11:10:41", 
            "turn-index": 11, 
            "utterance": "すぐなくなるー"
        }, 
        {
            "annotations": [
                {
                    "annotator-id": "10_A", 
                    "breakdown": "T", 
                    "comment": "何でも「ね」を発話末につけるのはやめたほうがよい", 
                    "ungrammatical-sentence": "O"
                }, 
                {
                    "annotator-id": "13_A", 
                    "breakdown": "O", 
                    "comment": "", 
                    "ungrammatical-sentence": "O"
                }
            ], 
            "speaker": "S", 
            "time": "2014-08-22 11:10:41", 
            "turn-index": 12, 
            "utterance": "貯金は全くないですね"
        }, 
        {
            "annotations": [], 
            "speaker": "U", 
            "time": "2014-08-22 11:10:49", 
            "turn-index": 13, 
            "utterance": "それは大変"
        }, 
        {
            "annotations": [
                {
                    "annotator-id": "10_A", 
                    "breakdown": "X", 
                    "comment": "", 
                    "ungrammatical-sentence": "O"
                }, 
                {
                    "annotator-id": "13_A", 
                    "breakdown": "T", 
                    "comment": "何がひどい？", 
                    "ungrammatical-sentence": "O"
                }
            ], 
            "speaker": "S", 
            "time": "2014-08-22 11:10:49", 
            "turn-index": 14, 
            "utterance": "貯金はひどいです"
        }, 
        {
            "annotations": [], 
            "speaker": "U", 
            "time": "2014-08-22 11:10:59", 
            "turn-index": 15, 
            "utterance": "カメラほしいなぁ"
        }, 
        {
            "annotations": [
                {
                    "annotator-id": "10_A", 
                    "breakdown": "T", 
                    "comment": "", 
                    "ungrammatical-sentence": "O"
                }, 
                {
                    "annotator-id": "13_A", 
                    "breakdown": "O", 
                    "comment": "", 
                    "ungrammatical-sentence": "O"
                }
            ], 
            "speaker": "S", 
            "time": "2014-08-22 11:10:59", 
            "turn-index": 16, 
            "utterance": "カメラは悪いです"
        }, 
        {
            "annotations": [], 
            "speaker": "U", 
            "time": "2014-08-22 11:11:12", 
            "turn-index": 17, 
            "utterance": "あまりよくないものを使っているのですか？"
        }, 
        {
            "annotations": [
                {
                    "annotator-id": "10_A", 
                    "breakdown": "T", 
                    "comment": "", 
                    "ungrammatical-sentence": "O"
                }, 
                {
                    "annotator-id": "13_A", 
                    "breakdown": "O", 
                    "comment": "", 
                    "ungrammatical-sentence": "O"
                }
            ], 
            "speaker": "S", 
            "time": "2014-08-22 11:11:12", 
            "turn-index": 18, 
            "utterance": "カメラは不調です"
        }, 
        {
            "annotations": [], 
            "speaker": "U", 
            "time": "2014-08-22 11:11:23", 
            "turn-index": 19, 
            "utterance": "調子が悪いのですね"
        }, 
        {
            "annotations": [
                {
                    "annotator-id": "10_A", 
                    "breakdown": "X", 
                    "comment": "", 
                    "ungrammatical-sentence": "O"
                }, 
                {
                    "annotator-id": "13_A", 
                    "breakdown": "T", 
                    "comment": "話が繋がらない", 
                    "ungrammatical-sentence": "O"
                }
            ], 
            "speaker": "S", 
            "time": "2014-08-22 11:11:23", 
            "turn-index": 20, 
            "utterance": "大丈夫ですか"
        }
    ]
}