{
    "dialogue-id": "1408584303", 
    "group-id": "subset_k", 
    "speaker-id": "10_03", 
    "turns": [
        {
            "annotations": [
                {
                    "annotator-id": "04_C", 
                    "breakdown": "O", 
                    "comment": "", 
                    "ungrammatical-sentence": "O"
                }, 
                {
                    "annotator-id": "09_B", 
                    "breakdown": "O", 
                    "comment": "", 
                    "ungrammatical-sentence": "O"
                }
            ], 
            "speaker": "S", 
            "time": "2014-08-21 10:22:53", 
            "turn-index": 0, 
            "utterance": "おはようございます。熱中症に気をつけて。"
        }, 
        {
            "annotations": [], 
            "speaker": "U", 
            "time": "2014-08-21 10:23:04", 
            "turn-index": 1, 
            "utterance": "ありがとうございます。今日も暑いですね。"
        }, 
        {
            "annotations": [
                {
                    "annotator-id": "04_C", 
                    "breakdown": "O", 
                    "comment": "", 
                    "ungrammatical-sentence": "O"
                }, 
                {
                    "annotator-id": "09_B", 
                    "breakdown": "T", 
                    "comment": "", 
                    "ungrammatical-sentence": "O"
                }
            ], 
            "speaker": "S", 
            "time": "2014-08-21 10:23:04", 
            "turn-index": 2, 
            "utterance": "熱中症に気をつけないんですか？"
        }, 
        {
            "annotations": [], 
            "speaker": "U", 
            "time": "2014-08-21 10:23:14", 
            "turn-index": 3, 
            "utterance": "もちろん気をつけますよ"
        }, 
        {
            "annotations": [
                {
                    "annotator-id": "04_C", 
                    "breakdown": "O", 
                    "comment": "", 
                    "ungrammatical-sentence": "O"
                }, 
                {
                    "annotator-id": "09_B", 
                    "breakdown": "X", 
                    "comment": "", 
                    "ungrammatical-sentence": "X"
                }
            ], 
            "speaker": "S", 
            "time": "2014-08-21 10:23:14", 
            "turn-index": 4, 
            "utterance": "熱中症に気をつけか？？"
        }, 
        {
            "annotations": [], 
            "speaker": "U", 
            "time": "2014-08-21 10:23:26", 
            "turn-index": 5, 
            "utterance": "気をつけますよ"
        }, 
        {
            "annotations": [
                {
                    "annotator-id": "04_C", 
                    "breakdown": "O", 
                    "comment": "", 
                    "ungrammatical-sentence": "O"
                }, 
                {
                    "annotator-id": "09_B", 
                    "breakdown": "O", 
                    "comment": "", 
                    "ungrammatical-sentence": "O"
                }
            ], 
            "speaker": "S", 
            "time": "2014-08-21 10:23:26", 
            "turn-index": 6, 
            "utterance": "ありがと"
        }, 
        {
            "annotations": [], 
            "speaker": "U", 
            "time": "2014-08-21 10:23:54", 
            "turn-index": 7, 
            "utterance": "気をつけてくださいね"
        }, 
        {
            "annotations": [
                {
                    "annotator-id": "04_C", 
                    "breakdown": "O", 
                    "comment": "", 
                    "ungrammatical-sentence": "O"
                }, 
                {
                    "annotator-id": "09_B", 
                    "breakdown": "O", 
                    "comment": "", 
                    "ungrammatical-sentence": "O"
                }
            ], 
            "speaker": "S", 
            "time": "2014-08-21 10:23:54", 
            "turn-index": 8, 
            "utterance": "はーい"
        }, 
        {
            "annotations": [], 
            "speaker": "U", 
            "time": "2014-08-21 10:24:16", 
            "turn-index": 9, 
            "utterance": "暑い日もあれば、雨がたくさん降る日もありますね。"
        }, 
        {
            "annotations": [
                {
                    "annotator-id": "04_C", 
                    "breakdown": "O", 
                    "comment": "", 
                    "ungrammatical-sentence": "O"
                }, 
                {
                    "annotator-id": "09_B", 
                    "breakdown": "O", 
                    "comment": "", 
                    "ungrammatical-sentence": "O"
                }
            ], 
            "speaker": "S", 
            "time": "2014-08-21 10:24:16", 
            "turn-index": 10, 
            "utterance": "雨は大丈夫ですね"
        }, 
        {
            "annotations": [], 
            "speaker": "U", 
            "time": "2014-08-21 10:24:21", 
            "turn-index": 11, 
            "utterance": "そうなんですか？"
        }, 
        {
            "annotations": [
                {
                    "annotator-id": "04_C", 
                    "breakdown": "O", 
                    "comment": "", 
                    "ungrammatical-sentence": "O"
                }, 
                {
                    "annotator-id": "09_B", 
                    "breakdown": "O", 
                    "comment": "", 
                    "ungrammatical-sentence": "O"
                }
            ], 
            "speaker": "S", 
            "time": "2014-08-21 10:24:21", 
            "turn-index": 12, 
            "utterance": "そうだよ"
        }, 
        {
            "annotations": [], 
            "speaker": "U", 
            "time": "2014-08-21 10:24:30", 
            "turn-index": 13, 
            "utterance": "何が大丈夫なんですか？"
        }, 
        {
            "annotations": [
                {
                    "annotator-id": "04_C", 
                    "breakdown": "O", 
                    "comment": "", 
                    "ungrammatical-sentence": "O"
                }, 
                {
                    "annotator-id": "09_B", 
                    "breakdown": "T", 
                    "comment": "", 
                    "ungrammatical-sentence": "O"
                }
            ], 
            "speaker": "S", 
            "time": "2014-08-21 10:24:30", 
            "turn-index": 14, 
            "utterance": "雨は心配ないらしい"
        }, 
        {
            "annotations": [], 
            "speaker": "U", 
            "time": "2014-08-21 10:24:40", 
            "turn-index": 15, 
            "utterance": "なぜですか？"
        }, 
        {
            "annotations": [
                {
                    "annotator-id": "04_C", 
                    "breakdown": "T", 
                    "comment": "問いの内容(理由)に答えていない", 
                    "ungrammatical-sentence": "O"
                }, 
                {
                    "annotator-id": "09_B", 
                    "breakdown": "X", 
                    "comment": "", 
                    "ungrammatical-sentence": "O"
                }
            ], 
            "speaker": "S", 
            "time": "2014-08-21 10:24:40", 
            "turn-index": 16, 
            "utterance": "どした"
        }, 
        {
            "annotations": [], 
            "speaker": "U", 
            "time": "2014-08-21 10:24:51", 
            "turn-index": 17, 
            "utterance": "雨が心配ないというのはなぜですか？"
        }, 
        {
            "annotations": [
                {
                    "annotator-id": "04_C", 
                    "breakdown": "T", 
                    "comment": "矛盾する発言", 
                    "ungrammatical-sentence": "O"
                }, 
                {
                    "annotator-id": "09_B", 
                    "breakdown": "T", 
                    "comment": "", 
                    "ungrammatical-sentence": "O"
                }
            ], 
            "speaker": "S", 
            "time": "2014-08-21 10:24:51", 
            "turn-index": 18, 
            "utterance": "雨は心配してますよ"
        }, 
        {
            "annotations": [], 
            "speaker": "U", 
            "time": "2014-08-21 10:25:00", 
            "turn-index": 19, 
            "utterance": "さっき言ってたことと違いますよ"
        }, 
        {
            "annotations": [
                {
                    "annotator-id": "04_C", 
                    "breakdown": "T", 
                    "comment": "一貫性のない発言", 
                    "ungrammatical-sentence": "O"
                }, 
                {
                    "annotator-id": "09_B", 
                    "breakdown": "X", 
                    "comment": "", 
                    "ungrammatical-sentence": "O"
                }
            ], 
            "speaker": "S", 
            "time": "2014-08-21 10:25:00", 
            "turn-index": 20, 
            "utterance": "雨は大丈夫だそうです"
        }
    ]
}