{
    "dialogue-id": "1408512476", 
    "group-id": "subset_f", 
    "speaker-id": "09_11", 
    "turns": [
        {
            "annotations": [
                {
                    "annotator-id": "09_A", 
                    "breakdown": "O", 
                    "comment": "", 
                    "ungrammatical-sentence": "O"
                }, 
                {
                    "annotator-id": "10_B", 
                    "breakdown": "O", 
                    "comment": "", 
                    "ungrammatical-sentence": "O"
                }
            ], 
            "speaker": "S", 
            "time": "2014-08-20 13:40:32", 
            "turn-index": 0, 
            "utterance": "こんにちは！声かけてくれるのを待ってたんだ。"
        }, 
        {
            "annotations": [], 
            "speaker": "U", 
            "time": "2014-08-20 14:04:15", 
            "turn-index": 1, 
            "utterance": "こんにちは。"
        }, 
        {
            "annotations": [
                {
                    "annotator-id": "09_A", 
                    "breakdown": "X", 
                    "comment": "意味がわからない", 
                    "ungrammatical-sentence": "X"
                }, 
                {
                    "annotator-id": "10_B", 
                    "breakdown": "T", 
                    "comment": "", 
                    "ungrammatical-sentence": "O"
                }
            ], 
            "speaker": "S", 
            "time": "2014-08-20 14:04:15", 
            "turn-index": 2, 
            "utterance": "こんあり"
        }, 
        {
            "annotations": [], 
            "speaker": "U", 
            "time": "2014-08-20 14:13:23", 
            "turn-index": 3, 
            "utterance": "何か最近楽しいことはありましたか？"
        }, 
        {
            "annotations": [
                {
                    "annotator-id": "09_A", 
                    "breakdown": "T", 
                    "comment": "03の質問にこたえていない", 
                    "ungrammatical-sentence": "O"
                }, 
                {
                    "annotator-id": "10_B", 
                    "breakdown": "T", 
                    "comment": "", 
                    "ungrammatical-sentence": "O"
                }
            ], 
            "speaker": "S", 
            "time": "2014-08-20 14:13:23", 
            "turn-index": 4, 
            "utterance": "テレビはお好きですか？"
        }, 
        {
            "annotations": [], 
            "speaker": "U", 
            "time": "2014-08-20 14:13:31", 
            "turn-index": 5, 
            "utterance": "はい。好きです"
        }, 
        {
            "annotations": [
                {
                    "annotator-id": "09_A", 
                    "breakdown": "T", 
                    "comment": "04で大好きか聞けばよかったのに。ほぼ同じ質問", 
                    "ungrammatical-sentence": "O"
                }, 
                {
                    "annotator-id": "10_B", 
                    "breakdown": "T", 
                    "comment": "", 
                    "ungrammatical-sentence": "O"
                }
            ], 
            "speaker": "S", 
            "time": "2014-08-20 14:13:31", 
            "turn-index": 6, 
            "utterance": "テレビは大好きですか"
        }, 
        {
            "annotations": [], 
            "speaker": "U", 
            "time": "2014-08-20 14:14:04", 
            "turn-index": 7, 
            "utterance": "結構よく見てますよ。あなたはテレビ好きですか？"
        }, 
        {
            "annotations": [
                {
                    "annotator-id": "09_A", 
                    "breakdown": "T", 
                    "comment": "07の質問にこたえていない", 
                    "ungrammatical-sentence": "O"
                }, 
                {
                    "annotator-id": "10_B", 
                    "breakdown": "O", 
                    "comment": "", 
                    "ungrammatical-sentence": "O"
                }
            ], 
            "speaker": "S", 
            "time": "2014-08-20 14:14:04", 
            "turn-index": 8, 
            "utterance": "テレビはスペシャル番組が多いですね"
        }, 
        {
            "annotations": [], 
            "speaker": "U", 
            "time": "2014-08-20 14:17:32", 
            "turn-index": 9, 
            "utterance": "時期によってはスペシャル番組だらけになりますね"
        }, 
        {
            "annotations": [
                {
                    "annotator-id": "09_A", 
                    "breakdown": "X", 
                    "comment": "2度目", 
                    "ungrammatical-sentence": "O"
                }, 
                {
                    "annotator-id": "10_B", 
                    "breakdown": "T", 
                    "comment": "", 
                    "ungrammatical-sentence": "O"
                }
            ], 
            "speaker": "S", 
            "time": "2014-08-20 14:17:32", 
            "turn-index": 10, 
            "utterance": "テレビでスペシャル番組が多いですね"
        }, 
        {
            "annotations": [], 
            "speaker": "U", 
            "time": "2014-08-20 14:19:55", 
            "turn-index": 11, 
            "utterance": "テレビではどんな番組が好きですか？"
        }, 
        {
            "annotations": [
                {
                    "annotator-id": "09_A", 
                    "breakdown": "X", 
                    "comment": "11の質問に答えていない。何の視聴率？", 
                    "ungrammatical-sentence": "O"
                }, 
                {
                    "annotator-id": "10_B", 
                    "breakdown": "T", 
                    "comment": "", 
                    "ungrammatical-sentence": "O"
                }
            ], 
            "speaker": "S", 
            "time": "2014-08-20 14:19:55", 
            "turn-index": 12, 
            "utterance": "視聴率が命ですね"
        }, 
        {
            "annotations": [], 
            "speaker": "U", 
            "time": "2014-08-20 14:21:12", 
            "turn-index": 13, 
            "utterance": "視聴率の高い番組は確かに面白いですよね"
        }, 
        {
            "annotations": [
                {
                    "annotator-id": "09_A", 
                    "breakdown": "X", 
                    "comment": "テレビ業界の仕事の話ではないので欲しいはおかしい", 
                    "ungrammatical-sentence": "O"
                }, 
                {
                    "annotator-id": "10_B", 
                    "breakdown": "T", 
                    "comment": "", 
                    "ungrammatical-sentence": "O"
                }
            ], 
            "speaker": "S", 
            "time": "2014-08-20 14:21:12", 
            "turn-index": 14, 
            "utterance": "視聴率が欲しいですね"
        }, 
        {
            "annotations": [], 
            "speaker": "U", 
            "time": "2014-08-20 14:23:27", 
            "turn-index": 15, 
            "utterance": "最近何かドラマは観ましたか？"
        }, 
        {
            "annotations": [
                {
                    "annotator-id": "09_A", 
                    "breakdown": "X", 
                    "comment": "15の答えになっていない", 
                    "ungrammatical-sentence": "O"
                }, 
                {
                    "annotator-id": "10_B", 
                    "breakdown": "X", 
                    "comment": "", 
                    "ungrammatical-sentence": "O"
                }
            ], 
            "speaker": "S", 
            "time": "2014-08-20 14:23:27", 
            "turn-index": 16, 
            "utterance": "ドラマは局が違ったことあります"
        }, 
        {
            "annotations": [], 
            "speaker": "U", 
            "time": "2014-08-20 14:27:00", 
            "turn-index": 17, 
            "utterance": "局が違うんですか？"
        }, 
        {
            "annotations": [
                {
                    "annotator-id": "09_A", 
                    "breakdown": "X", 
                    "comment": "17の答えになっていない。何の感想？誰が書くの？", 
                    "ungrammatical-sentence": "O"
                }, 
                {
                    "annotator-id": "10_B", 
                    "breakdown": "X", 
                    "comment": "", 
                    "ungrammatical-sentence": "O"
                }
            ], 
            "speaker": "S", 
            "time": "2014-08-20 14:27:00", 
            "turn-index": 18, 
            "utterance": "局に感想を書くそうです"
        }, 
        {
            "annotations": [], 
            "speaker": "U", 
            "time": "2014-08-20 14:27:37", 
            "turn-index": 19, 
            "utterance": "視聴者の声ですね！"
        }, 
        {
            "annotations": [
                {
                    "annotator-id": "09_A", 
                    "breakdown": "X", 
                    "comment": "「声」に反応している。誰の耳がいいの？", 
                    "ungrammatical-sentence": "O"
                }, 
                {
                    "annotator-id": "10_B", 
                    "breakdown": "X", 
                    "comment": "", 
                    "ungrammatical-sentence": "O"
                }
            ], 
            "speaker": "S", 
            "time": "2014-08-20 14:27:37", 
            "turn-index": 20, 
            "utterance": "耳が良いとか"
        }
    ]
}