{
    "dialogue-id": "1408460068", 
    "group-id": "subset_d", 
    "speaker-id": "11_06", 
    "turns": [
        {
            "annotations": [
                {
                    "annotator-id": "05_A", 
                    "breakdown": "O", 
                    "comment": "", 
                    "ungrammatical-sentence": "O"
                }, 
                {
                    "annotator-id": "07_A", 
                    "breakdown": "O", 
                    "comment": "", 
                    "ungrammatical-sentence": "O"
                }
            ], 
            "speaker": "S", 
            "time": "2014-08-19 23:52:29", 
            "turn-index": 0, 
            "utterance": "気軽に声かけてね。"
        }, 
        {
            "annotations": [], 
            "speaker": "U", 
            "time": "2014-08-19 23:52:36", 
            "turn-index": 1, 
            "utterance": "よう、元気？"
        }, 
        {
            "annotations": [
                {
                    "annotator-id": "05_A", 
                    "breakdown": "X", 
                    "comment": "", 
                    "ungrammatical-sentence": "O"
                }, 
                {
                    "annotator-id": "07_A", 
                    "breakdown": "O", 
                    "comment": "", 
                    "ungrammatical-sentence": "O"
                }
            ], 
            "speaker": "S", 
            "time": "2014-08-19 23:52:36", 
            "turn-index": 2, 
            "utterance": "ＴＶはよく見ますか"
        }, 
        {
            "annotations": [], 
            "speaker": "U", 
            "time": "2014-08-19 23:52:45", 
            "turn-index": 3, 
            "utterance": "あまり見ないかな"
        }, 
        {
            "annotations": [
                {
                    "annotator-id": "05_A", 
                    "breakdown": "O", 
                    "comment": "", 
                    "ungrammatical-sentence": "O"
                }, 
                {
                    "annotator-id": "07_A", 
                    "breakdown": "O", 
                    "comment": "", 
                    "ungrammatical-sentence": "O"
                }
            ], 
            "speaker": "S", 
            "time": "2014-08-19 23:52:45", 
            "turn-index": 4, 
            "utterance": "いいですねー！"
        }, 
        {
            "annotations": [], 
            "speaker": "U", 
            "time": "2014-08-19 23:52:56", 
            "turn-index": 5, 
            "utterance": "君はよく見るの？"
        }, 
        {
            "annotations": [
                {
                    "annotator-id": "05_A", 
                    "breakdown": "X", 
                    "comment": "", 
                    "ungrammatical-sentence": "O"
                }, 
                {
                    "annotator-id": "07_A", 
                    "breakdown": "X", 
                    "comment": "質問に答えられていない", 
                    "ungrammatical-sentence": "O"
                }
            ], 
            "speaker": "S", 
            "time": "2014-08-19 23:52:56", 
            "turn-index": 6, 
            "utterance": "ですよねー！"
        }, 
        {
            "annotations": [], 
            "speaker": "U", 
            "time": "2014-08-19 23:53:03", 
            "turn-index": 7, 
            "utterance": "なにがだよ！"
        }, 
        {
            "annotations": [
                {
                    "annotator-id": "05_A", 
                    "breakdown": "O", 
                    "comment": "", 
                    "ungrammatical-sentence": "O"
                }, 
                {
                    "annotator-id": "07_A", 
                    "breakdown": "T", 
                    "comment": "", 
                    "ungrammatical-sentence": "O"
                }
            ], 
            "speaker": "S", 
            "time": "2014-08-19 23:53:03", 
            "turn-index": 8, 
            "utterance": "サッカー"
        }, 
        {
            "annotations": [], 
            "speaker": "U", 
            "time": "2014-08-19 23:53:14", 
            "turn-index": 9, 
            "utterance": "サッカーいいよね！分かってるね！"
        }, 
        {
            "annotations": [
                {
                    "annotator-id": "05_A", 
                    "breakdown": "X", 
                    "comment": "", 
                    "ungrammatical-sentence": "O"
                }, 
                {
                    "annotator-id": "07_A", 
                    "breakdown": "O", 
                    "comment": "", 
                    "ungrammatical-sentence": "O"
                }
            ], 
            "speaker": "S", 
            "time": "2014-08-19 23:53:14", 
            "turn-index": 10, 
            "utterance": "サッカーは寒いですよねー"
        }, 
        {
            "annotations": [], 
            "speaker": "U", 
            "time": "2014-08-19 23:53:26", 
            "turn-index": 11, 
            "utterance": "冬にやると確かにね"
        }, 
        {
            "annotations": [
                {
                    "annotator-id": "05_A", 
                    "breakdown": "O", 
                    "comment": "", 
                    "ungrammatical-sentence": "O"
                }, 
                {
                    "annotator-id": "07_A", 
                    "breakdown": "O", 
                    "comment": "", 
                    "ungrammatical-sentence": "O"
                }
            ], 
            "speaker": "S", 
            "time": "2014-08-19 23:53:26", 
            "turn-index": 12, 
            "utterance": "サッカーは熱いですよねえ"
        }, 
        {
            "annotations": [], 
            "speaker": "U", 
            "time": "2014-08-19 23:53:41", 
            "turn-index": 13, 
            "utterance": "そうなんだよ！でも熱いんだよ！"
        }, 
        {
            "annotations": [
                {
                    "annotator-id": "05_A", 
                    "breakdown": "O", 
                    "comment": "", 
                    "ungrammatical-sentence": "O"
                }, 
                {
                    "annotator-id": "07_A", 
                    "breakdown": "O", 
                    "comment": "", 
                    "ungrammatical-sentence": "O"
                }
            ], 
            "speaker": "S", 
            "time": "2014-08-19 23:53:41", 
            "turn-index": 14, 
            "utterance": "サッカーは鹿島が勝ちますよねー"
        }, 
        {
            "annotations": [], 
            "speaker": "U", 
            "time": "2014-08-19 23:53:58", 
            "turn-index": 15, 
            "utterance": "いやいや、今年はガンバ大阪でしょー"
        }, 
        {
            "annotations": [
                {
                    "annotator-id": "05_A", 
                    "breakdown": "O", 
                    "comment": "", 
                    "ungrammatical-sentence": "O"
                }, 
                {
                    "annotator-id": "07_A", 
                    "breakdown": "O", 
                    "comment": "", 
                    "ungrammatical-sentence": "O"
                }
            ], 
            "speaker": "S", 
            "time": "2014-08-19 23:53:58", 
            "turn-index": 16, 
            "utterance": "ガンバ大阪に負けるかもしれない"
        }, 
        {
            "annotations": [], 
            "speaker": "U", 
            "time": "2014-08-19 23:54:09", 
            "turn-index": 17, 
            "utterance": "そこは弱気なのねｗ"
        }, 
        {
            "annotations": [
                {
                    "annotator-id": "05_A", 
                    "breakdown": "X", 
                    "comment": "", 
                    "ungrammatical-sentence": "O"
                }, 
                {
                    "annotator-id": "07_A", 
                    "breakdown": "T", 
                    "comment": "", 
                    "ungrammatical-sentence": "O"
                }
            ], 
            "speaker": "S", 
            "time": "2014-08-19 23:54:09", 
            "turn-index": 18, 
            "utterance": "わあ！いいですね！"
        }, 
        {
            "annotations": [], 
            "speaker": "U", 
            "time": "2014-08-19 23:54:24", 
            "turn-index": 19, 
            "utterance": "いいのかよ！"
        }, 
        {
            "annotations": [
                {
                    "annotator-id": "05_A", 
                    "breakdown": "O", 
                    "comment": "", 
                    "ungrammatical-sentence": "O"
                }, 
                {
                    "annotator-id": "07_A", 
                    "breakdown": "O", 
                    "comment": "", 
                    "ungrammatical-sentence": "O"
                }
            ], 
            "speaker": "S", 
            "time": "2014-08-19 23:54:24", 
            "turn-index": 20, 
            "utterance": "うん"
        }
    ]
}