{
    "dialogue-id": "1408350789", 
    "group-id": "subset_c", 
    "speaker-id": "09_10", 
    "turns": [
        {
            "annotations": [
                {
                    "annotator-id": "04_B", 
                    "breakdown": "O", 
                    "comment": "", 
                    "ungrammatical-sentence": "O"
                }, 
                {
                    "annotator-id": "06_A", 
                    "breakdown": "O", 
                    "comment": "", 
                    "ungrammatical-sentence": "O"
                }
            ], 
            "speaker": "S", 
            "time": "2014-08-18 17:22:45", 
            "turn-index": 0, 
            "utterance": "こんばんは。声かけてくれるのを待ってたんだ。"
        }, 
        {
            "annotations": [], 
            "speaker": "U", 
            "time": "2014-08-18 17:23:13", 
            "turn-index": 1, 
            "utterance": "こんばんは。来月歌舞伎を見に行くんです。"
        }, 
        {
            "annotations": [
                {
                    "annotator-id": "04_B", 
                    "breakdown": "T", 
                    "comment": "逃げている話は全くしていない", 
                    "ungrammatical-sentence": "O"
                }, 
                {
                    "annotator-id": "06_A", 
                    "breakdown": "O", 
                    "comment": "", 
                    "ungrammatical-sentence": "O"
                }
            ], 
            "speaker": "S", 
            "time": "2014-08-18 17:23:13", 
            "turn-index": 2, 
            "utterance": "歌舞伎から逃げてます？？"
        }, 
        {
            "annotations": [], 
            "speaker": "U", 
            "time": "2014-08-18 17:23:33", 
            "turn-index": 3, 
            "utterance": "逃げてないよ。横須賀に来るから見に行くの。"
        }, 
        {
            "annotations": [
                {
                    "annotator-id": "04_B", 
                    "breakdown": "X", 
                    "comment": "見に行く話をしているのに、全く違う質問", 
                    "ungrammatical-sentence": "O"
                }, 
                {
                    "annotator-id": "06_A", 
                    "breakdown": "T", 
                    "comment": "", 
                    "ungrammatical-sentence": "O"
                }
            ], 
            "speaker": "S", 
            "time": "2014-08-18 17:23:33", 
            "turn-index": 4, 
            "utterance": "歌舞伎から離れますか？"
        }, 
        {
            "annotations": [], 
            "speaker": "U", 
            "time": "2014-08-18 17:24:30", 
            "turn-index": 5, 
            "utterance": "舞台や映画は好きですか？"
        }, 
        {
            "annotations": [
                {
                    "annotator-id": "04_B", 
                    "breakdown": "O", 
                    "comment": "", 
                    "ungrammatical-sentence": "O"
                }, 
                {
                    "annotator-id": "06_A", 
                    "breakdown": "O", 
                    "comment": "", 
                    "ungrammatical-sentence": "O"
                }
            ], 
            "speaker": "S", 
            "time": "2014-08-18 17:24:30", 
            "turn-index": 6, 
            "utterance": "歌舞伎は好きですね"
        }, 
        {
            "annotations": [], 
            "speaker": "U", 
            "time": "2014-08-18 17:26:44", 
            "turn-index": 7, 
            "utterance": "新しい歌舞伎座には行きましたか？"
        }, 
        {
            "annotations": [
                {
                    "annotator-id": "04_B", 
                    "breakdown": "O", 
                    "comment": "", 
                    "ungrammatical-sentence": "O"
                }, 
                {
                    "annotator-id": "06_A", 
                    "breakdown": "O", 
                    "comment": "", 
                    "ungrammatical-sentence": "O"
                }
            ], 
            "speaker": "S", 
            "time": "2014-08-18 17:26:44", 
            "turn-index": 8, 
            "utterance": "歌舞伎を鑑賞しちゃった"
        }, 
        {
            "annotations": [], 
            "speaker": "U", 
            "time": "2014-08-18 17:28:04", 
            "turn-index": 9, 
            "utterance": "私は新橋演舞場しか行っていないんです。"
        }, 
        {
            "annotations": [
                {
                    "annotator-id": "04_B", 
                    "breakdown": "O", 
                    "comment": "", 
                    "ungrammatical-sentence": "O"
                }, 
                {
                    "annotator-id": "06_A", 
                    "breakdown": "O", 
                    "comment": "", 
                    "ungrammatical-sentence": "O"
                }
            ], 
            "speaker": "S", 
            "time": "2014-08-18 17:28:04", 
            "turn-index": 10, 
            "utterance": "新橋演舞場に歌舞伎を観に行ったことありますね"
        }, 
        {
            "annotations": [], 
            "speaker": "U", 
            "time": "2014-08-18 17:28:40", 
            "turn-index": 11, 
            "utterance": "同じですね。着物とか着て行ってみたいです。"
        }, 
        {
            "annotations": [
                {
                    "annotator-id": "04_B", 
                    "breakdown": "O", 
                    "comment": "", 
                    "ungrammatical-sentence": "O"
                }, 
                {
                    "annotator-id": "06_A", 
                    "breakdown": "O", 
                    "comment": "", 
                    "ungrammatical-sentence": "O"
                }
            ], 
            "speaker": "S", 
            "time": "2014-08-18 17:28:40", 
            "turn-index": 12, 
            "utterance": "歌舞伎は素晴らしいですね"
        }, 
        {
            "annotations": [], 
            "speaker": "U", 
            "time": "2014-08-18 17:30:14", 
            "turn-index": 13, 
            "utterance": "宝塚も見てみたいんです。"
        }, 
        {
            "annotations": [
                {
                    "annotator-id": "04_B", 
                    "breakdown": "O", 
                    "comment": "", 
                    "ungrammatical-sentence": "O"
                }, 
                {
                    "annotator-id": "06_A", 
                    "breakdown": "O", 
                    "comment": "", 
                    "ungrammatical-sentence": "O"
                }
            ], 
            "speaker": "S", 
            "time": "2014-08-18 17:30:14", 
            "turn-index": 14, 
            "utterance": "宝塚は大好きですよねえ"
        }, 
        {
            "annotations": [], 
            "speaker": "U", 
            "time": "2014-08-18 17:31:03", 
            "turn-index": 15, 
            "utterance": "一度行ってみたいです。"
        }, 
        {
            "annotations": [
                {
                    "annotator-id": "04_B", 
                    "breakdown": "T", 
                    "comment": "上までは舞台芸能としての「宝塚」の話だったのに、急に地名の宝塚の話になった", 
                    "ungrammatical-sentence": "O"
                }, 
                {
                    "annotator-id": "06_A", 
                    "breakdown": "O", 
                    "comment": "", 
                    "ungrammatical-sentence": "O"
                }
            ], 
            "speaker": "S", 
            "time": "2014-08-18 17:31:03", 
            "turn-index": 16, 
            "utterance": "宝塚は山が多いですよねえ"
        }, 
        {
            "annotations": [], 
            "speaker": "U", 
            "time": "2014-08-18 17:32:35", 
            "turn-index": 17, 
            "utterance": "関西の土地に詳しいんですか？"
        }, 
        {
            "annotations": [
                {
                    "annotator-id": "04_B", 
                    "breakdown": "O", 
                    "comment": "", 
                    "ungrammatical-sentence": "O"
                }, 
                {
                    "annotator-id": "06_A", 
                    "breakdown": "O", 
                    "comment": "", 
                    "ungrammatical-sentence": "O"
                }
            ], 
            "speaker": "S", 
            "time": "2014-08-18 17:32:35", 
            "turn-index": 18, 
            "utterance": "坂が多いです"
        }, 
        {
            "annotations": [], 
            "speaker": "U", 
            "time": "2014-08-18 17:32:58", 
            "turn-index": 19, 
            "utterance": "そうなんだ。大阪が暑いくらいの知識しかないです。"
        }, 
        {
            "annotations": [
                {
                    "annotator-id": "04_B", 
                    "breakdown": "O", 
                    "comment": "", 
                    "ungrammatical-sentence": "O"
                }, 
                {
                    "annotator-id": "06_A", 
                    "breakdown": "O", 
                    "comment": "", 
                    "ungrammatical-sentence": "O"
                }
            ], 
            "speaker": "S", 
            "time": "2014-08-18 17:32:58", 
            "turn-index": 20, 
            "utterance": "大阪は橋が多いです"
        }
    ]
}