{
    "dialogue-id": "1408330457", 
    "group-id": "subset_b", 
    "speaker-id": "03_01", 
    "turns": [
        {
            "annotations": [
                {
                    "annotator-id": "02_A", 
                    "breakdown": "O", 
                    "comment": "", 
                    "ungrammatical-sentence": "O"
                }, 
                {
                    "annotator-id": "03_A", 
                    "breakdown": "O", 
                    "comment": "", 
                    "ungrammatical-sentence": "O"
                }
            ], 
            "speaker": "S", 
            "time": "2014-08-18 11:49:56", 
            "turn-index": 0, 
            "utterance": "こんにちは！気軽に声かけてね。"
        }, 
        {
            "annotations": [], 
            "speaker": "U", 
            "time": "2014-08-18 11:51:52", 
            "turn-index": 1, 
            "utterance": "ありがとう"
        }, 
        {
            "annotations": [
                {
                    "annotator-id": "02_A", 
                    "breakdown": "O", 
                    "comment": "", 
                    "ungrammatical-sentence": "O"
                }, 
                {
                    "annotator-id": "03_A", 
                    "breakdown": "O", 
                    "comment": "", 
                    "ungrammatical-sentence": "O"
                }
            ], 
            "speaker": "S", 
            "time": "2014-08-18 11:51:52", 
            "turn-index": 2, 
            "utterance": "こちらこそありがとうございます"
        }, 
        {
            "annotations": [], 
            "speaker": "U", 
            "time": "2014-08-18 11:52:11", 
            "turn-index": 3, 
            "utterance": "最近風邪気味です"
        }, 
        {
            "annotations": [
                {
                    "annotator-id": "02_A", 
                    "breakdown": "O", 
                    "comment": "", 
                    "ungrammatical-sentence": "O"
                }, 
                {
                    "annotator-id": "03_A", 
                    "breakdown": "O", 
                    "comment": "", 
                    "ungrammatical-sentence": "O"
                }
            ], 
            "speaker": "S", 
            "time": "2014-08-18 11:52:11", 
            "turn-index": 4, 
            "utterance": "風邪気味で鼻が詰まりますか？"
        }, 
        {
            "annotations": [], 
            "speaker": "U", 
            "time": "2014-08-18 11:52:17", 
            "turn-index": 5, 
            "utterance": "詰まりますね"
        }, 
        {
            "annotations": [
                {
                    "annotator-id": "02_A", 
                    "breakdown": "O", 
                    "comment": "", 
                    "ungrammatical-sentence": "O"
                }, 
                {
                    "annotator-id": "03_A", 
                    "breakdown": "O", 
                    "comment": "", 
                    "ungrammatical-sentence": "O"
                }
            ], 
            "speaker": "S", 
            "time": "2014-08-18 11:52:17", 
            "turn-index": 6, 
            "utterance": "朝から鼻が詰まりますか"
        }, 
        {
            "annotations": [], 
            "speaker": "U", 
            "time": "2014-08-18 11:52:25", 
            "turn-index": 7, 
            "utterance": "朝から晩までですよ"
        }, 
        {
            "annotations": [
                {
                    "annotator-id": "02_A", 
                    "breakdown": "O", 
                    "comment": "", 
                    "ungrammatical-sentence": "O"
                }, 
                {
                    "annotator-id": "03_A", 
                    "breakdown": "O", 
                    "comment": "", 
                    "ungrammatical-sentence": "O"
                }
            ], 
            "speaker": "S", 
            "time": "2014-08-18 11:52:25", 
            "turn-index": 8, 
            "utterance": "鼻は大事ですね"
        }, 
        {
            "annotations": [], 
            "speaker": "U", 
            "time": "2014-08-18 11:52:37", 
            "turn-index": 9, 
            "utterance": "喉も少し痛いです"
        }, 
        {
            "annotations": [
                {
                    "annotator-id": "02_A", 
                    "breakdown": "O", 
                    "comment": "", 
                    "ungrammatical-sentence": "O"
                }, 
                {
                    "annotator-id": "03_A", 
                    "breakdown": "O", 
                    "comment": "", 
                    "ungrammatical-sentence": "O"
                }
            ], 
            "speaker": "S", 
            "time": "2014-08-18 11:52:37", 
            "turn-index": 10, 
            "utterance": "喉から風邪をひくんですよねぇ"
        }, 
        {
            "annotations": [], 
            "speaker": "U", 
            "time": "2014-08-18 11:52:46", 
            "turn-index": 11, 
            "utterance": "そうなんですよ"
        }, 
        {
            "annotations": [
                {
                    "annotator-id": "02_A", 
                    "breakdown": "T", 
                    "comment": "", 
                    "ungrammatical-sentence": "O"
                }, 
                {
                    "annotator-id": "03_A", 
                    "breakdown": "O", 
                    "comment": "", 
                    "ungrammatical-sentence": "O"
                }
            ], 
            "speaker": "S", 
            "time": "2014-08-18 11:52:46", 
            "turn-index": 12, 
            "utterance": "ほう"
        }, 
        {
            "annotations": [], 
            "speaker": "U", 
            "time": "2014-08-18 11:53:18", 
            "turn-index": 13, 
            "utterance": "喉が痛くなって，次に咳が出るっていう感じです"
        }, 
        {
            "annotations": [
                {
                    "annotator-id": "02_A", 
                    "breakdown": "O", 
                    "comment": "", 
                    "ungrammatical-sentence": "O"
                }, 
                {
                    "annotator-id": "03_A", 
                    "breakdown": "O", 
                    "comment": "", 
                    "ungrammatical-sentence": "O"
                }
            ], 
            "speaker": "S", 
            "time": "2014-08-18 11:53:18", 
            "turn-index": 14, 
            "utterance": "咳症状で良いのかな。"
        }, 
        {
            "annotations": [], 
            "speaker": "U", 
            "time": "2014-08-18 11:53:31", 
            "turn-index": 15, 
            "utterance": "そういうことです"
        }, 
        {
            "annotations": [
                {
                    "annotator-id": "02_A", 
                    "breakdown": "O", 
                    "comment": "", 
                    "ungrammatical-sentence": "O"
                }, 
                {
                    "annotator-id": "03_A", 
                    "breakdown": "O", 
                    "comment": "", 
                    "ungrammatical-sentence": "O"
                }
            ], 
            "speaker": "S", 
            "time": "2014-08-18 11:53:31", 
            "turn-index": 16, 
            "utterance": "おう"
        }, 
        {
            "annotations": [], 
            "speaker": "U", 
            "time": "2014-08-18 11:53:51", 
            "turn-index": 17, 
            "utterance": "風邪薬もそんなに効かないんですよ"
        }, 
        {
            "annotations": [
                {
                    "annotator-id": "02_A", 
                    "breakdown": "T", 
                    "comment": "", 
                    "ungrammatical-sentence": "O"
                }, 
                {
                    "annotator-id": "03_A", 
                    "breakdown": "O", 
                    "comment": "", 
                    "ungrammatical-sentence": "O"
                }
            ], 
            "speaker": "S", 
            "time": "2014-08-18 11:53:51", 
            "turn-index": 18, 
            "utterance": "風邪薬はいいですね"
        }, 
        {
            "annotations": [], 
            "speaker": "U", 
            "time": "2014-08-18 11:54:13", 
            "turn-index": 19, 
            "utterance": "そうですかねぇ"
        }, 
        {
            "annotations": [
                {
                    "annotator-id": "02_A", 
                    "breakdown": "O", 
                    "comment": "", 
                    "ungrammatical-sentence": "O"
                }, 
                {
                    "annotator-id": "03_A", 
                    "breakdown": "O", 
                    "comment": "", 
                    "ungrammatical-sentence": "O"
                }
            ], 
            "speaker": "S", 
            "time": "2014-08-18 11:54:13", 
            "turn-index": 20, 
            "utterance": "そうだよ"
        }
    ]
}