{
    "dialogue-id": "1408692267", 
    "group-id": "subset_g", 
    "speaker-id": "13_05", 
    "turns": [
        {
            "annotations": [
                {
                    "annotator-id": "09_B", 
                    "breakdown": "O", 
                    "comment": "", 
                    "ungrammatical-sentence": "O"
                }, 
                {
                    "annotator-id": "12_A", 
                    "breakdown": "O", 
                    "comment": "", 
                    "ungrammatical-sentence": "O"
                }
            ], 
            "speaker": "S", 
            "time": "2014-08-22 16:18:00", 
            "turn-index": 0, 
            "utterance": "こんにちは。気軽に声かけてね。"
        }, 
        {
            "annotations": [], 
            "speaker": "U", 
            "time": "2014-08-22 16:18:32", 
            "turn-index": 1, 
            "utterance": "こんにちは。お腹が減りましたね。"
        }, 
        {
            "annotations": [
                {
                    "annotator-id": "09_B", 
                    "breakdown": "T", 
                    "comment": "", 
                    "ungrammatical-sentence": "O"
                }, 
                {
                    "annotator-id": "12_A", 
                    "breakdown": "X", 
                    "comment": "", 
                    "ungrammatical-sentence": "O"
                }
            ], 
            "speaker": "S", 
            "time": "2014-08-22 16:18:32", 
            "turn-index": 2, 
            "utterance": "どんな本を読まれるんですか?"
        }, 
        {
            "annotations": [], 
            "speaker": "U", 
            "time": "2014-08-22 16:19:54", 
            "turn-index": 3, 
            "utterance": "ファッション雑誌や少年漫画を読みます。"
        }, 
        {
            "annotations": [
                {
                    "annotator-id": "09_B", 
                    "breakdown": "O", 
                    "comment": "", 
                    "ungrammatical-sentence": "O"
                }, 
                {
                    "annotator-id": "12_A", 
                    "breakdown": "T", 
                    "comment": "", 
                    "ungrammatical-sentence": "O"
                }
            ], 
            "speaker": "S", 
            "time": "2014-08-22 16:19:54", 
            "turn-index": 4, 
            "utterance": "どんなジャンルの本を読みますか？"
        }, 
        {
            "annotations": [], 
            "speaker": "U", 
            "time": "2014-08-22 16:20:40", 
            "turn-index": 5, 
            "utterance": "SFやファンタジーが多いです。あなたはどうですか？"
        }, 
        {
            "annotations": [
                {
                    "annotator-id": "09_B", 
                    "breakdown": "T", 
                    "comment": "", 
                    "ungrammatical-sentence": "O"
                }, 
                {
                    "annotator-id": "12_A", 
                    "breakdown": "X", 
                    "comment": "", 
                    "ungrammatical-sentence": "O"
                }
            ], 
            "speaker": "S", 
            "time": "2014-08-22 16:20:40", 
            "turn-index": 6, 
            "utterance": "ご飯もう食べましたか？"
        }, 
        {
            "annotations": [], 
            "speaker": "U", 
            "time": "2014-08-22 16:21:01", 
            "turn-index": 7, 
            "utterance": "まだです。お腹が減りました。"
        }, 
        {
            "annotations": [
                {
                    "annotator-id": "09_B", 
                    "breakdown": "O", 
                    "comment": "", 
                    "ungrammatical-sentence": "O"
                }, 
                {
                    "annotator-id": "12_A", 
                    "breakdown": "O", 
                    "comment": "", 
                    "ungrammatical-sentence": "O"
                }
            ], 
            "speaker": "S", 
            "time": "2014-08-22 16:21:01", 
            "turn-index": 8, 
            "utterance": "実家で食べてるのですか？"
        }, 
        {
            "annotations": [], 
            "speaker": "U", 
            "time": "2014-08-22 16:21:16", 
            "turn-index": 9, 
            "utterance": "いいえ。一人暮らしです。"
        }, 
        {
            "annotations": [
                {
                    "annotator-id": "09_B", 
                    "breakdown": "O", 
                    "comment": "", 
                    "ungrammatical-sentence": "O"
                }, 
                {
                    "annotator-id": "12_A", 
                    "breakdown": "O", 
                    "comment": "", 
                    "ungrammatical-sentence": "O"
                }
            ], 
            "speaker": "S", 
            "time": "2014-08-22 16:21:16", 
            "turn-index": 10, 
            "utterance": "食生活が偏りますか"
        }, 
        {
            "annotations": [], 
            "speaker": "U", 
            "time": "2014-08-22 16:22:01", 
            "turn-index": 11, 
            "utterance": "そうですね。栄養のバランスに気をつけたいです。おすすめの料理とかありますか。"
        }, 
        {
            "annotations": [
                {
                    "annotator-id": "09_B", 
                    "breakdown": "O", 
                    "comment": "", 
                    "ungrammatical-sentence": "O"
                }, 
                {
                    "annotator-id": "12_A", 
                    "breakdown": "O", 
                    "comment": "", 
                    "ungrammatical-sentence": "O"
                }
            ], 
            "speaker": "S", 
            "time": "2014-08-22 16:22:01", 
            "turn-index": 12, 
            "utterance": "食生活を正しますか"
        }, 
        {
            "annotations": [], 
            "speaker": "U", 
            "time": "2014-08-22 16:22:27", 
            "turn-index": 13, 
            "utterance": "はい。正したいですね。"
        }, 
        {
            "annotations": [
                {
                    "annotator-id": "09_B", 
                    "breakdown": "O", 
                    "comment": "", 
                    "ungrammatical-sentence": "O"
                }, 
                {
                    "annotator-id": "12_A", 
                    "breakdown": "O", 
                    "comment": "", 
                    "ungrammatical-sentence": "O"
                }
            ], 
            "speaker": "S", 
            "time": "2014-08-22 16:22:27", 
            "turn-index": 14, 
            "utterance": "食生活は重要ですね"
        }, 
        {
            "annotations": [], 
            "speaker": "U", 
            "time": "2014-08-22 16:23:15", 
            "turn-index": 15, 
            "utterance": "最近、ビタミン不足に悩んでいます。"
        }, 
        {
            "annotations": [
                {
                    "annotator-id": "09_B", 
                    "breakdown": "T", 
                    "comment": "", 
                    "ungrammatical-sentence": "O"
                }, 
                {
                    "annotator-id": "12_A", 
                    "breakdown": "T", 
                    "comment": "", 
                    "ungrammatical-sentence": "O"
                }
            ], 
            "speaker": "S", 
            "time": "2014-08-22 16:23:15", 
            "turn-index": 16, 
            "utterance": "バランスが良いですね"
        }, 
        {
            "annotations": [], 
            "speaker": "U", 
            "time": "2014-08-22 16:24:01", 
            "turn-index": 17, 
            "utterance": "そうですか？夏野菜は好きでよく食べています。"
        }, 
        {
            "annotations": [
                {
                    "annotator-id": "09_B", 
                    "breakdown": "O", 
                    "comment": "", 
                    "ungrammatical-sentence": "O"
                }, 
                {
                    "annotator-id": "12_A", 
                    "breakdown": "O", 
                    "comment": "", 
                    "ungrammatical-sentence": "O"
                }
            ], 
            "speaker": "S", 
            "time": "2014-08-22 16:24:01", 
            "turn-index": 18, 
            "utterance": "野菜は必須か"
        }, 
        {
            "annotations": [], 
            "speaker": "U", 
            "time": "2014-08-22 16:24:24", 
            "turn-index": 19, 
            "utterance": "そうですね。おいしいですし。"
        }, 
        {
            "annotations": [
                {
                    "annotator-id": "09_B", 
                    "breakdown": "O", 
                    "comment": "", 
                    "ungrammatical-sentence": "O"
                }, 
                {
                    "annotator-id": "12_A", 
                    "breakdown": "O", 
                    "comment": "", 
                    "ungrammatical-sentence": "O"
                }
            ], 
            "speaker": "S", 
            "time": "2014-08-22 16:24:24", 
            "turn-index": 20, 
            "utterance": "野菜は繊維質が多いですね"
        }
    ]
}