{
    "dialogue-id": "1408416692", 
    "group-id": "subset_d", 
    "speaker-id": "09_10", 
    "turns": [
        {
            "annotations": [
                {
                    "annotator-id": "05_A", 
                    "breakdown": "O", 
                    "comment": "", 
                    "ungrammatical-sentence": "O"
                }, 
                {
                    "annotator-id": "07_A", 
                    "breakdown": "O", 
                    "comment": "", 
                    "ungrammatical-sentence": "O"
                }
            ], 
            "speaker": "S", 
            "time": "2014-08-19 11:43:46", 
            "turn-index": 0, 
            "utterance": "こんにちは。夏といえばスイカだね。"
        }, 
        {
            "annotations": [], 
            "speaker": "U", 
            "time": "2014-08-19 11:44:39", 
            "turn-index": 1, 
            "utterance": "今年はまだクワガタを見ていないよ。"
        }, 
        {
            "annotations": [
                {
                    "annotator-id": "05_A", 
                    "breakdown": "O", 
                    "comment": "", 
                    "ungrammatical-sentence": "O"
                }, 
                {
                    "annotator-id": "07_A", 
                    "breakdown": "O", 
                    "comment": "", 
                    "ungrammatical-sentence": "O"
                }
            ], 
            "speaker": "S", 
            "time": "2014-08-19 11:44:39", 
            "turn-index": 2, 
            "utterance": "クワガタを持ってるのですか？"
        }, 
        {
            "annotations": [], 
            "speaker": "U", 
            "time": "2014-08-19 11:45:49", 
            "turn-index": 3, 
            "utterance": "カブトムシは見た。クワガタ探しに行こうかな。"
        }, 
        {
            "annotations": [
                {
                    "annotator-id": "05_A", 
                    "breakdown": "O", 
                    "comment": "", 
                    "ungrammatical-sentence": "O"
                }, 
                {
                    "annotator-id": "07_A", 
                    "breakdown": "O", 
                    "comment": "", 
                    "ungrammatical-sentence": "O"
                }
            ], 
            "speaker": "S", 
            "time": "2014-08-19 11:45:49", 
            "turn-index": 4, 
            "utterance": "手に持つんですか？"
        }, 
        {
            "annotations": [], 
            "speaker": "U", 
            "time": "2014-08-19 11:46:08", 
            "turn-index": 5, 
            "utterance": "手でつかまえるよ。会社のそばにもいるよ。"
        }, 
        {
            "annotations": [
                {
                    "annotator-id": "05_A", 
                    "breakdown": "X", 
                    "comment": "", 
                    "ungrammatical-sentence": "O"
                }, 
                {
                    "annotator-id": "07_A", 
                    "breakdown": "T", 
                    "comment": "", 
                    "ungrammatical-sentence": "O"
                }
            ], 
            "speaker": "S", 
            "time": "2014-08-19 11:46:08", 
            "turn-index": 6, 
            "utterance": "カブトムシを持つんですね？"
        }, 
        {
            "annotations": [], 
            "speaker": "U", 
            "time": "2014-08-19 11:46:55", 
            "turn-index": 7, 
            "utterance": "カブトムシはもう持っているよ。夜に網戸に飛んできたの。"
        }, 
        {
            "annotations": [
                {
                    "annotator-id": "05_A", 
                    "breakdown": "O", 
                    "comment": "", 
                    "ungrammatical-sentence": "O"
                }, 
                {
                    "annotator-id": "07_A", 
                    "breakdown": "O", 
                    "comment": "", 
                    "ungrammatical-sentence": "O"
                }
            ], 
            "speaker": "S", 
            "time": "2014-08-19 11:46:55", 
            "turn-index": 8, 
            "utterance": "カブトムシは好きですね"
        }, 
        {
            "annotations": [], 
            "speaker": "U", 
            "time": "2014-08-19 11:47:40", 
            "turn-index": 9, 
            "utterance": "今年はカメムシをいっぱい見たよ。"
        }, 
        {
            "annotations": [
                {
                    "annotator-id": "05_A", 
                    "breakdown": "O", 
                    "comment": "", 
                    "ungrammatical-sentence": "O"
                }, 
                {
                    "annotator-id": "07_A", 
                    "breakdown": "O", 
                    "comment": "", 
                    "ungrammatical-sentence": "O"
                }
            ], 
            "speaker": "S", 
            "time": "2014-08-19 11:47:40", 
            "turn-index": 10, 
            "utterance": "カメムシの匂いが好き"
        }, 
        {
            "annotations": [], 
            "speaker": "U", 
            "time": "2014-08-19 11:48:26", 
            "turn-index": 11, 
            "utterance": "嘘だー！パクチーは食べられる？"
        }, 
        {
            "annotations": [
                {
                    "annotator-id": "05_A", 
                    "breakdown": "X", 
                    "comment": "", 
                    "ungrammatical-sentence": "O"
                }, 
                {
                    "annotator-id": "07_A", 
                    "breakdown": "T", 
                    "comment": "", 
                    "ungrammatical-sentence": "O"
                }
            ], 
            "speaker": "S", 
            "time": "2014-08-19 11:48:26", 
            "turn-index": 12, 
            "utterance": "嘘に気付くのです"
        }, 
        {
            "annotations": [], 
            "speaker": "U", 
            "time": "2014-08-19 11:49:19", 
            "turn-index": 13, 
            "utterance": "私、パクチーは好きだよ。人参が苦手。"
        }, 
        {
            "annotations": [
                {
                    "annotator-id": "05_A", 
                    "breakdown": "O", 
                    "comment": "", 
                    "ungrammatical-sentence": "O"
                }, 
                {
                    "annotator-id": "07_A", 
                    "breakdown": "O", 
                    "comment": "", 
                    "ungrammatical-sentence": "O"
                }
            ], 
            "speaker": "S", 
            "time": "2014-08-19 11:49:19", 
            "turn-index": 14, 
            "utterance": "味が活きるのです"
        }, 
        {
            "annotations": [], 
            "speaker": "U", 
            "time": "2014-08-19 11:50:18", 
            "turn-index": 15, 
            "utterance": "あなたは何が食べられないの？"
        }, 
        {
            "annotations": [
                {
                    "annotator-id": "05_A", 
                    "breakdown": "X", 
                    "comment": "", 
                    "ungrammatical-sentence": "O"
                }, 
                {
                    "annotator-id": "07_A", 
                    "breakdown": "T", 
                    "comment": "", 
                    "ungrammatical-sentence": "O"
                }
            ], 
            "speaker": "S", 
            "time": "2014-08-19 11:50:18", 
            "turn-index": 16, 
            "utterance": "研究です"
        }, 
        {
            "annotations": [], 
            "speaker": "U", 
            "time": "2014-08-19 11:51:15", 
            "turn-index": 17, 
            "utterance": "自由研究の宿題って今でもあるのかな？"
        }, 
        {
            "annotations": [
                {
                    "annotator-id": "05_A", 
                    "breakdown": "O", 
                    "comment": "", 
                    "ungrammatical-sentence": "O"
                }, 
                {
                    "annotator-id": "07_A", 
                    "breakdown": "T", 
                    "comment": "", 
                    "ungrammatical-sentence": "O"
                }
            ], 
            "speaker": "S", 
            "time": "2014-08-19 11:51:15", 
            "turn-index": 18, 
            "utterance": "自由研究を発表するようです"
        }, 
        {
            "annotations": [], 
            "speaker": "U", 
            "time": "2014-08-19 11:51:30", 
            "turn-index": 19, 
            "utterance": "もうすぐ夏休みも終わりだもんね。"
        }, 
        {
            "annotations": [
                {
                    "annotator-id": "05_A", 
                    "breakdown": "X", 
                    "comment": "", 
                    "ungrammatical-sentence": "O"
                }, 
                {
                    "annotator-id": "07_A", 
                    "breakdown": "O", 
                    "comment": "", 
                    "ungrammatical-sentence": "O"
                }
            ], 
            "speaker": "S", 
            "time": "2014-08-19 11:51:30", 
            "turn-index": 20, 
            "utterance": "夏休みは行事が多そうですよ"
        }
    ]
}