{
    "dialogue-id": "1408221637", 
    "group-id": "subset_g", 
    "speaker-id": "02_02", 
    "turns": [
        {
            "annotations": [
                {
                    "annotator-id": "09_B", 
                    "breakdown": "O", 
                    "comment": "", 
                    "ungrammatical-sentence": "O"
                }, 
                {
                    "annotator-id": "12_A", 
                    "breakdown": "O", 
                    "comment": "", 
                    "ungrammatical-sentence": "O"
                }
            ], 
            "speaker": "S", 
            "time": "2014-08-17 05:38:28", 
            "turn-index": 0, 
            "utterance": "おはよう。気軽に声かけてね。"
        }, 
        {
            "annotations": [], 
            "speaker": "U", 
            "time": "2014-08-17 05:38:36", 
            "turn-index": 1, 
            "utterance": "はーい！"
        }, 
        {
            "annotations": [
                {
                    "annotator-id": "09_B", 
                    "breakdown": "O", 
                    "comment": "", 
                    "ungrammatical-sentence": "O"
                }, 
                {
                    "annotator-id": "12_A", 
                    "breakdown": "O", 
                    "comment": "", 
                    "ungrammatical-sentence": "O"
                }
            ], 
            "speaker": "S", 
            "time": "2014-08-17 05:38:36", 
            "turn-index": 2, 
            "utterance": "おはよ"
        }, 
        {
            "annotations": [], 
            "speaker": "U", 
            "time": "2014-08-17 05:38:42", 
            "turn-index": 3, 
            "utterance": "おっはー"
        }, 
        {
            "annotations": [
                {
                    "annotator-id": "09_B", 
                    "breakdown": "T", 
                    "comment": "", 
                    "ungrammatical-sentence": "O"
                }, 
                {
                    "annotator-id": "12_A", 
                    "breakdown": "O", 
                    "comment": "", 
                    "ungrammatical-sentence": "O"
                }
            ], 
            "speaker": "S", 
            "time": "2014-08-17 05:38:42", 
            "turn-index": 4, 
            "utterance": "おはよう?"
        }, 
        {
            "annotations": [], 
            "speaker": "U", 
            "time": "2014-08-17 05:39:04", 
            "turn-index": 5, 
            "utterance": "それじゃ、ブレックファーストにしようか？"
        }, 
        {
            "annotations": [
                {
                    "annotator-id": "09_B", 
                    "breakdown": "O", 
                    "comment": "", 
                    "ungrammatical-sentence": "O"
                }, 
                {
                    "annotator-id": "12_A", 
                    "breakdown": "O", 
                    "comment": "", 
                    "ungrammatical-sentence": "O"
                }
            ], 
            "speaker": "S", 
            "time": "2014-08-17 05:39:04", 
            "turn-index": 6, 
            "utterance": "ブレックファーストを頼むのです"
        }, 
        {
            "annotations": [], 
            "speaker": "U", 
            "time": "2014-08-17 05:39:18", 
            "turn-index": 7, 
            "utterance": "目玉焼きで。"
        }, 
        {
            "annotations": [
                {
                    "annotator-id": "09_B", 
                    "breakdown": "O", 
                    "comment": "", 
                    "ungrammatical-sentence": "O"
                }, 
                {
                    "annotator-id": "12_A", 
                    "breakdown": "T", 
                    "comment": "", 
                    "ungrammatical-sentence": "O"
                }
            ], 
            "speaker": "S", 
            "time": "2014-08-17 05:39:18", 
            "turn-index": 8, 
            "utterance": "朝食で作るのです"
        }, 
        {
            "annotations": [], 
            "speaker": "U", 
            "time": "2014-08-17 05:39:27", 
            "turn-index": 9, 
            "utterance": "あと、トーストも。"
        }, 
        {
            "annotations": [
                {
                    "annotator-id": "09_B", 
                    "breakdown": "O", 
                    "comment": "", 
                    "ungrammatical-sentence": "O"
                }, 
                {
                    "annotator-id": "12_A", 
                    "breakdown": "O", 
                    "comment": "", 
                    "ungrammatical-sentence": "O"
                }
            ], 
            "speaker": "S", 
            "time": "2014-08-17 05:39:27", 
            "turn-index": 10, 
            "utterance": "トーストはトースターが良いですね"
        }, 
        {
            "annotations": [], 
            "speaker": "U", 
            "time": "2014-08-17 05:39:32", 
            "turn-index": 11, 
            "utterance": "はい。"
        }, 
        {
            "annotations": [
                {
                    "annotator-id": "09_B", 
                    "breakdown": "T", 
                    "comment": "", 
                    "ungrammatical-sentence": "O"
                }, 
                {
                    "annotator-id": "12_A", 
                    "breakdown": "X", 
                    "comment": "", 
                    "ungrammatical-sentence": "O"
                }
            ], 
            "speaker": "S", 
            "time": "2014-08-17 05:39:32", 
            "turn-index": 12, 
            "utterance": "お久しぶりです"
        }, 
        {
            "annotations": [], 
            "speaker": "U", 
            "time": "2014-08-17 05:39:43", 
            "turn-index": 13, 
            "utterance": "焦がさないですね．"
        }, 
        {
            "annotations": [
                {
                    "annotator-id": "09_B", 
                    "breakdown": "T", 
                    "comment": "", 
                    "ungrammatical-sentence": "O"
                }, 
                {
                    "annotator-id": "12_A", 
                    "breakdown": "O", 
                    "comment": "", 
                    "ungrammatical-sentence": "O"
                }
            ], 
            "speaker": "S", 
            "time": "2014-08-17 05:39:43", 
            "turn-index": 14, 
            "utterance": "トーストはマーガリンがぬります"
        }, 
        {
            "annotations": [], 
            "speaker": "U", 
            "time": "2014-08-17 05:39:58", 
            "turn-index": 15, 
            "utterance": "ガーリク入りのマーガリンで。"
        }, 
        {
            "annotations": [
                {
                    "annotator-id": "09_B", 
                    "breakdown": "O", 
                    "comment": "", 
                    "ungrammatical-sentence": "O"
                }, 
                {
                    "annotator-id": "12_A", 
                    "breakdown": "O", 
                    "comment": "", 
                    "ungrammatical-sentence": "O"
                }
            ], 
            "speaker": "S", 
            "time": "2014-08-17 05:39:58", 
            "turn-index": 16, 
            "utterance": "トーストは美味しいですね"
        }, 
        {
            "annotations": [], 
            "speaker": "U", 
            "time": "2014-08-17 05:40:07", 
            "turn-index": 17, 
            "utterance": "まあまあです。"
        }, 
        {
            "annotations": [
                {
                    "annotator-id": "09_B", 
                    "breakdown": "O", 
                    "comment": "", 
                    "ungrammatical-sentence": "O"
                }, 
                {
                    "annotator-id": "12_A", 
                    "breakdown": "O", 
                    "comment": "", 
                    "ungrammatical-sentence": "O"
                }
            ], 
            "speaker": "S", 
            "time": "2014-08-17 05:40:07", 
            "turn-index": 18, 
            "utterance": "まあまあ"
        }, 
        {
            "annotations": [], 
            "speaker": "U", 
            "time": "2014-08-17 05:40:31", 
            "turn-index": 19, 
            "utterance": "ケチャップを塗って、チーズスライスを乗せて、ピザも作りましょう。"
        }, 
        {
            "annotations": [
                {
                    "annotator-id": "09_B", 
                    "breakdown": "O", 
                    "comment": "", 
                    "ungrammatical-sentence": "O"
                }, 
                {
                    "annotator-id": "12_A", 
                    "breakdown": "O", 
                    "comment": "", 
                    "ungrammatical-sentence": "O"
                }
            ], 
            "speaker": "S", 
            "time": "2014-08-17 05:40:31", 
            "turn-index": 20, 
            "utterance": "ピザはピザーラが美味しいですよねえ"
        }
    ]
}