{
    "dialogue-id": "1409399931", 
    "group-id": "subset_i", 
    "speaker-id": "08_03", 
    "turns": [
        {
            "annotations": [
                {
                    "annotator-id": "04_C", 
                    "breakdown": "O", 
                    "comment": "", 
                    "ungrammatical-sentence": "O"
                }, 
                {
                    "annotator-id": "11_A", 
                    "breakdown": "O", 
                    "comment": "", 
                    "ungrammatical-sentence": "O"
                }, 
                {
                    "annotator-id": "15_A", 
                    "breakdown": "O", 
                    "comment": "", 
                    "ungrammatical-sentence": "O"
                }
            ], 
            "speaker": "S", 
            "time": "2014-08-30 20:52:28", 
            "turn-index": 0, 
            "utterance": "こんばんは！熱中症に気をつけて。"
        }, 
        {
            "annotations": [], 
            "speaker": "U", 
            "time": "2014-08-30 20:53:10", 
            "turn-index": 1, 
            "utterance": "ありがとう！　最近は涼しいからその心配ももういらないかな？　出かけるのに上着も必要になりました。"
        }, 
        {
            "annotations": [
                {
                    "annotator-id": "04_C", 
                    "breakdown": "O", 
                    "comment": "", 
                    "ungrammatical-sentence": "O"
                }, 
                {
                    "annotator-id": "11_A", 
                    "breakdown": "O", 
                    "comment": "", 
                    "ungrammatical-sentence": "O"
                }, 
                {
                    "annotator-id": "15_A", 
                    "breakdown": "O", 
                    "comment": "", 
                    "ungrammatical-sentence": "O"
                }
            ], 
            "speaker": "S", 
            "time": "2014-08-30 20:53:10", 
            "turn-index": 2, 
            "utterance": "上着はサイズが合いますか？"
        }, 
        {
            "annotations": [], 
            "speaker": "U", 
            "time": "2014-08-30 20:53:44", 
            "turn-index": 3, 
            "utterance": "太ったので昔の上着はちょっとツライです。新しい服を買わなければいけません。"
        }, 
        {
            "annotations": [
                {
                    "annotator-id": "04_C", 
                    "breakdown": "O", 
                    "comment": "", 
                    "ungrammatical-sentence": "O"
                }, 
                {
                    "annotator-id": "11_A", 
                    "breakdown": "O", 
                    "comment": "", 
                    "ungrammatical-sentence": "O"
                }, 
                {
                    "annotator-id": "15_A", 
                    "breakdown": "O", 
                    "comment": "", 
                    "ungrammatical-sentence": "O"
                }
            ], 
            "speaker": "S", 
            "time": "2014-08-30 20:53:44", 
            "turn-index": 4, 
            "utterance": "上着を貸しますか？？"
        }, 
        {
            "annotations": [], 
            "speaker": "U", 
            "time": "2014-08-30 20:55:34", 
            "turn-index": 5, 
            "utterance": "結構です、ありがとうございます。好みの問題もありますので。私はチェック柄の服をよく着用しています。"
        }, 
        {
            "annotations": [
                {
                    "annotator-id": "04_C", 
                    "breakdown": "O", 
                    "comment": "", 
                    "ungrammatical-sentence": "O"
                }, 
                {
                    "annotator-id": "11_A", 
                    "breakdown": "O", 
                    "comment": "", 
                    "ungrammatical-sentence": "O"
                }, 
                {
                    "annotator-id": "15_A", 
                    "breakdown": "O", 
                    "comment": "", 
                    "ungrammatical-sentence": "O"
                }
            ], 
            "speaker": "S", 
            "time": "2014-08-30 20:55:34", 
            "turn-index": 6, 
            "utterance": "クールビズで着ます？？"
        }, 
        {
            "annotations": [], 
            "speaker": "U", 
            "time": "2014-08-30 20:56:08", 
            "turn-index": 7, 
            "utterance": "クールビズではないですね。私の会社は私服勤務なのでクールビズなどという概念はないですね。"
        }, 
        {
            "annotations": [
                {
                    "annotator-id": "04_C", 
                    "breakdown": "O", 
                    "comment": "", 
                    "ungrammatical-sentence": "O"
                }, 
                {
                    "annotator-id": "11_A", 
                    "breakdown": "O", 
                    "comment": "", 
                    "ungrammatical-sentence": "O"
                }, 
                {
                    "annotator-id": "15_A", 
                    "breakdown": "O", 
                    "comment": "", 
                    "ungrammatical-sentence": "O"
                }
            ], 
            "speaker": "S", 
            "time": "2014-08-30 20:56:08", 
            "turn-index": 8, 
            "utterance": "暖房が効きますか？？"
        }, 
        {
            "annotations": [], 
            "speaker": "U", 
            "time": "2014-08-30 20:56:40", 
            "turn-index": 9, 
            "utterance": "寒い冬場にはバッチリです。効きすぎて二酸化炭素濃度が問題視されていたりします。"
        }, 
        {
            "annotations": [
                {
                    "annotator-id": "04_C", 
                    "breakdown": "O", 
                    "comment": "", 
                    "ungrammatical-sentence": "O"
                }, 
                {
                    "annotator-id": "11_A", 
                    "breakdown": "O", 
                    "comment": "", 
                    "ungrammatical-sentence": "O"
                }, 
                {
                    "annotator-id": "15_A", 
                    "breakdown": "O", 
                    "comment": "", 
                    "ungrammatical-sentence": "O"
                }
            ], 
            "speaker": "S", 
            "time": "2014-08-30 20:56:40", 
            "turn-index": 10, 
            "utterance": "暖房はいいですね"
        }, 
        {
            "annotations": [], 
            "speaker": "U", 
            "time": "2014-08-30 20:57:13", 
            "turn-index": 11, 
            "utterance": "私の部屋では高性能のパソコンが暖房代わりになってます。"
        }, 
        {
            "annotations": [
                {
                    "annotator-id": "04_C", 
                    "breakdown": "O", 
                    "comment": "", 
                    "ungrammatical-sentence": "O"
                }, 
                {
                    "annotator-id": "11_A", 
                    "breakdown": "O", 
                    "comment": "", 
                    "ungrammatical-sentence": "O"
                }, 
                {
                    "annotator-id": "15_A", 
                    "breakdown": "O", 
                    "comment": "", 
                    "ungrammatical-sentence": "O"
                }
            ], 
            "speaker": "S", 
            "time": "2014-08-30 20:57:13", 
            "turn-index": 12, 
            "utterance": "暖房はほどほどがいいですね"
        }, 
        {
            "annotations": [], 
            "speaker": "U", 
            "time": "2014-08-30 20:57:35", 
            "turn-index": 13, 
            "utterance": "暑いと頭がボーっとしますからね。仕事中は眠気も襲ってきて大変です"
        }, 
        {
            "annotations": [
                {
                    "annotator-id": "04_C", 
                    "breakdown": "O", 
                    "comment": "", 
                    "ungrammatical-sentence": "O"
                }, 
                {
                    "annotator-id": "11_A", 
                    "breakdown": "T", 
                    "comment": "文脈的におかしい応答", 
                    "ungrammatical-sentence": "X"
                }, 
                {
                    "annotator-id": "15_A", 
                    "breakdown": "T", 
                    "comment": "今までは良いと言ってきたのに、必要ないと言い出す矛盾", 
                    "ungrammatical-sentence": "O"
                }
            ], 
            "speaker": "S", 
            "time": "2014-08-30 20:57:35", 
            "turn-index": 14, 
            "utterance": "暖房は必要ないですよねー"
        }, 
        {
            "annotations": [], 
            "speaker": "U", 
            "time": "2014-08-30 20:58:01", 
            "turn-index": 15, 
            "utterance": "さすがに無いと困りますが、ほどほどが一番です"
        }, 
        {
            "annotations": [
                {
                    "annotator-id": "04_C", 
                    "breakdown": "O", 
                    "comment": "", 
                    "ungrammatical-sentence": "O"
                }, 
                {
                    "annotator-id": "11_A", 
                    "breakdown": "O", 
                    "comment": "", 
                    "ungrammatical-sentence": "O"
                }, 
                {
                    "annotator-id": "15_A", 
                    "breakdown": "O", 
                    "comment": "", 
                    "ungrammatical-sentence": "O"
                }
            ], 
            "speaker": "S", 
            "time": "2014-08-30 20:58:01", 
            "turn-index": 16, 
            "utterance": "ほどほどが出来ませんよねー"
        }, 
        {
            "annotations": [], 
            "speaker": "U", 
            "time": "2014-08-30 20:58:30", 
            "turn-index": 17, 
            "utterance": "昔の暖房器具だと温度調整が難しいかもしれません。最近の暖房器具は自動で調整してくれたりと、便利になっていると思います"
        }, 
        {
            "annotations": [
                {
                    "annotator-id": "04_C", 
                    "breakdown": "O", 
                    "comment": "", 
                    "ungrammatical-sentence": "O"
                }, 
                {
                    "annotator-id": "11_A", 
                    "breakdown": "O", 
                    "comment": "", 
                    "ungrammatical-sentence": "O"
                }, 
                {
                    "annotator-id": "15_A", 
                    "breakdown": "T", 
                    "comment": "ユーザは、最近のものはほどほども可能なことを説明している", 
                    "ungrammatical-sentence": "O"
                }
            ], 
            "speaker": "S", 
            "time": "2014-08-30 20:58:30", 
            "turn-index": 18, 
            "utterance": "ほどほどで諦めますよねえ"
        }, 
        {
            "annotations": [], 
            "speaker": "U", 
            "time": "2014-08-30 20:58:48", 
            "turn-index": 19, 
            "utterance": "体調管理にかかわりますので諦めてはいけないと思いますよ"
        }, 
        {
            "annotations": [
                {
                    "annotator-id": "04_C", 
                    "breakdown": "O", 
                    "comment": "", 
                    "ungrammatical-sentence": "O"
                }, 
                {
                    "annotator-id": "11_A", 
                    "breakdown": "O", 
                    "comment": "", 
                    "ungrammatical-sentence": "O"
                }, 
                {
                    "annotator-id": "15_A", 
                    "breakdown": "O", 
                    "comment": "", 
                    "ungrammatical-sentence": "O"
                }
            ], 
            "speaker": "S", 
            "time": "2014-08-30 20:58:48", 
            "turn-index": 20, 
            "utterance": "ほどほどは難しいです"
        }
    ]
}