{
    "dialogue-id": "1409037837", 
    "group-id": "subset_c", 
    "speaker-id": "07_05", 
    "turns": [
        {
            "annotations": [
                {
                    "annotator-id": "04_B", 
                    "breakdown": "O", 
                    "comment": "", 
                    "ungrammatical-sentence": "O"
                }, 
                {
                    "annotator-id": "06_A", 
                    "breakdown": "O", 
                    "comment": "", 
                    "ungrammatical-sentence": "O"
                }
            ], 
            "speaker": "S", 
            "time": "2014-08-26 16:18:44", 
            "turn-index": 0, 
            "utterance": "こんにちは。ちょうど退屈してたんだ。"
        }, 
        {
            "annotations": [], 
            "speaker": "U", 
            "time": "2014-08-26 16:19:27", 
            "turn-index": 1, 
            "utterance": "こんにちは．ちょうど僕も退屈してたんだ．"
        }, 
        {
            "annotations": [
                {
                    "annotator-id": "04_B", 
                    "breakdown": "O", 
                    "comment": "", 
                    "ungrammatical-sentence": "O"
                }, 
                {
                    "annotator-id": "06_A", 
                    "breakdown": "O", 
                    "comment": "", 
                    "ungrammatical-sentence": "O"
                }
            ], 
            "speaker": "S", 
            "time": "2014-08-26 16:19:27", 
            "turn-index": 2, 
            "utterance": "退屈は嫌か"
        }, 
        {
            "annotations": [], 
            "speaker": "U", 
            "time": "2014-08-26 16:19:44", 
            "turn-index": 3, 
            "utterance": "嫌だね．楽しいことをしたいな．"
        }, 
        {
            "annotations": [
                {
                    "annotator-id": "04_B", 
                    "breakdown": "O", 
                    "comment": "", 
                    "ungrammatical-sentence": "O"
                }, 
                {
                    "annotator-id": "06_A", 
                    "breakdown": "O", 
                    "comment": "", 
                    "ungrammatical-sentence": "O"
                }
            ], 
            "speaker": "S", 
            "time": "2014-08-26 16:19:44", 
            "turn-index": 4, 
            "utterance": "退屈でしかたないですか"
        }, 
        {
            "annotations": [], 
            "speaker": "U", 
            "time": "2014-08-26 16:19:54", 
            "turn-index": 5, 
            "utterance": "そうでもないかな．"
        }, 
        {
            "annotations": [
                {
                    "annotator-id": "04_B", 
                    "breakdown": "O", 
                    "comment": "", 
                    "ungrammatical-sentence": "O"
                }, 
                {
                    "annotator-id": "06_A", 
                    "breakdown": "O", 
                    "comment": "", 
                    "ungrammatical-sentence": "O"
                }
            ], 
            "speaker": "S", 
            "time": "2014-08-26 16:19:54", 
            "turn-index": 6, 
            "utterance": "退屈を嫌いますか？"
        }, 
        {
            "annotations": [], 
            "speaker": "U", 
            "time": "2014-08-26 16:20:10", 
            "turn-index": 7, 
            "utterance": "一旦退屈から離れようよ．"
        }, 
        {
            "annotations": [
                {
                    "annotator-id": "04_B", 
                    "breakdown": "O", 
                    "comment": "", 
                    "ungrammatical-sentence": "O"
                }, 
                {
                    "annotator-id": "06_A", 
                    "breakdown": "T", 
                    "comment": "", 
                    "ungrammatical-sentence": "O"
                }
            ], 
            "speaker": "S", 
            "time": "2014-08-26 16:20:10", 
            "turn-index": 8, 
            "utterance": "退屈は心の哲学ですね"
        }, 
        {
            "annotations": [], 
            "speaker": "U", 
            "time": "2014-08-26 16:21:17", 
            "turn-index": 9, 
            "utterance": "哲学と言えば，ソクラテスについてどう思いますか？"
        }, 
        {
            "annotations": [
                {
                    "annotator-id": "04_B", 
                    "breakdown": "O", 
                    "comment": "", 
                    "ungrammatical-sentence": "O"
                }, 
                {
                    "annotator-id": "06_A", 
                    "breakdown": "O", 
                    "comment": "", 
                    "ungrammatical-sentence": "O"
                }
            ], 
            "speaker": "S", 
            "time": "2014-08-26 16:21:17", 
            "turn-index": 10, 
            "utterance": "ソクラテスの弁明面白いなぁ"
        }, 
        {
            "annotations": [], 
            "speaker": "U", 
            "time": "2014-08-26 16:21:33", 
            "turn-index": 11, 
            "utterance": "ソクラテスの弁明とは何ですか？"
        }, 
        {
            "annotations": [
                {
                    "annotator-id": "04_B", 
                    "breakdown": "T", 
                    "comment": "Uの質問の答えになっていない", 
                    "ungrammatical-sentence": "O"
                }, 
                {
                    "annotator-id": "06_A", 
                    "breakdown": "O", 
                    "comment": "", 
                    "ungrammatical-sentence": "O"
                }
            ], 
            "speaker": "S", 
            "time": "2014-08-26 16:21:33", 
            "turn-index": 12, 
            "utterance": "ソクラテスが言います"
        }, 
        {
            "annotations": [], 
            "speaker": "U", 
            "time": "2014-08-26 16:21:56", 
            "turn-index": 13, 
            "utterance": "そうですか．それの何がおもしろいんですか？"
        }, 
        {
            "annotations": [
                {
                    "annotator-id": "04_B", 
                    "breakdown": "X", 
                    "comment": "", 
                    "ungrammatical-sentence": "X"
                }, 
                {
                    "annotator-id": "06_A", 
                    "breakdown": "T", 
                    "comment": "", 
                    "ungrammatical-sentence": "O"
                }
            ], 
            "speaker": "S", 
            "time": "2014-08-26 16:21:56", 
            "turn-index": 14, 
            "utterance": "ソクラテスを知ります"
        }, 
        {
            "annotations": [], 
            "speaker": "U", 
            "time": "2014-08-26 16:22:49", 
            "turn-index": 15, 
            "utterance": "今日はカレーが食べたいなぁ．"
        }, 
        {
            "annotations": [
                {
                    "annotator-id": "04_B", 
                    "breakdown": "T", 
                    "comment": "既にカレーの話題になっているので「カレーは」であって欲しい", 
                    "ungrammatical-sentence": "O"
                }, 
                {
                    "annotator-id": "06_A", 
                    "breakdown": "O", 
                    "comment": "", 
                    "ungrammatical-sentence": "O"
                }
            ], 
            "speaker": "S", 
            "time": "2014-08-26 16:22:49", 
            "turn-index": 16, 
            "utterance": "カレーが余りますよねー"
        }, 
        {
            "annotations": [], 
            "speaker": "U", 
            "time": "2014-08-26 16:23:14", 
            "turn-index": 17, 
            "utterance": "確かに余ることはよくありますね．"
        }, 
        {
            "annotations": [
                {
                    "annotator-id": "04_B", 
                    "breakdown": "O", 
                    "comment": "", 
                    "ungrammatical-sentence": "O"
                }, 
                {
                    "annotator-id": "06_A", 
                    "breakdown": "O", 
                    "comment": "", 
                    "ungrammatical-sentence": "O"
                }
            ], 
            "speaker": "S", 
            "time": "2014-08-26 16:23:14", 
            "turn-index": 18, 
            "utterance": "カレーはココイチで食べます"
        }, 
        {
            "annotations": [], 
            "speaker": "U", 
            "time": "2014-08-26 16:23:51", 
            "turn-index": 19, 
            "utterance": "ココイチいいですね．僕もよく行きますよ．"
        }, 
        {
            "annotations": [
                {
                    "annotator-id": "04_B", 
                    "breakdown": "O", 
                    "comment": "", 
                    "ungrammatical-sentence": "O"
                }, 
                {
                    "annotator-id": "06_A", 
                    "breakdown": "O", 
                    "comment": "", 
                    "ungrammatical-sentence": "O"
                }
            ], 
            "speaker": "S", 
            "time": "2014-08-26 16:23:51", 
            "turn-index": 20, 
            "utterance": "カレーを食します"
        }
    ]
}