{
    "dialogue-id": "1409122506", 
    "group-id": "subset_j", 
    "speaker-id": "08_11", 
    "turns": [
        {
            "annotations": [
                {
                    "annotator-id": "06_B", 
                    "breakdown": "O", 
                    "comment": "", 
                    "ungrammatical-sentence": "O"
                }, 
                {
                    "annotator-id": "14_A", 
                    "breakdown": "O", 
                    "comment": "", 
                    "ungrammatical-sentence": "O"
                }, 
                {
                    "annotator-id": "14_B", 
                    "breakdown": "O", 
                    "comment": "", 
                    "ungrammatical-sentence": "O"
                }
            ], 
            "speaker": "S", 
            "time": "2014-08-27 15:51:45", 
            "turn-index": 0, 
            "utterance": "こんにちはー。気軽に声かけてね。"
        }, 
        {
            "annotations": [], 
            "speaker": "U", 
            "time": "2014-08-27 15:52:02", 
            "turn-index": 1, 
            "utterance": "こんにちはー。最近どう？"
        }, 
        {
            "annotations": [
                {
                    "annotator-id": "06_B", 
                    "breakdown": "T", 
                    "comment": "", 
                    "ungrammatical-sentence": "O"
                }, 
                {
                    "annotator-id": "14_A", 
                    "breakdown": "O", 
                    "comment": "", 
                    "ungrammatical-sentence": "O"
                }, 
                {
                    "annotator-id": "14_B", 
                    "breakdown": "O", 
                    "comment": "", 
                    "ungrammatical-sentence": "O"
                }
            ], 
            "speaker": "S", 
            "time": "2014-08-27 15:52:02", 
            "turn-index": 2, 
            "utterance": "何かペットを飼っていますか？飼っていましたか？"
        }, 
        {
            "annotations": [], 
            "speaker": "U", 
            "time": "2014-08-27 15:52:13", 
            "turn-index": 3, 
            "utterance": "犬を飼っています。"
        }, 
        {
            "annotations": [
                {
                    "annotator-id": "06_B", 
                    "breakdown": "T", 
                    "comment": "", 
                    "ungrammatical-sentence": "O"
                }, 
                {
                    "annotator-id": "14_A", 
                    "breakdown": "O", 
                    "comment": "", 
                    "ungrammatical-sentence": "O"
                }, 
                {
                    "annotator-id": "14_B", 
                    "breakdown": "O", 
                    "comment": "", 
                    "ungrammatical-sentence": "O"
                }
            ], 
            "speaker": "S", 
            "time": "2014-08-27 15:52:13", 
            "turn-index": 4, 
            "utterance": "実家で飼います？？"
        }, 
        {
            "annotations": [], 
            "speaker": "U", 
            "time": "2014-08-27 15:52:21", 
            "turn-index": 5, 
            "utterance": "実家で飼っています。"
        }, 
        {
            "annotations": [
                {
                    "annotator-id": "06_B", 
                    "breakdown": "T", 
                    "comment": "", 
                    "ungrammatical-sentence": "O"
                }, 
                {
                    "annotator-id": "14_A", 
                    "breakdown": "O", 
                    "comment": "", 
                    "ungrammatical-sentence": "O"
                }, 
                {
                    "annotator-id": "14_B", 
                    "breakdown": "O", 
                    "comment": "", 
                    "ungrammatical-sentence": "O"
                }
            ], 
            "speaker": "S", 
            "time": "2014-08-27 15:52:21", 
            "turn-index": 6, 
            "utterance": "実家はサイコーですね"
        }, 
        {
            "annotations": [], 
            "speaker": "U", 
            "time": "2014-08-27 15:52:39", 
            "turn-index": 7, 
            "utterance": "料理が勝手に出てきますね"
        }, 
        {
            "annotations": [
                {
                    "annotator-id": "06_B", 
                    "breakdown": "T", 
                    "comment": "", 
                    "ungrammatical-sentence": "O"
                }, 
                {
                    "annotator-id": "14_A", 
                    "breakdown": "O", 
                    "comment": "", 
                    "ungrammatical-sentence": "O"
                }, 
                {
                    "annotator-id": "14_B", 
                    "breakdown": "O", 
                    "comment": "", 
                    "ungrammatical-sentence": "O"
                }
            ], 
            "speaker": "S", 
            "time": "2014-08-27 15:52:39", 
            "turn-index": 8, 
            "utterance": "料理は素晴らしいですね"
        }, 
        {
            "annotations": [], 
            "speaker": "U", 
            "time": "2014-08-27 15:53:00", 
            "turn-index": 9, 
            "utterance": "料理をするんですか？"
        }, 
        {
            "annotations": [
                {
                    "annotator-id": "06_B", 
                    "breakdown": "O", 
                    "comment": "", 
                    "ungrammatical-sentence": "O"
                }, 
                {
                    "annotator-id": "14_A", 
                    "breakdown": "T", 
                    "comment": "", 
                    "ungrammatical-sentence": "O"
                }, 
                {
                    "annotator-id": "14_B", 
                    "breakdown": "O", 
                    "comment": "", 
                    "ungrammatical-sentence": "O"
                }
            ], 
            "speaker": "S", 
            "time": "2014-08-27 15:53:00", 
            "turn-index": 10, 
            "utterance": "料理は大切です"
        }, 
        {
            "annotations": [], 
            "speaker": "U", 
            "time": "2014-08-27 15:53:22", 
            "turn-index": 11, 
            "utterance": "生きるのに必要ですね"
        }, 
        {
            "annotations": [
                {
                    "annotator-id": "06_B", 
                    "breakdown": "O", 
                    "comment": "", 
                    "ungrammatical-sentence": "O"
                }, 
                {
                    "annotator-id": "14_A", 
                    "breakdown": "O", 
                    "comment": "", 
                    "ungrammatical-sentence": "O"
                }, 
                {
                    "annotator-id": "14_B", 
                    "breakdown": "O", 
                    "comment": "", 
                    "ungrammatical-sentence": "O"
                }
            ], 
            "speaker": "S", 
            "time": "2014-08-27 15:53:22", 
            "turn-index": 12, 
            "utterance": "料理は必要です"
        }, 
        {
            "annotations": [], 
            "speaker": "U", 
            "time": "2014-08-27 15:53:53", 
            "turn-index": 13, 
            "utterance": "何を作りますか？"
        }, 
        {
            "annotations": [
                {
                    "annotator-id": "06_B", 
                    "breakdown": "X", 
                    "comment": "", 
                    "ungrammatical-sentence": "O"
                }, 
                {
                    "annotator-id": "14_A", 
                    "breakdown": "X", 
                    "comment": "", 
                    "ungrammatical-sentence": "O"
                }, 
                {
                    "annotator-id": "14_B", 
                    "breakdown": "T", 
                    "comment": "", 
                    "ungrammatical-sentence": "O"
                }
            ], 
            "speaker": "S", 
            "time": "2014-08-27 15:53:53", 
            "turn-index": 14, 
            "utterance": "料理に欠かせてないかも"
        }, 
        {
            "annotations": [], 
            "speaker": "U", 
            "time": "2014-08-27 15:54:16", 
            "turn-index": 15, 
            "utterance": "醤油は欠かせませんね"
        }, 
        {
            "annotations": [
                {
                    "annotator-id": "06_B", 
                    "breakdown": "T", 
                    "comment": "", 
                    "ungrammatical-sentence": "O"
                }, 
                {
                    "annotator-id": "14_A", 
                    "breakdown": "O", 
                    "comment": "", 
                    "ungrammatical-sentence": "O"
                }, 
                {
                    "annotator-id": "14_B", 
                    "breakdown": "O", 
                    "comment": "", 
                    "ungrammatical-sentence": "O"
                }
            ], 
            "speaker": "S", 
            "time": "2014-08-27 15:54:16", 
            "turn-index": 16, 
            "utterance": "醤油で味をつけるかもしれない"
        }, 
        {
            "annotations": [], 
            "speaker": "U", 
            "time": "2014-08-27 15:54:26", 
            "turn-index": 17, 
            "utterance": "お刺身ですね。"
        }, 
        {
            "annotations": [
                {
                    "annotator-id": "06_B", 
                    "breakdown": "O", 
                    "comment": "", 
                    "ungrammatical-sentence": "O"
                }, 
                {
                    "annotator-id": "14_A", 
                    "breakdown": "O", 
                    "comment": "", 
                    "ungrammatical-sentence": "O"
                }, 
                {
                    "annotator-id": "14_B", 
                    "breakdown": "O", 
                    "comment": "", 
                    "ungrammatical-sentence": "O"
                }
            ], 
            "speaker": "S", 
            "time": "2014-08-27 15:54:26", 
            "turn-index": 18, 
            "utterance": "おさしみ"
        }, 
        {
            "annotations": [], 
            "speaker": "U", 
            "time": "2014-08-27 15:54:58", 
            "turn-index": 19, 
            "utterance": "おいしいですね。"
        }, 
        {
            "annotations": [
                {
                    "annotator-id": "06_B", 
                    "breakdown": "O", 
                    "comment": "", 
                    "ungrammatical-sentence": "O"
                }, 
                {
                    "annotator-id": "14_A", 
                    "breakdown": "O", 
                    "comment": "", 
                    "ungrammatical-sentence": "O"
                }, 
                {
                    "annotator-id": "14_B", 
                    "breakdown": "O", 
                    "comment": "", 
                    "ungrammatical-sentence": "O"
                }
            ], 
            "speaker": "S", 
            "time": "2014-08-27 15:54:58", 
            "turn-index": 20, 
            "utterance": "うまい"
        }
    ]
}