{
    "dialogue-id": "1409216810", 
    "group-id": "subset_a", 
    "speaker-id": "04_07", 
    "turns": [
        {
            "annotations": [
                {
                    "annotator-id": "01_A", 
                    "breakdown": "O", 
                    "comment": "", 
                    "ungrammatical-sentence": "O"
                }, 
                {
                    "annotator-id": "02_B", 
                    "breakdown": "O", 
                    "comment": "", 
                    "ungrammatical-sentence": "O"
                }
            ], 
            "speaker": "S", 
            "time": "2014-08-28 18:03:52", 
            "turn-index": 0, 
            "utterance": "こんばんは。ちょうど退屈してたんだ。"
        }, 
        {
            "annotations": [], 
            "speaker": "U", 
            "time": "2014-08-28 18:04:24", 
            "turn-index": 1, 
            "utterance": "退屈しのぎにはいいかもね"
        }, 
        {
            "annotations": [
                {
                    "annotator-id": "01_A", 
                    "breakdown": "T", 
                    "comment": "発話の意図がわからない", 
                    "ungrammatical-sentence": "O"
                }, 
                {
                    "annotator-id": "02_B", 
                    "breakdown": "O", 
                    "comment": "", 
                    "ungrammatical-sentence": "O"
                }
            ], 
            "speaker": "S", 
            "time": "2014-08-28 18:04:24", 
            "turn-index": 2, 
            "utterance": "退屈は心ですね"
        }, 
        {
            "annotations": [], 
            "speaker": "U", 
            "time": "2014-08-28 18:04:33", 
            "turn-index": 3, 
            "utterance": "またそれかよ"
        }, 
        {
            "annotations": [
                {
                    "annotator-id": "01_A", 
                    "breakdown": "O", 
                    "comment": "", 
                    "ungrammatical-sentence": "O"
                }, 
                {
                    "annotator-id": "02_B", 
                    "breakdown": "O", 
                    "comment": "", 
                    "ungrammatical-sentence": "O"
                }
            ], 
            "speaker": "S", 
            "time": "2014-08-28 18:04:33", 
            "turn-index": 4, 
            "utterance": "退屈でしかたないですか"
        }, 
        {
            "annotations": [], 
            "speaker": "U", 
            "time": "2014-08-28 18:04:53", 
            "turn-index": 5, 
            "utterance": "そんなことはないよ．あなたは退屈でしかたないですか？"
        }, 
        {
            "annotations": [
                {
                    "annotator-id": "01_A", 
                    "breakdown": "O", 
                    "comment": "", 
                    "ungrammatical-sentence": "O"
                }, 
                {
                    "annotator-id": "02_B", 
                    "breakdown": "O", 
                    "comment": "", 
                    "ungrammatical-sentence": "O"
                }
            ], 
            "speaker": "S", 
            "time": "2014-08-28 18:04:53", 
            "turn-index": 6, 
            "utterance": "退屈は嫌です"
        }, 
        {
            "annotations": [], 
            "speaker": "U", 
            "time": "2014-08-28 18:05:37", 
            "turn-index": 7, 
            "utterance": "そうだね．今日は天気が悪いね．涼しいけど．"
        }, 
        {
            "annotations": [
                {
                    "annotator-id": "01_A", 
                    "breakdown": "O", 
                    "comment": "", 
                    "ungrammatical-sentence": "O"
                }, 
                {
                    "annotator-id": "02_B", 
                    "breakdown": "O", 
                    "comment": "", 
                    "ungrammatical-sentence": "O"
                }
            ], 
            "speaker": "S", 
            "time": "2014-08-28 18:05:37", 
            "turn-index": 8, 
            "utterance": "気持ちがいいです"
        }, 
        {
            "annotations": [], 
            "speaker": "U", 
            "time": "2014-08-28 18:05:47", 
            "turn-index": 9, 
            "utterance": "雨は好き？"
        }, 
        {
            "annotations": [
                {
                    "annotator-id": "01_A", 
                    "breakdown": "O", 
                    "comment": "", 
                    "ungrammatical-sentence": "O"
                }, 
                {
                    "annotator-id": "02_B", 
                    "breakdown": "O", 
                    "comment": "", 
                    "ungrammatical-sentence": "O"
                }
            ], 
            "speaker": "S", 
            "time": "2014-08-28 18:05:47", 
            "turn-index": 10, 
            "utterance": "雨は欲しいですね"
        }, 
        {
            "annotations": [], 
            "speaker": "U", 
            "time": "2014-08-28 18:05:52", 
            "turn-index": 11, 
            "utterance": "どうして？"
        }, 
        {
            "annotations": [
                {
                    "annotator-id": "01_A", 
                    "breakdown": "O", 
                    "comment": "", 
                    "ungrammatical-sentence": "O"
                }, 
                {
                    "annotator-id": "02_B", 
                    "breakdown": "O", 
                    "comment": "", 
                    "ungrammatical-sentence": "O"
                }
            ], 
            "speaker": "S", 
            "time": "2014-08-28 18:05:52", 
            "turn-index": 12, 
            "utterance": "いろいろ"
        }, 
        {
            "annotations": [], 
            "speaker": "U", 
            "time": "2014-08-28 18:06:02", 
            "turn-index": 13, 
            "utterance": "諸事情あるのですね"
        }, 
        {
            "annotations": [
                {
                    "annotator-id": "01_A", 
                    "breakdown": "O", 
                    "comment": "", 
                    "ungrammatical-sentence": "O"
                }, 
                {
                    "annotator-id": "02_B", 
                    "breakdown": "T", 
                    "comment": "", 
                    "ungrammatical-sentence": "O"
                }
            ], 
            "speaker": "S", 
            "time": "2014-08-28 18:06:02", 
            "turn-index": 14, 
            "utterance": "雨は眠いです"
        }, 
        {
            "annotations": [], 
            "speaker": "U", 
            "time": "2014-08-28 18:06:11", 
            "turn-index": 15, 
            "utterance": "寝るの好き？"
        }, 
        {
            "annotations": [
                {
                    "annotator-id": "01_A", 
                    "breakdown": "X", 
                    "comment": "前の質問に答えられておらず、日本語がおかしい", 
                    "ungrammatical-sentence": "O"
                }, 
                {
                    "annotator-id": "02_B", 
                    "breakdown": "T", 
                    "comment": "", 
                    "ungrammatical-sentence": "O"
                }
            ], 
            "speaker": "S", 
            "time": "2014-08-28 18:06:11", 
            "turn-index": 16, 
            "utterance": "雨は得意ですね"
        }, 
        {
            "annotations": [], 
            "speaker": "U", 
            "time": "2014-08-28 18:06:33", 
            "turn-index": 17, 
            "utterance": "晴れの日は嫌い？暑い？"
        }, 
        {
            "annotations": [
                {
                    "annotator-id": "01_A", 
                    "breakdown": "T", 
                    "comment": "前の質問に答えられていない", 
                    "ungrammatical-sentence": "O"
                }, 
                {
                    "annotator-id": "02_B", 
                    "breakdown": "O", 
                    "comment": "", 
                    "ungrammatical-sentence": "O"
                }
            ], 
            "speaker": "S", 
            "time": "2014-08-28 18:06:33", 
            "turn-index": 18, 
            "utterance": "晴れの日がいいですね"
        }, 
        {
            "annotations": [], 
            "speaker": "U", 
            "time": "2014-08-28 18:06:47", 
            "turn-index": 19, 
            "utterance": "そうなんだ．どっちが好き？"
        }, 
        {
            "annotations": [
                {
                    "annotator-id": "01_A", 
                    "breakdown": "T", 
                    "comment": "前の質問に答えられていない", 
                    "ungrammatical-sentence": "O"
                }, 
                {
                    "annotator-id": "02_B", 
                    "breakdown": "O", 
                    "comment": "", 
                    "ungrammatical-sentence": "O"
                }
            ], 
            "speaker": "S", 
            "time": "2014-08-28 18:06:47", 
            "turn-index": 20, 
            "utterance": "晴れの日は欲しいですね"
        }
    ]
}