{
    "dialogue-id": "1409287364", 
    "group-id": "subset_e", 
    "speaker-id": "12_12", 
    "turns": [
        {
            "annotations": [
                {
                    "annotator-id": "05_B", 
                    "breakdown": "O", 
                    "comment": "", 
                    "ungrammatical-sentence": "O"
                }, 
                {
                    "annotator-id": "08_B", 
                    "breakdown": "O", 
                    "comment": "", 
                    "ungrammatical-sentence": "O"
                }
            ], 
            "speaker": "S", 
            "time": "2014-08-29 13:31:13", 
            "turn-index": 0, 
            "utterance": "こんにちはー。声かけてくれるのを待ってたんだ。"
        }, 
        {
            "annotations": [], 
            "speaker": "U", 
            "time": "2014-08-29 13:38:35", 
            "turn-index": 1, 
            "utterance": "どうも。もう8月が終わるね。"
        }, 
        {
            "annotations": [
                {
                    "annotator-id": "05_B", 
                    "breakdown": "O", 
                    "comment": "", 
                    "ungrammatical-sentence": "O"
                }, 
                {
                    "annotator-id": "08_B", 
                    "breakdown": "O", 
                    "comment": "", 
                    "ungrammatical-sentence": "O"
                }
            ], 
            "speaker": "S", 
            "time": "2014-08-29 13:38:35", 
            "turn-index": 2, 
            "utterance": "これからの旅行の予定か、思い出に残っている旅行を教えて下さい！"
        }, 
        {
            "annotations": [], 
            "speaker": "U", 
            "time": "2014-08-29 13:38:54", 
            "turn-index": 3, 
            "utterance": "10月ぐらいに旅行に行くかもしれない。"
        }, 
        {
            "annotations": [
                {
                    "annotator-id": "05_B", 
                    "breakdown": "T", 
                    "comment": "急に話題が変わっている", 
                    "ungrammatical-sentence": "O"
                }, 
                {
                    "annotator-id": "08_B", 
                    "breakdown": "O", 
                    "comment": "", 
                    "ungrammatical-sentence": "O"
                }
            ], 
            "speaker": "S", 
            "time": "2014-08-29 13:38:54", 
            "turn-index": 4, 
            "utterance": "今日のお昼は何を食べました？"
        }, 
        {
            "annotations": [], 
            "speaker": "U", 
            "time": "2014-08-29 13:39:21", 
            "turn-index": 5, 
            "utterance": "海鮮丼を食べたよ。"
        }, 
        {
            "annotations": [
                {
                    "annotator-id": "05_B", 
                    "breakdown": "T", 
                    "comment": "場所を特定できるような要素がない", 
                    "ungrammatical-sentence": "O"
                }, 
                {
                    "annotator-id": "08_B", 
                    "breakdown": "O", 
                    "comment": "", 
                    "ungrammatical-sentence": "O"
                }
            ], 
            "speaker": "S", 
            "time": "2014-08-29 13:39:21", 
            "turn-index": 6, 
            "utterance": "沼津で食べるんですか？"
        }, 
        {
            "annotations": [], 
            "speaker": "U", 
            "time": "2014-08-29 13:39:42", 
            "turn-index": 7, 
            "utterance": "会社の近くのお寿司屋さんで食べたんだよ。"
        }, 
        {
            "annotations": [
                {
                    "annotator-id": "05_B", 
                    "breakdown": "X", 
                    "comment": "正しいかどうかを聞いていない", 
                    "ungrammatical-sentence": "O"
                }, 
                {
                    "annotator-id": "08_B", 
                    "breakdown": "T", 
                    "comment": "", 
                    "ungrammatical-sentence": "O"
                }
            ], 
            "speaker": "S", 
            "time": "2014-08-29 13:39:42", 
            "turn-index": 8, 
            "utterance": "会社は正しいですね"
        }, 
        {
            "annotations": [], 
            "speaker": "U", 
            "time": "2014-08-29 13:39:51", 
            "turn-index": 9, 
            "utterance": "そうかなぁ。"
        }, 
        {
            "annotations": [
                {
                    "annotator-id": "05_B", 
                    "breakdown": "O", 
                    "comment": "", 
                    "ungrammatical-sentence": "O"
                }, 
                {
                    "annotator-id": "08_B", 
                    "breakdown": "O", 
                    "comment": "", 
                    "ungrammatical-sentence": "O"
                }
            ], 
            "speaker": "S", 
            "time": "2014-08-29 13:39:51", 
            "turn-index": 10, 
            "utterance": "うん"
        }, 
        {
            "annotations": [], 
            "speaker": "U", 
            "time": "2014-08-29 13:41:40", 
            "turn-index": 11, 
            "utterance": "10月は博多に行こうかと思ってるんだ。"
        }, 
        {
            "annotations": [
                {
                    "annotator-id": "05_B", 
                    "breakdown": "O", 
                    "comment": "", 
                    "ungrammatical-sentence": "O"
                }, 
                {
                    "annotator-id": "08_B", 
                    "breakdown": "O", 
                    "comment": "", 
                    "ungrammatical-sentence": "O"
                }
            ], 
            "speaker": "S", 
            "time": "2014-08-29 13:41:40", 
            "turn-index": 12, 
            "utterance": "博多は食事が美味しいですね"
        }, 
        {
            "annotations": [], 
            "speaker": "U", 
            "time": "2014-08-29 13:42:07", 
            "turn-index": 13, 
            "utterance": "とんこつラーメンを食べたいね。"
        }, 
        {
            "annotations": [
                {
                    "annotator-id": "05_B", 
                    "breakdown": "O", 
                    "comment": "", 
                    "ungrammatical-sentence": "O"
                }, 
                {
                    "annotator-id": "08_B", 
                    "breakdown": "O", 
                    "comment": "", 
                    "ungrammatical-sentence": "O"
                }
            ], 
            "speaker": "S", 
            "time": "2014-08-29 13:42:07", 
            "turn-index": 14, 
            "utterance": "福岡で食べますよねー"
        }, 
        {
            "annotations": [], 
            "speaker": "U", 
            "time": "2014-08-29 13:42:19", 
            "turn-index": 15, 
            "utterance": "やっぱ本場じゃないとね。"
        }, 
        {
            "annotations": [
                {
                    "annotator-id": "05_B", 
                    "breakdown": "T", 
                    "comment": "福岡で話題がなくなっている", 
                    "ungrammatical-sentence": "O"
                }, 
                {
                    "annotator-id": "08_B", 
                    "breakdown": "T", 
                    "comment": "", 
                    "ungrammatical-sentence": "O"
                }
            ], 
            "speaker": "S", 
            "time": "2014-08-29 13:42:19", 
            "turn-index": 16, 
            "utterance": "本場は広島焼きを食べますよねえ"
        }, 
        {
            "annotations": [], 
            "speaker": "U", 
            "time": "2014-08-29 13:42:33", 
            "turn-index": 17, 
            "utterance": "それ博多じゃなくて広島じゃん。"
        }, 
        {
            "annotations": [
                {
                    "annotator-id": "05_B", 
                    "breakdown": "T", 
                    "comment": "話題が「広島焼き」に変わっている", 
                    "ungrammatical-sentence": "O"
                }, 
                {
                    "annotator-id": "08_B", 
                    "breakdown": "O", 
                    "comment": "", 
                    "ungrammatical-sentence": "O"
                }
            ], 
            "speaker": "S", 
            "time": "2014-08-29 13:42:33", 
            "turn-index": 18, 
            "utterance": "広島焼きは美味しいですね"
        }, 
        {
            "annotations": [], 
            "speaker": "U", 
            "time": "2014-08-29 13:42:40", 
            "turn-index": 19, 
            "utterance": "まぁおいしいけど。"
        }, 
        {
            "annotations": [
                {
                    "annotator-id": "05_B", 
                    "breakdown": "O", 
                    "comment": "", 
                    "ungrammatical-sentence": "O"
                }, 
                {
                    "annotator-id": "08_B", 
                    "breakdown": "O", 
                    "comment": "", 
                    "ungrammatical-sentence": "O"
                }
            ], 
            "speaker": "S", 
            "time": "2014-08-29 13:42:40", 
            "turn-index": 20, 
            "utterance": "広島焼きが美味いですね"
        }
    ]
}