{
    "dialogue-id": "1409054325", 
    "group-id": "subset_c", 
    "speaker-id": "11_05", 
    "turns": [
        {
            "annotations": [
                {
                    "annotator-id": "04_B", 
                    "breakdown": "O", 
                    "comment": "", 
                    "ungrammatical-sentence": "O"
                }, 
                {
                    "annotator-id": "06_A", 
                    "breakdown": "O", 
                    "comment": "", 
                    "ungrammatical-sentence": "O"
                }
            ], 
            "speaker": "S", 
            "time": "2014-08-26 20:56:47", 
            "turn-index": 0, 
            "utterance": "こんばんはー。熱中症に気をつけて。"
        }, 
        {
            "annotations": [], 
            "speaker": "U", 
            "time": "2014-08-26 20:56:54", 
            "turn-index": 1, 
            "utterance": "はろー"
        }, 
        {
            "annotations": [
                {
                    "annotator-id": "04_B", 
                    "breakdown": "O", 
                    "comment": "", 
                    "ungrammatical-sentence": "O"
                }, 
                {
                    "annotator-id": "06_A", 
                    "breakdown": "O", 
                    "comment": "", 
                    "ungrammatical-sentence": "O"
                }
            ], 
            "speaker": "S", 
            "time": "2014-08-26 20:56:54", 
            "turn-index": 2, 
            "utterance": "はろーはろー"
        }, 
        {
            "annotations": [], 
            "speaker": "U", 
            "time": "2014-08-26 20:57:02", 
            "turn-index": 3, 
            "utterance": "あろ＝ん"
        }, 
        {
            "annotations": [
                {
                    "annotator-id": "04_B", 
                    "breakdown": "T", 
                    "comment": "", 
                    "ungrammatical-sentence": "O"
                }, 
                {
                    "annotator-id": "06_A", 
                    "breakdown": "O", 
                    "comment": "", 
                    "ungrammatical-sentence": "O"
                }
            ], 
            "speaker": "S", 
            "time": "2014-08-26 20:57:02", 
            "turn-index": 4, 
            "utterance": "大好きです"
        }, 
        {
            "annotations": [], 
            "speaker": "U", 
            "time": "2014-08-26 20:57:16", 
            "turn-index": 5, 
            "utterance": "マジで！？付き合う？"
        }, 
        {
            "annotations": [
                {
                    "annotator-id": "04_B", 
                    "breakdown": "O", 
                    "comment": "", 
                    "ungrammatical-sentence": "O"
                }, 
                {
                    "annotator-id": "06_A", 
                    "breakdown": "O", 
                    "comment": "", 
                    "ungrammatical-sentence": "O"
                }
            ], 
            "speaker": "S", 
            "time": "2014-08-26 20:57:16", 
            "turn-index": 6, 
            "utterance": "わかります"
        }, 
        {
            "annotations": [], 
            "speaker": "U", 
            "time": "2014-08-26 20:57:30", 
            "turn-index": 7, 
            "utterance": "僕の気持ちが？"
        }, 
        {
            "annotations": [
                {
                    "annotator-id": "04_B", 
                    "breakdown": "T", 
                    "comment": "", 
                    "ungrammatical-sentence": "O"
                }, 
                {
                    "annotator-id": "06_A", 
                    "breakdown": "O", 
                    "comment": "", 
                    "ungrammatical-sentence": "O"
                }
            ], 
            "speaker": "S", 
            "time": "2014-08-26 20:57:30", 
            "turn-index": 8, 
            "utterance": "そうですよね。。"
        }, 
        {
            "annotations": [], 
            "speaker": "U", 
            "time": "2014-08-26 20:57:44", 
            "turn-index": 9, 
            "utterance": "以心伝心じゃん！"
        }, 
        {
            "annotations": [
                {
                    "annotator-id": "04_B", 
                    "breakdown": "T", 
                    "comment": "", 
                    "ungrammatical-sentence": "O"
                }, 
                {
                    "annotator-id": "06_A", 
                    "breakdown": "O", 
                    "comment": "", 
                    "ungrammatical-sentence": "O"
                }
            ], 
            "speaker": "S", 
            "time": "2014-08-26 20:57:44", 
            "turn-index": 10, 
            "utterance": "以心伝心を表しますよねえ"
        }, 
        {
            "annotations": [], 
            "speaker": "U", 
            "time": "2014-08-26 20:57:57", 
            "turn-index": 11, 
            "utterance": "これはもう付き合うしかない"
        }, 
        {
            "annotations": [
                {
                    "annotator-id": "04_B", 
                    "breakdown": "X", 
                    "comment": "", 
                    "ungrammatical-sentence": "X"
                }, 
                {
                    "annotator-id": "06_A", 
                    "breakdown": "T", 
                    "comment": "", 
                    "ungrammatical-sentence": "O"
                }
            ], 
            "speaker": "S", 
            "time": "2014-08-26 20:57:57", 
            "turn-index": 12, 
            "utterance": "以心伝心に行きますよねー"
        }, 
        {
            "annotations": [], 
            "speaker": "U", 
            "time": "2014-08-26 20:58:06", 
            "turn-index": 13, 
            "utterance": "どこだよ！"
        }, 
        {
            "annotations": [
                {
                    "annotator-id": "04_B", 
                    "breakdown": "O", 
                    "comment": "", 
                    "ungrammatical-sentence": "O"
                }, 
                {
                    "annotator-id": "06_A", 
                    "breakdown": "T", 
                    "comment": "", 
                    "ungrammatical-sentence": "O"
                }
            ], 
            "speaker": "S", 
            "time": "2014-08-26 20:58:06", 
            "turn-index": 14, 
            "utterance": "全て"
        }, 
        {
            "annotations": [], 
            "speaker": "U", 
            "time": "2014-08-26 20:58:19", 
            "turn-index": 15, 
            "utterance": "哲学っぽい"
        }, 
        {
            "annotations": [
                {
                    "annotator-id": "04_B", 
                    "breakdown": "X", 
                    "comment": "", 
                    "ungrammatical-sentence": "X"
                }, 
                {
                    "annotator-id": "06_A", 
                    "breakdown": "X", 
                    "comment": "", 
                    "ungrammatical-sentence": "O"
                }
            ], 
            "speaker": "S", 
            "time": "2014-08-26 20:58:19", 
            "turn-index": 16, 
            "utterance": "以心伝心に行くのです"
        }, 
        {
            "annotations": [], 
            "speaker": "U", 
            "time": "2014-08-26 20:58:31", 
            "turn-index": 17, 
            "utterance": "境地みたいな"
        }, 
        {
            "annotations": [
                {
                    "annotator-id": "04_B", 
                    "breakdown": "T", 
                    "comment": "", 
                    "ungrammatical-sentence": "O"
                }, 
                {
                    "annotator-id": "06_A", 
                    "breakdown": "X", 
                    "comment": "", 
                    "ungrammatical-sentence": "O"
                }
            ], 
            "speaker": "S", 
            "time": "2014-08-26 20:58:31", 
            "turn-index": 18, 
            "utterance": "涅槃の境地への道はつらく厳しいものなのですね。"
        }, 
        {
            "annotations": [], 
            "speaker": "U", 
            "time": "2014-08-26 20:58:42", 
            "turn-index": 19, 
            "utterance": "よ、読めない"
        }, 
        {
            "annotations": [
                {
                    "annotator-id": "04_B", 
                    "breakdown": "T", 
                    "comment": "", 
                    "ungrammatical-sentence": "O"
                }, 
                {
                    "annotator-id": "06_A", 
                    "breakdown": "X", 
                    "comment": "", 
                    "ungrammatical-sentence": "O"
                }
            ], 
            "speaker": "S", 
            "time": "2014-08-26 20:58:42", 
            "turn-index": 20, 
            "utterance": "難しい質問ですね。"
        }
    ]
}