{
    "dialogue-id": "1409191898", 
    "group-id": "subset_h", 
    "speaker-id": "07_09", 
    "turns": [
        {
            "annotations": [
                {
                    "annotator-id": "10_A", 
                    "breakdown": "O", 
                    "comment": "", 
                    "ungrammatical-sentence": "O"
                }, 
                {
                    "annotator-id": "13_A", 
                    "breakdown": "O", 
                    "comment": "", 
                    "ungrammatical-sentence": "O"
                }
            ], 
            "speaker": "S", 
            "time": "2014-08-28 11:06:18", 
            "turn-index": 0, 
            "utterance": "こんにちは。夏といえばスイカだね。"
        }, 
        {
            "annotations": [], 
            "speaker": "U", 
            "time": "2014-08-28 11:06:33", 
            "turn-index": 1, 
            "utterance": "スイカは美味しいね。"
        }, 
        {
            "annotations": [
                {
                    "annotator-id": "10_A", 
                    "breakdown": "T", 
                    "comment": "", 
                    "ungrammatical-sentence": "O"
                }, 
                {
                    "annotator-id": "13_A", 
                    "breakdown": "T", 
                    "comment": "何が？", 
                    "ungrammatical-sentence": "O"
                }
            ], 
            "speaker": "S", 
            "time": "2014-08-28 11:06:33", 
            "turn-index": 2, 
            "utterance": "スイカで有名ですね"
        }, 
        {
            "annotations": [], 
            "speaker": "U", 
            "time": "2014-08-28 11:08:07", 
            "turn-index": 3, 
            "utterance": "夏には欠かせないね。"
        }, 
        {
            "annotations": [
                {
                    "annotator-id": "10_A", 
                    "breakdown": "O", 
                    "comment": "", 
                    "ungrammatical-sentence": "O"
                }, 
                {
                    "annotator-id": "13_A", 
                    "breakdown": "O", 
                    "comment": "", 
                    "ungrammatical-sentence": "O"
                }
            ], 
            "speaker": "S", 
            "time": "2014-08-28 11:08:07", 
            "turn-index": 4, 
            "utterance": "スイカはすごいですよねー"
        }, 
        {
            "annotations": [], 
            "speaker": "U", 
            "time": "2014-08-28 11:08:38", 
            "turn-index": 5, 
            "utterance": "食べたら疲れが吹っ飛ぶね"
        }, 
        {
            "annotations": [
                {
                    "annotator-id": "10_A", 
                    "breakdown": "X", 
                    "comment": "", 
                    "ungrammatical-sentence": "O"
                }, 
                {
                    "annotator-id": "13_A", 
                    "breakdown": "T", 
                    "comment": "何故ここだけ否定的？", 
                    "ungrammatical-sentence": "O"
                }
            ], 
            "speaker": "S", 
            "time": "2014-08-28 11:08:38", 
            "turn-index": 6, 
            "utterance": "スイカはマズいです"
        }, 
        {
            "annotations": [], 
            "speaker": "U", 
            "time": "2014-08-28 11:08:59", 
            "turn-index": 7, 
            "utterance": "スイカは嫌いなんですか？"
        }, 
        {
            "annotations": [
                {
                    "annotator-id": "10_A", 
                    "breakdown": "X", 
                    "comment": "", 
                    "ungrammatical-sentence": "X"
                }, 
                {
                    "annotator-id": "13_A", 
                    "breakdown": "T", 
                    "comment": "意味が分からない", 
                    "ungrammatical-sentence": "X"
                }
            ], 
            "speaker": "S", 
            "time": "2014-08-28 11:08:59", 
            "turn-index": 8, 
            "utterance": "スイカは面白ようです"
        }, 
        {
            "annotations": [], 
            "speaker": "U", 
            "time": "2014-08-28 11:09:18", 
            "turn-index": 9, 
            "utterance": "どこが面白いの？"
        }, 
        {
            "annotations": [
                {
                    "annotator-id": "10_A", 
                    "breakdown": "X", 
                    "comment": "", 
                    "ungrammatical-sentence": "O"
                }, 
                {
                    "annotator-id": "13_A", 
                    "breakdown": "O", 
                    "comment": "", 
                    "ungrammatical-sentence": "O"
                }
            ], 
            "speaker": "S", 
            "time": "2014-08-28 11:09:18", 
            "turn-index": 10, 
            "utterance": "塩をかけないんです"
        }, 
        {
            "annotations": [], 
            "speaker": "U", 
            "time": "2014-08-28 11:09:39", 
            "turn-index": 11, 
            "utterance": "あなたは塩をかけて食べますか？"
        }, 
        {
            "annotations": [
                {
                    "annotator-id": "10_A", 
                    "breakdown": "T", 
                    "comment": "", 
                    "ungrammatical-sentence": "O"
                }, 
                {
                    "annotator-id": "13_A", 
                    "breakdown": "O", 
                    "comment": "", 
                    "ungrammatical-sentence": "O"
                }
            ], 
            "speaker": "S", 
            "time": "2014-08-28 11:09:39", 
            "turn-index": 12, 
            "utterance": "塩は強めです"
        }, 
        {
            "annotations": [], 
            "speaker": "U", 
            "time": "2014-08-28 11:10:05", 
            "turn-index": 13, 
            "utterance": "塩をかけると甘さが増しますよね"
        }, 
        {
            "annotations": [
                {
                    "annotator-id": "10_A", 
                    "breakdown": "X", 
                    "comment": "", 
                    "ungrammatical-sentence": "O"
                }, 
                {
                    "annotator-id": "13_A", 
                    "breakdown": "O", 
                    "comment": "", 
                    "ungrammatical-sentence": "O"
                }
            ], 
            "speaker": "S", 
            "time": "2014-08-28 11:10:05", 
            "turn-index": 14, 
            "utterance": "刺激が強いです"
        }, 
        {
            "annotations": [], 
            "speaker": "U", 
            "time": "2014-08-28 11:10:22", 
            "turn-index": 15, 
            "utterance": "濃い味が好きですか？"
        }, 
        {
            "annotations": [
                {
                    "annotator-id": "10_A", 
                    "breakdown": "T", 
                    "comment": "", 
                    "ungrammatical-sentence": "O"
                }, 
                {
                    "annotator-id": "13_A", 
                    "breakdown": "O", 
                    "comment": "", 
                    "ungrammatical-sentence": "O"
                }
            ], 
            "speaker": "S", 
            "time": "2014-08-28 11:10:22", 
            "turn-index": 16, 
            "utterance": "刺激は欲しいですね"
        }, 
        {
            "annotations": [], 
            "speaker": "U", 
            "time": "2014-08-28 11:11:17", 
            "turn-index": 17, 
            "utterance": "私はあまり刺激はほしくないですね。"
        }, 
        {
            "annotations": [
                {
                    "annotator-id": "10_A", 
                    "breakdown": "O", 
                    "comment": "", 
                    "ungrammatical-sentence": "O"
                }, 
                {
                    "annotator-id": "13_A", 
                    "breakdown": "O", 
                    "comment": "", 
                    "ungrammatical-sentence": "O"
                }
            ], 
            "speaker": "S", 
            "time": "2014-08-28 11:11:17", 
            "turn-index": 18, 
            "utterance": "刺激はいいですね"
        }, 
        {
            "annotations": [], 
            "speaker": "U", 
            "time": "2014-08-28 11:11:32", 
            "turn-index": 19, 
            "utterance": "ある程度なら刺激は良いですね。"
        }, 
        {
            "annotations": [
                {
                    "annotator-id": "10_A", 
                    "breakdown": "O", 
                    "comment": "", 
                    "ungrammatical-sentence": "O"
                }, 
                {
                    "annotator-id": "13_A", 
                    "breakdown": "O", 
                    "comment": "", 
                    "ungrammatical-sentence": "O"
                }
            ], 
            "speaker": "S", 
            "time": "2014-08-28 11:11:32", 
            "turn-index": 20, 
            "utterance": "刺激は心地よいですね"
        }
    ]
}