{
    "dialogue-id": "1409294330", 
    "group-id": "subset_b", 
    "speaker-id": "14_03", 
    "turns": [
        {
            "annotations": [
                {
                    "annotator-id": "02_A", 
                    "breakdown": "O", 
                    "comment": "", 
                    "ungrammatical-sentence": "O"
                }, 
                {
                    "annotator-id": "03_A", 
                    "breakdown": "O", 
                    "comment": "", 
                    "ungrammatical-sentence": "O"
                }
            ], 
            "speaker": "S", 
            "time": "2014-08-29 15:28:03", 
            "turn-index": 0, 
            "utterance": "こんにちは！声かけてくれるのを待ってたんだ。"
        }, 
        {
            "annotations": [], 
            "speaker": "U", 
            "time": "2014-08-29 15:28:28", 
            "turn-index": 1, 
            "utterance": "何お話しましょうか。"
        }, 
        {
            "annotations": [
                {
                    "annotator-id": "02_A", 
                    "breakdown": "O", 
                    "comment": "", 
                    "ungrammatical-sentence": "O"
                }, 
                {
                    "annotator-id": "03_A", 
                    "breakdown": "O", 
                    "comment": "", 
                    "ungrammatical-sentence": "O"
                }
            ], 
            "speaker": "S", 
            "time": "2014-08-29 15:28:28", 
            "turn-index": 2, 
            "utterance": "結婚したいですか？"
        }, 
        {
            "annotations": [], 
            "speaker": "U", 
            "time": "2014-08-29 15:28:59", 
            "turn-index": 3, 
            "utterance": "あなたはどうですか。"
        }, 
        {
            "annotations": [
                {
                    "annotator-id": "02_A", 
                    "breakdown": "T", 
                    "comment": "", 
                    "ungrammatical-sentence": "O"
                }, 
                {
                    "annotator-id": "03_A", 
                    "breakdown": "O", 
                    "comment": "", 
                    "ungrammatical-sentence": "O"
                }
            ], 
            "speaker": "S", 
            "time": "2014-08-29 15:28:59", 
            "turn-index": 4, 
            "utterance": "恋愛が結婚に繋がります"
        }, 
        {
            "annotations": [], 
            "speaker": "U", 
            "time": "2014-08-29 15:29:30", 
            "turn-index": 5, 
            "utterance": "恋愛は大事な要素ですね。"
        }, 
        {
            "annotations": [
                {
                    "annotator-id": "02_A", 
                    "breakdown": "T", 
                    "comment": "", 
                    "ungrammatical-sentence": "O"
                }, 
                {
                    "annotator-id": "03_A", 
                    "breakdown": "T", 
                    "comment": "", 
                    "ungrammatical-sentence": "O"
                }
            ], 
            "speaker": "S", 
            "time": "2014-08-29 15:29:30", 
            "turn-index": 6, 
            "utterance": "恋愛は必要ないです"
        }, 
        {
            "annotations": [], 
            "speaker": "U", 
            "time": "2014-08-29 15:30:00", 
            "turn-index": 7, 
            "utterance": "さっきと言っていることが違いませんか。"
        }, 
        {
            "annotations": [
                {
                    "annotator-id": "02_A", 
                    "breakdown": "X", 
                    "comment": "", 
                    "ungrammatical-sentence": "O"
                }, 
                {
                    "annotator-id": "03_A", 
                    "breakdown": "X", 
                    "comment": "", 
                    "ungrammatical-sentence": "O"
                }
            ], 
            "speaker": "S", 
            "time": "2014-08-29 15:30:00", 
            "turn-index": 8, 
            "utterance": "恋愛は高いですね"
        }, 
        {
            "annotations": [], 
            "speaker": "U", 
            "time": "2014-08-29 15:30:25", 
            "turn-index": 9, 
            "utterance": "高いというと。"
        }, 
        {
            "annotations": [
                {
                    "annotator-id": "02_A", 
                    "breakdown": "T", 
                    "comment": "", 
                    "ungrammatical-sentence": "O"
                }, 
                {
                    "annotator-id": "03_A", 
                    "breakdown": "X", 
                    "comment": "", 
                    "ungrammatical-sentence": "O"
                }
            ], 
            "speaker": "S", 
            "time": "2014-08-29 15:30:25", 
            "turn-index": 10, 
            "utterance": "恋愛は別ですね"
        }, 
        {
            "annotations": [], 
            "speaker": "U", 
            "time": "2014-08-29 15:30:48", 
            "turn-index": 11, 
            "utterance": "そういう考えの人もいるかもしれませんね。"
        }, 
        {
            "annotations": [
                {
                    "annotator-id": "02_A", 
                    "breakdown": "O", 
                    "comment": "", 
                    "ungrammatical-sentence": "O"
                }, 
                {
                    "annotator-id": "03_A", 
                    "breakdown": "X", 
                    "comment": "", 
                    "ungrammatical-sentence": "O"
                }
            ], 
            "speaker": "S", 
            "time": "2014-08-29 15:30:48", 
            "turn-index": 12, 
            "utterance": "無しがいいですね"
        }, 
        {
            "annotations": [], 
            "speaker": "U", 
            "time": "2014-08-29 15:32:37", 
            "turn-index": 13, 
            "utterance": "人それぞれですね。"
        }, 
        {
            "annotations": [
                {
                    "annotator-id": "02_A", 
                    "breakdown": "O", 
                    "comment": "", 
                    "ungrammatical-sentence": "O"
                }, 
                {
                    "annotator-id": "03_A", 
                    "breakdown": "X", 
                    "comment": "", 
                    "ungrammatical-sentence": "O"
                }
            ], 
            "speaker": "S", 
            "time": "2014-08-29 15:32:37", 
            "turn-index": 14, 
            "utterance": "無しはいいですよねえ"
        }, 
        {
            "annotations": [], 
            "speaker": "U", 
            "time": "2014-08-29 15:35:02", 
            "turn-index": 15, 
            "utterance": "どういう点でそう思いますか。"
        }, 
        {
            "annotations": [
                {
                    "annotator-id": "02_A", 
                    "breakdown": "X", 
                    "comment": "", 
                    "ungrammatical-sentence": "O"
                }, 
                {
                    "annotator-id": "03_A", 
                    "breakdown": "X", 
                    "comment": "", 
                    "ungrammatical-sentence": "X"
                }
            ], 
            "speaker": "S", 
            "time": "2014-08-29 15:35:02", 
            "turn-index": 16, 
            "utterance": "点はよいですね"
        }, 
        {
            "annotations": [], 
            "speaker": "U", 
            "time": "2014-08-29 15:37:11", 
            "turn-index": 17, 
            "utterance": "よく分かりませんが。"
        }, 
        {
            "annotations": [
                {
                    "annotator-id": "02_A", 
                    "breakdown": "X", 
                    "comment": "", 
                    "ungrammatical-sentence": "O"
                }, 
                {
                    "annotator-id": "03_A", 
                    "breakdown": "X", 
                    "comment": "", 
                    "ungrammatical-sentence": "X"
                }
            ], 
            "speaker": "S", 
            "time": "2014-08-29 15:37:11", 
            "turn-index": 18, 
            "utterance": "点は気が楽ですね"
        }, 
        {
            "annotations": [], 
            "speaker": "U", 
            "time": "2014-08-29 15:38:39", 
            "turn-index": 19, 
            "utterance": "悩むばかりもしんどいですね。"
        }, 
        {
            "annotations": [
                {
                    "annotator-id": "02_A", 
                    "breakdown": "O", 
                    "comment": "", 
                    "ungrammatical-sentence": "O"
                }, 
                {
                    "annotator-id": "03_A", 
                    "breakdown": "T", 
                    "comment": "", 
                    "ungrammatical-sentence": "O"
                }
            ], 
            "speaker": "S", 
            "time": "2014-08-29 15:38:39", 
            "turn-index": 20, 
            "utterance": "気が楽ですよねえ"
        }
    ]
}