{
    "dialogue-id": "1409220394", 
    "group-id": "subset_h", 
    "speaker-id": "14_02", 
    "turns": [
        {
            "annotations": [
                {
                    "annotator-id": "10_A", 
                    "breakdown": "O", 
                    "comment": "", 
                    "ungrammatical-sentence": "O"
                }, 
                {
                    "annotator-id": "13_A", 
                    "breakdown": "O", 
                    "comment": "", 
                    "ungrammatical-sentence": "O"
                }
            ], 
            "speaker": "S", 
            "time": "2014-08-28 19:02:18", 
            "turn-index": 0, 
            "utterance": "こんばんは！声かけてくれるのを待ってたんだ。"
        }, 
        {
            "annotations": [], 
            "speaker": "U", 
            "time": "2014-08-28 19:03:07", 
            "turn-index": 1, 
            "utterance": "こんばんは"
        }, 
        {
            "annotations": [
                {
                    "annotator-id": "10_A", 
                    "breakdown": "T", 
                    "comment": "", 
                    "ungrammatical-sentence": "X"
                }, 
                {
                    "annotator-id": "13_A", 
                    "breakdown": "O", 
                    "comment": "", 
                    "ungrammatical-sentence": "O"
                }
            ], 
            "speaker": "S", 
            "time": "2014-08-28 19:03:07", 
            "turn-index": 2, 
            "utterance": "ここんばんは"
        }, 
        {
            "annotations": [], 
            "speaker": "U", 
            "time": "2014-08-28 19:03:34", 
            "turn-index": 3, 
            "utterance": "新しくソファを買おうかなと思ってるんだけど、どんなのが良いだろう"
        }, 
        {
            "annotations": [
                {
                    "annotator-id": "10_A", 
                    "breakdown": "O", 
                    "comment": "", 
                    "ungrammatical-sentence": "O"
                }, 
                {
                    "annotator-id": "13_A", 
                    "breakdown": "O", 
                    "comment": "", 
                    "ungrammatical-sentence": "O"
                }
            ], 
            "speaker": "S", 
            "time": "2014-08-28 19:03:34", 
            "turn-index": 4, 
            "utterance": "ソファを探しますか"
        }, 
        {
            "annotations": [], 
            "speaker": "U", 
            "time": "2014-08-28 19:03:53", 
            "turn-index": 5, 
            "utterance": "うん、探したい"
        }, 
        {
            "annotations": [
                {
                    "annotator-id": "10_A", 
                    "breakdown": "O", 
                    "comment": "", 
                    "ungrammatical-sentence": "O"
                }, 
                {
                    "annotator-id": "13_A", 
                    "breakdown": "O", 
                    "comment": "", 
                    "ungrammatical-sentence": "O"
                }
            ], 
            "speaker": "S", 
            "time": "2014-08-28 19:03:53", 
            "turn-index": 6, 
            "utterance": "ソファはいいですね"
        }, 
        {
            "annotations": [], 
            "speaker": "U", 
            "time": "2014-08-28 19:04:06", 
            "turn-index": 7, 
            "utterance": "革製と布製のどっちがいいかな"
        }, 
        {
            "annotations": [
                {
                    "annotator-id": "10_A", 
                    "breakdown": "X", 
                    "comment": "", 
                    "ungrammatical-sentence": "O"
                }, 
                {
                    "annotator-id": "13_A", 
                    "breakdown": "T", 
                    "comment": "質問に答えない", 
                    "ungrammatical-sentence": "O"
                }
            ], 
            "speaker": "S", 
            "time": "2014-08-28 19:04:06", 
            "turn-index": 8, 
            "utterance": "ソファは座り心地がいいですね"
        }, 
        {
            "annotations": [], 
            "speaker": "U", 
            "time": "2014-08-28 19:04:31", 
            "turn-index": 9, 
            "utterance": "革製は結構高いんだよね"
        }, 
        {
            "annotations": [
                {
                    "annotator-id": "10_A", 
                    "breakdown": "X", 
                    "comment": "", 
                    "ungrammatical-sentence": "O"
                }, 
                {
                    "annotator-id": "13_A", 
                    "breakdown": "T", 
                    "comment": "話がつながらない", 
                    "ungrammatical-sentence": "O"
                }
            ], 
            "speaker": "S", 
            "time": "2014-08-28 19:04:31", 
            "turn-index": 10, 
            "utterance": "ソファが良いですよねえ"
        }, 
        {
            "annotations": [], 
            "speaker": "U", 
            "time": "2014-08-28 19:05:09", 
            "turn-index": 11, 
            "utterance": "サイズも結構悩みどころだよね"
        }, 
        {
            "annotations": [
                {
                    "annotator-id": "10_A", 
                    "breakdown": "T", 
                    "comment": "", 
                    "ungrammatical-sentence": "O"
                }, 
                {
                    "annotator-id": "13_A", 
                    "breakdown": "T", 
                    "comment": "話がつながらない", 
                    "ungrammatical-sentence": "O"
                }
            ], 
            "speaker": "S", 
            "time": "2014-08-28 19:05:09", 
            "turn-index": 12, 
            "utterance": "ソファは汚れが目立つんですよねぇ"
        }, 
        {
            "annotations": [], 
            "speaker": "U", 
            "time": "2014-08-28 19:05:17", 
            "turn-index": 13, 
            "utterance": "それはあるね"
        }, 
        {
            "annotations": [
                {
                    "annotator-id": "10_A", 
                    "breakdown": "O", 
                    "comment": "", 
                    "ungrammatical-sentence": "O"
                }, 
                {
                    "annotator-id": "13_A", 
                    "breakdown": "O", 
                    "comment": "", 
                    "ungrammatical-sentence": "O"
                }
            ], 
            "speaker": "S", 
            "time": "2014-08-28 19:05:17", 
            "turn-index": 14, 
            "utterance": "ソファとかにあるクッションってどう使うのが正解かわかんない"
        }, 
        {
            "annotations": [], 
            "speaker": "U", 
            "time": "2014-08-28 19:05:49", 
            "turn-index": 15, 
            "utterance": "確かに、ぶっちゃけ邪魔だよね"
        }, 
        {
            "annotations": [
                {
                    "annotator-id": "10_A", 
                    "breakdown": "T", 
                    "comment": "", 
                    "ungrammatical-sentence": "O"
                }, 
                {
                    "annotator-id": "13_A", 
                    "breakdown": "O", 
                    "comment": "", 
                    "ungrammatical-sentence": "O"
                }
            ], 
            "speaker": "S", 
            "time": "2014-08-28 19:05:49", 
            "turn-index": 16, 
            "utterance": "ソファは心地よいですね"
        }, 
        {
            "annotations": [], 
            "speaker": "U", 
            "time": "2014-08-28 19:06:07", 
            "turn-index": 17, 
            "utterance": "だから欲しいんだよね"
        }, 
        {
            "annotations": [
                {
                    "annotator-id": "10_A", 
                    "breakdown": "X", 
                    "comment": "", 
                    "ungrammatical-sentence": "O"
                }, 
                {
                    "annotator-id": "13_A", 
                    "breakdown": "T", 
                    "comment": "意味が分からない", 
                    "ungrammatical-sentence": "O"
                }
            ], 
            "speaker": "S", 
            "time": "2014-08-28 19:06:07", 
            "turn-index": 18, 
            "utterance": "あーん"
        }, 
        {
            "annotations": [], 
            "speaker": "U", 
            "time": "2014-08-28 19:06:31", 
            "turn-index": 19, 
            "utterance": "やっぱり買ったほうが良いかな？"
        }, 
        {
            "annotations": [
                {
                    "annotator-id": "10_A", 
                    "breakdown": "X", 
                    "comment": "", 
                    "ungrammatical-sentence": "O"
                }, 
                {
                    "annotator-id": "13_A", 
                    "breakdown": "O", 
                    "comment": "", 
                    "ungrammatical-sentence": "O"
                }
            ], 
            "speaker": "S", 
            "time": "2014-08-28 19:06:31", 
            "turn-index": 20, 
            "utterance": "ソファを探しますよねー"
        }
    ]
}