{
    "dialogue-id": "1409144162", 
    "group-id": "subset_d", 
    "speaker-id": "15_12", 
    "turns": [
        {
            "annotations": [
                {
                    "annotator-id": "05_A", 
                    "breakdown": "O", 
                    "comment": "", 
                    "ungrammatical-sentence": "O"
                }, 
                {
                    "annotator-id": "07_A", 
                    "breakdown": "O", 
                    "comment": "", 
                    "ungrammatical-sentence": "O"
                }
            ], 
            "speaker": "S", 
            "time": "2014-08-27 21:54:03", 
            "turn-index": 0, 
            "utterance": "こんばんは。海へ行きたいね。"
        }, 
        {
            "annotations": [], 
            "speaker": "U", 
            "time": "2014-08-27 21:54:15", 
            "turn-index": 1, 
            "utterance": "どーぞ、ご自由に。"
        }, 
        {
            "annotations": [
                {
                    "annotator-id": "05_A", 
                    "breakdown": "O", 
                    "comment": "", 
                    "ungrammatical-sentence": "O"
                }, 
                {
                    "annotator-id": "07_A", 
                    "breakdown": "O", 
                    "comment": "", 
                    "ungrammatical-sentence": "O"
                }
            ], 
            "speaker": "S", 
            "time": "2014-08-27 21:54:15", 
            "turn-index": 2, 
            "utterance": "海に行きませんか？？"
        }, 
        {
            "annotations": [], 
            "speaker": "U", 
            "time": "2014-08-27 21:54:22", 
            "turn-index": 3, 
            "utterance": "やだね。"
        }, 
        {
            "annotations": [
                {
                    "annotator-id": "05_A", 
                    "breakdown": "O", 
                    "comment": "", 
                    "ungrammatical-sentence": "O"
                }, 
                {
                    "annotator-id": "07_A", 
                    "breakdown": "O", 
                    "comment": "", 
                    "ungrammatical-sentence": "O"
                }
            ], 
            "speaker": "S", 
            "time": "2014-08-27 21:54:22", 
            "turn-index": 4, 
            "utterance": "なんでよ"
        }, 
        {
            "annotations": [], 
            "speaker": "U", 
            "time": "2014-08-27 21:54:36", 
            "turn-index": 5, 
            "utterance": "嫌いだもん。"
        }, 
        {
            "annotations": [
                {
                    "annotator-id": "05_A", 
                    "breakdown": "X", 
                    "comment": "", 
                    "ungrammatical-sentence": "O"
                }, 
                {
                    "annotator-id": "07_A", 
                    "breakdown": "O", 
                    "comment": "", 
                    "ungrammatical-sentence": "O"
                }
            ], 
            "speaker": "S", 
            "time": "2014-08-27 21:54:36", 
            "turn-index": 6, 
            "utterance": "海は騒がしいです"
        }, 
        {
            "annotations": [], 
            "speaker": "U", 
            "time": "2014-08-27 21:54:43", 
            "turn-index": 7, 
            "utterance": "だから。"
        }, 
        {
            "annotations": [
                {
                    "annotator-id": "05_A", 
                    "breakdown": "X", 
                    "comment": "", 
                    "ungrammatical-sentence": "O"
                }, 
                {
                    "annotator-id": "07_A", 
                    "breakdown": "O", 
                    "comment": "", 
                    "ungrammatical-sentence": "O"
                }
            ], 
            "speaker": "S", 
            "time": "2014-08-27 21:54:43", 
            "turn-index": 8, 
            "utterance": "海は荒いです"
        }, 
        {
            "annotations": [], 
            "speaker": "U", 
            "time": "2014-08-27 21:54:53", 
            "turn-index": 9, 
            "utterance": "空は？"
        }, 
        {
            "annotations": [
                {
                    "annotator-id": "05_A", 
                    "breakdown": "O", 
                    "comment": "", 
                    "ungrammatical-sentence": "O"
                }, 
                {
                    "annotator-id": "07_A", 
                    "breakdown": "O", 
                    "comment": "", 
                    "ungrammatical-sentence": "O"
                }
            ], 
            "speaker": "S", 
            "time": "2014-08-27 21:54:53", 
            "turn-index": 10, 
            "utterance": "空は青いです"
        }, 
        {
            "annotations": [], 
            "speaker": "U", 
            "time": "2014-08-27 21:55:10", 
            "turn-index": 11, 
            "utterance": "山は？"
        }, 
        {
            "annotations": [
                {
                    "annotator-id": "05_A", 
                    "breakdown": "X", 
                    "comment": "", 
                    "ungrammatical-sentence": "O"
                }, 
                {
                    "annotator-id": "07_A", 
                    "breakdown": "X", 
                    "comment": "質問に答えられていない", 
                    "ungrammatical-sentence": "O"
                }
            ], 
            "speaker": "S", 
            "time": "2014-08-27 21:55:10", 
            "turn-index": 12, 
            "utterance": "空は真っ青です"
        }, 
        {
            "annotations": [], 
            "speaker": "U", 
            "time": "2014-08-27 21:55:25", 
            "turn-index": 13, 
            "utterance": "山は？って聞いてるのに。"
        }, 
        {
            "annotations": [
                {
                    "annotator-id": "05_A", 
                    "breakdown": "X", 
                    "comment": "", 
                    "ungrammatical-sentence": "O"
                }, 
                {
                    "annotator-id": "07_A", 
                    "breakdown": "T", 
                    "comment": "", 
                    "ungrammatical-sentence": "O"
                }
            ], 
            "speaker": "S", 
            "time": "2014-08-27 21:55:25", 
            "turn-index": 14, 
            "utterance": "空は気持ちがいいらしいですよ"
        }, 
        {
            "annotations": [], 
            "speaker": "U", 
            "time": "2014-08-27 21:55:43", 
            "turn-index": 15, 
            "utterance": "山のことだよ、このどあほ"
        }, 
        {
            "annotations": [
                {
                    "annotator-id": "05_A", 
                    "breakdown": "X", 
                    "comment": "", 
                    "ungrammatical-sentence": "O"
                }, 
                {
                    "annotator-id": "07_A", 
                    "breakdown": "X", 
                    "comment": "文脈に合わない", 
                    "ungrammatical-sentence": "O"
                }
            ], 
            "speaker": "S", 
            "time": "2014-08-27 21:55:43", 
            "turn-index": 16, 
            "utterance": "どんな内容なんですか？"
        }, 
        {
            "annotations": [], 
            "speaker": "U", 
            "time": "2014-08-27 21:55:44", 
            "turn-index": 17, 
            "utterance": "山のことだよ、このどあ"
        }, 
        {
            "annotations": [
                {
                    "annotator-id": "05_A", 
                    "breakdown": "O", 
                    "comment": "", 
                    "ungrammatical-sentence": "O"
                }, 
                {
                    "annotator-id": "07_A", 
                    "breakdown": "O", 
                    "comment": "", 
                    "ungrammatical-sentence": "O"
                }
            ], 
            "speaker": "S", 
            "time": "2014-08-27 21:55:44", 
            "turn-index": 18, 
            "utterance": "そのことについて教えてください。"
        }, 
        {
            "annotations": [], 
            "speaker": "U", 
            "time": "2014-08-27 21:55:59", 
            "turn-index": 19, 
            "utterance": "知りません。"
        }, 
        {
            "annotations": [
                {
                    "annotator-id": "05_A", 
                    "breakdown": "O", 
                    "comment": "", 
                    "ungrammatical-sentence": "O"
                }, 
                {
                    "annotator-id": "07_A", 
                    "breakdown": "O", 
                    "comment": "", 
                    "ungrammatical-sentence": "O"
                }
            ], 
            "speaker": "S", 
            "time": "2014-08-27 21:55:59", 
            "turn-index": 20, 
            "utterance": "えー"
        }
    ]
}