{
    "dialogue-id": "1409302284", 
    "group-id": "subset_b", 
    "speaker-id": "14_03", 
    "turns": [
        {
            "annotations": [
                {
                    "annotator-id": "02_A", 
                    "breakdown": "O", 
                    "comment": "", 
                    "ungrammatical-sentence": "O"
                }, 
                {
                    "annotator-id": "03_A", 
                    "breakdown": "O", 
                    "comment": "", 
                    "ungrammatical-sentence": "O"
                }
            ], 
            "speaker": "S", 
            "time": "2014-08-29 17:45:01", 
            "turn-index": 0, 
            "utterance": "こんばんは。熱中症に気をつけて。"
        }, 
        {
            "annotations": [], 
            "speaker": "U", 
            "time": "2014-08-29 17:45:36", 
            "turn-index": 1, 
            "utterance": "暑いと体がまいりますね。"
        }, 
        {
            "annotations": [
                {
                    "annotator-id": "02_A", 
                    "breakdown": "T", 
                    "comment": "", 
                    "ungrammatical-sentence": "O"
                }, 
                {
                    "annotator-id": "03_A", 
                    "breakdown": "T", 
                    "comment": "", 
                    "ungrammatical-sentence": "O"
                }
            ], 
            "speaker": "S", 
            "time": "2014-08-29 17:45:36", 
            "turn-index": 2, 
            "utterance": "熱中症はいいですね"
        }, 
        {
            "annotations": [], 
            "speaker": "U", 
            "time": "2014-08-29 17:45:56", 
            "turn-index": 3, 
            "utterance": "えっ。よくないですよ。"
        }, 
        {
            "annotations": [
                {
                    "annotator-id": "02_A", 
                    "breakdown": "O", 
                    "comment": "", 
                    "ungrammatical-sentence": "O"
                }, 
                {
                    "annotator-id": "03_A", 
                    "breakdown": "O", 
                    "comment": "", 
                    "ungrammatical-sentence": "O"
                }
            ], 
            "speaker": "S", 
            "time": "2014-08-29 17:45:56", 
            "turn-index": 4, 
            "utterance": "いいよー"
        }, 
        {
            "annotations": [], 
            "speaker": "U", 
            "time": "2014-08-29 17:47:21", 
            "turn-index": 5, 
            "utterance": "日差しが強いときは外出しちゃだめですね。"
        }, 
        {
            "annotations": [
                {
                    "annotator-id": "02_A", 
                    "breakdown": "O", 
                    "comment": "", 
                    "ungrammatical-sentence": "O"
                }, 
                {
                    "annotator-id": "03_A", 
                    "breakdown": "O", 
                    "comment": "", 
                    "ungrammatical-sentence": "O"
                }
            ], 
            "speaker": "S", 
            "time": "2014-08-29 17:47:21", 
            "turn-index": 6, 
            "utterance": "日差しはひどいです"
        }, 
        {
            "annotations": [], 
            "speaker": "U", 
            "time": "2014-08-29 17:47:48", 
            "turn-index": 7, 
            "utterance": "ひどいときありますね。"
        }, 
        {
            "annotations": [
                {
                    "annotator-id": "02_A", 
                    "breakdown": "O", 
                    "comment": "", 
                    "ungrammatical-sentence": "O"
                }, 
                {
                    "annotator-id": "03_A", 
                    "breakdown": "O", 
                    "comment": "", 
                    "ungrammatical-sentence": "O"
                }
            ], 
            "speaker": "S", 
            "time": "2014-08-29 17:47:48", 
            "turn-index": 8, 
            "utterance": "日差しは苦しいです"
        }, 
        {
            "annotations": [], 
            "speaker": "U", 
            "time": "2014-08-29 17:48:50", 
            "turn-index": 9, 
            "utterance": "サングラスや日傘はどうですか。"
        }, 
        {
            "annotations": [
                {
                    "annotator-id": "02_A", 
                    "breakdown": "O", 
                    "comment": "", 
                    "ungrammatical-sentence": "O"
                }, 
                {
                    "annotator-id": "03_A", 
                    "breakdown": "O", 
                    "comment": "", 
                    "ungrammatical-sentence": "O"
                }
            ], 
            "speaker": "S", 
            "time": "2014-08-29 17:48:50", 
            "turn-index": 10, 
            "utterance": "日差しはきついですね"
        }, 
        {
            "annotations": [], 
            "speaker": "U", 
            "time": "2014-08-29 17:49:09", 
            "turn-index": 11, 
            "utterance": "日傘を使うといいですよ。"
        }, 
        {
            "annotations": [
                {
                    "annotator-id": "02_A", 
                    "breakdown": "O", 
                    "comment": "", 
                    "ungrammatical-sentence": "O"
                }, 
                {
                    "annotator-id": "03_A", 
                    "breakdown": "O", 
                    "comment": "", 
                    "ungrammatical-sentence": "O"
                }
            ], 
            "speaker": "S", 
            "time": "2014-08-29 17:49:09", 
            "turn-index": 12, 
            "utterance": "日差しは辛いですね"
        }, 
        {
            "annotations": [], 
            "speaker": "U", 
            "time": "2014-08-29 17:49:58", 
            "turn-index": 13, 
            "utterance": "真夏は大変ですね。"
        }, 
        {
            "annotations": [
                {
                    "annotator-id": "02_A", 
                    "breakdown": "O", 
                    "comment": "", 
                    "ungrammatical-sentence": "O"
                }, 
                {
                    "annotator-id": "03_A", 
                    "breakdown": "O", 
                    "comment": "", 
                    "ungrammatical-sentence": "O"
                }
            ], 
            "speaker": "S", 
            "time": "2014-08-29 17:49:58", 
            "turn-index": 14, 
            "utterance": "日差しは苦しいですよねえ"
        }, 
        {
            "annotations": [], 
            "speaker": "U", 
            "time": "2014-08-29 17:50:14", 
            "turn-index": 15, 
            "utterance": "分かります。"
        }, 
        {
            "annotations": [
                {
                    "annotator-id": "02_A", 
                    "breakdown": "O", 
                    "comment": "", 
                    "ungrammatical-sentence": "O"
                }, 
                {
                    "annotator-id": "03_A", 
                    "breakdown": "O", 
                    "comment": "", 
                    "ungrammatical-sentence": "O"
                }
            ], 
            "speaker": "S", 
            "time": "2014-08-29 17:50:14", 
            "turn-index": 16, 
            "utterance": "同志よ"
        }, 
        {
            "annotations": [], 
            "speaker": "U", 
            "time": "2014-08-29 17:50:26", 
            "turn-index": 17, 
            "utterance": "大げさです。"
        }, 
        {
            "annotations": [
                {
                    "annotator-id": "02_A", 
                    "breakdown": "O", 
                    "comment": "", 
                    "ungrammatical-sentence": "O"
                }, 
                {
                    "annotator-id": "03_A", 
                    "breakdown": "O", 
                    "comment": "", 
                    "ungrammatical-sentence": "O"
                }
            ], 
            "speaker": "S", 
            "time": "2014-08-29 17:50:26", 
            "turn-index": 18, 
            "utterance": "日差しは眩しいですね"
        }, 
        {
            "annotations": [], 
            "speaker": "U", 
            "time": "2014-08-29 17:51:10", 
            "turn-index": 19, 
            "utterance": "そんなときこそサングラスでは。"
        }, 
        {
            "annotations": [
                {
                    "annotator-id": "02_A", 
                    "breakdown": "O", 
                    "comment": "", 
                    "ungrammatical-sentence": "O"
                }, 
                {
                    "annotator-id": "03_A", 
                    "breakdown": "T", 
                    "comment": "", 
                    "ungrammatical-sentence": "O"
                }
            ], 
            "speaker": "S", 
            "time": "2014-08-29 17:51:10", 
            "turn-index": 20, 
            "utterance": "サングラスは目を隠してます？"
        }
    ]
}