{
    "dialogue-id": "1409221888", 
    "group-id": "subset_f", 
    "speaker-id": "14_02", 
    "turns": [
        {
            "annotations": [
                {
                    "annotator-id": "09_A", 
                    "breakdown": "O", 
                    "comment": "", 
                    "ungrammatical-sentence": "O"
                }, 
                {
                    "annotator-id": "10_B", 
                    "breakdown": "O", 
                    "comment": "", 
                    "ungrammatical-sentence": "O"
                }
            ], 
            "speaker": "S", 
            "time": "2014-08-28 19:27:34", 
            "turn-index": 0, 
            "utterance": "こんばんは！熱中症に気をつけて。"
        }, 
        {
            "annotations": [], 
            "speaker": "U", 
            "time": "2014-08-28 19:27:45", 
            "turn-index": 1, 
            "utterance": "最近涼しくなったね"
        }, 
        {
            "annotations": [
                {
                    "annotator-id": "09_A", 
                    "breakdown": "X", 
                    "comment": "涼しくなった。「気をつけか」とは？", 
                    "ungrammatical-sentence": "X"
                }, 
                {
                    "annotator-id": "10_B", 
                    "breakdown": "X", 
                    "comment": "", 
                    "ungrammatical-sentence": "X"
                }
            ], 
            "speaker": "S", 
            "time": "2014-08-28 19:27:45", 
            "turn-index": 2, 
            "utterance": "熱中症に気をつけか？？"
        }, 
        {
            "annotations": [], 
            "speaker": "U", 
            "time": "2014-08-28 19:28:27", 
            "turn-index": 3, 
            "utterance": "もう夏も終わりかな"
        }, 
        {
            "annotations": [
                {
                    "annotator-id": "09_A", 
                    "breakdown": "T", 
                    "comment": "同じ話はしていて、気を付けるほどではないと言われている", 
                    "ungrammatical-sentence": "O"
                }, 
                {
                    "annotator-id": "10_B", 
                    "breakdown": "T", 
                    "comment": "", 
                    "ungrammatical-sentence": "O"
                }
            ], 
            "speaker": "S", 
            "time": "2014-08-28 19:28:27", 
            "turn-index": 4, 
            "utterance": "熱中症に気をつけてたいですか？"
        }, 
        {
            "annotations": [], 
            "speaker": "U", 
            "time": "2014-08-28 19:28:39", 
            "turn-index": 5, 
            "utterance": "ちょっとしつこいよ"
        }, 
        {
            "annotations": [
                {
                    "annotator-id": "09_A", 
                    "breakdown": "T", 
                    "comment": "しつこいと言われたので話を変えるべき", 
                    "ungrammatical-sentence": "O"
                }, 
                {
                    "annotator-id": "10_B", 
                    "breakdown": "T", 
                    "comment": "", 
                    "ungrammatical-sentence": "O"
                }
            ], 
            "speaker": "S", 
            "time": "2014-08-28 19:28:39", 
            "turn-index": 6, 
            "utterance": "熱中症が心配されます？？"
        }, 
        {
            "annotations": [], 
            "speaker": "U", 
            "time": "2014-08-28 19:29:10", 
            "turn-index": 7, 
            "utterance": "確かに気をつけた方が良いけどね"
        }, 
        {
            "annotations": [
                {
                    "annotator-id": "09_A", 
                    "breakdown": "X", 
                    "comment": "しつこいと言われた後に2度目の熱中症話は不自然", 
                    "ungrammatical-sentence": "O"
                }, 
                {
                    "annotator-id": "10_B", 
                    "breakdown": "T", 
                    "comment": "", 
                    "ungrammatical-sentence": "O"
                }
            ], 
            "speaker": "S", 
            "time": "2014-08-28 19:29:10", 
            "turn-index": 8, 
            "utterance": "熱中症は大丈夫ですね"
        }, 
        {
            "annotations": [], 
            "speaker": "U", 
            "time": "2014-08-28 19:29:48", 
            "turn-index": 9, 
            "utterance": "これからは台風に注意かな"
        }, 
        {
            "annotations": [
                {
                    "annotator-id": "09_A", 
                    "breakdown": "X", 
                    "comment": "台風の話を始めたのに、熱中症から離れない。「いいですね」ではない", 
                    "ungrammatical-sentence": "O"
                }, 
                {
                    "annotator-id": "10_B", 
                    "breakdown": "X", 
                    "comment": "", 
                    "ungrammatical-sentence": "O"
                }
            ], 
            "speaker": "S", 
            "time": "2014-08-28 19:29:48", 
            "turn-index": 10, 
            "utterance": "熱中症はいいですね"
        }, 
        {
            "annotations": [], 
            "speaker": "U", 
            "time": "2014-08-28 19:30:00", 
            "turn-index": 11, 
            "utterance": "もう熱中症の話題はやめましょう"
        }, 
        {
            "annotations": [
                {
                    "annotator-id": "09_A", 
                    "breakdown": "X", 
                    "comment": "やめようと言われている。熱中症から離れない。自覚症状が出る予定は変", 
                    "ungrammatical-sentence": "O"
                }, 
                {
                    "annotator-id": "10_B", 
                    "breakdown": "X", 
                    "comment": "", 
                    "ungrammatical-sentence": "O"
                }
            ], 
            "speaker": "S", 
            "time": "2014-08-28 19:30:00", 
            "turn-index": 12, 
            "utterance": "熱中症は自覚症状が出る予定です"
        }, 
        {
            "annotations": [], 
            "speaker": "U", 
            "time": "2014-08-28 19:30:21", 
            "turn-index": 13, 
            "utterance": "最近天気が悪い日が多くないですか？"
        }, 
        {
            "annotations": [
                {
                    "annotator-id": "09_A", 
                    "breakdown": "X", 
                    "comment": "天気が悪いと言っているのにいいですねはおかしい", 
                    "ungrammatical-sentence": "O"
                }, 
                {
                    "annotator-id": "10_B", 
                    "breakdown": "T", 
                    "comment": "", 
                    "ungrammatical-sentence": "O"
                }
            ], 
            "speaker": "S", 
            "time": "2014-08-28 19:30:21", 
            "turn-index": 14, 
            "utterance": "天気が休みの日にいいですね"
        }, 
        {
            "annotations": [], 
            "speaker": "U", 
            "time": "2014-08-28 19:30:52", 
            "turn-index": 15, 
            "utterance": "豪雨がニュースになったりしてますよね"
        }, 
        {
            "annotations": [
                {
                    "annotator-id": "09_A", 
                    "breakdown": "O", 
                    "comment": "", 
                    "ungrammatical-sentence": "O"
                }, 
                {
                    "annotator-id": "10_B", 
                    "breakdown": "O", 
                    "comment": "", 
                    "ungrammatical-sentence": "O"
                }
            ], 
            "speaker": "S", 
            "time": "2014-08-28 19:30:52", 
            "turn-index": 16, 
            "utterance": "天気は晴れがいいですね"
        }, 
        {
            "annotations": [], 
            "speaker": "U", 
            "time": "2014-08-28 19:31:06", 
            "turn-index": 17, 
            "utterance": "そうですね、晴れて欲しいですね"
        }, 
        {
            "annotations": [
                {
                    "annotator-id": "09_A", 
                    "breakdown": "T", 
                    "comment": "天気=晴れとして△にした", 
                    "ungrammatical-sentence": "O"
                }, 
                {
                    "annotator-id": "10_B", 
                    "breakdown": "O", 
                    "comment": "", 
                    "ungrammatical-sentence": "O"
                }
            ], 
            "speaker": "S", 
            "time": "2014-08-28 19:31:06", 
            "turn-index": 18, 
            "utterance": "天気は気持ちがいいですね"
        }, 
        {
            "annotations": [], 
            "speaker": "U", 
            "time": "2014-08-28 19:31:26", 
            "turn-index": 19, 
            "utterance": "週末は晴れるかな？"
        }, 
        {
            "annotations": [
                {
                    "annotator-id": "09_A", 
                    "breakdown": "T", 
                    "comment": "19の発話無視。天気が悪い日が多いと言っている", 
                    "ungrammatical-sentence": "O"
                }, 
                {
                    "annotator-id": "10_B", 
                    "breakdown": "T", 
                    "comment": "", 
                    "ungrammatical-sentence": "O"
                }
            ], 
            "speaker": "S", 
            "time": "2014-08-28 19:31:26", 
            "turn-index": 20, 
            "utterance": "天気は良いですね"
        }
    ]
}