{
    "dialogue-id": "1409043672", 
    "group-id": "subset_d", 
    "speaker-id": "08_10", 
    "turns": [
        {
            "annotations": [
                {
                    "annotator-id": "05_A", 
                    "breakdown": "O", 
                    "comment": "", 
                    "ungrammatical-sentence": "O"
                }, 
                {
                    "annotator-id": "07_A", 
                    "breakdown": "O", 
                    "comment": "", 
                    "ungrammatical-sentence": "O"
                }
            ], 
            "speaker": "S", 
            "time": "2014-08-26 17:58:38", 
            "turn-index": 0, 
            "utterance": "こんばんは。熱中症に気をつけて。"
        }, 
        {
            "annotations": [], 
            "speaker": "U", 
            "time": "2014-08-26 17:58:56", 
            "turn-index": 1, 
            "utterance": "こんばんは。水分をこまめに取っているので大丈夫です。"
        }, 
        {
            "annotations": [
                {
                    "annotator-id": "05_A", 
                    "breakdown": "O", 
                    "comment": "", 
                    "ungrammatical-sentence": "O"
                }, 
                {
                    "annotator-id": "07_A", 
                    "breakdown": "T", 
                    "comment": "", 
                    "ungrammatical-sentence": "O"
                }
            ], 
            "speaker": "S", 
            "time": "2014-08-26 17:58:56", 
            "turn-index": 2, 
            "utterance": "水分は暑いですか"
        }, 
        {
            "annotations": [], 
            "speaker": "U", 
            "time": "2014-08-26 17:59:10", 
            "turn-index": 3, 
            "utterance": "私は冷たいものがいいです。"
        }, 
        {
            "annotations": [
                {
                    "annotator-id": "05_A", 
                    "breakdown": "O", 
                    "comment": "", 
                    "ungrammatical-sentence": "O"
                }, 
                {
                    "annotator-id": "07_A", 
                    "breakdown": "O", 
                    "comment": "", 
                    "ungrammatical-sentence": "O"
                }
            ], 
            "speaker": "S", 
            "time": "2014-08-26 17:59:10", 
            "turn-index": 4, 
            "utterance": "補給が基本ですか"
        }, 
        {
            "annotations": [], 
            "speaker": "U", 
            "time": "2014-08-26 17:59:33", 
            "turn-index": 5, 
            "utterance": "そうですね。あとは塩分も大事ですね。"
        }, 
        {
            "annotations": [
                {
                    "annotator-id": "05_A", 
                    "breakdown": "T", 
                    "comment": "", 
                    "ungrammatical-sentence": "O"
                }, 
                {
                    "annotator-id": "07_A", 
                    "breakdown": "T", 
                    "comment": "", 
                    "ungrammatical-sentence": "O"
                }
            ], 
            "speaker": "S", 
            "time": "2014-08-26 17:59:33", 
            "turn-index": 6, 
            "utterance": "体が塩分を欲しいですね"
        }, 
        {
            "annotations": [], 
            "speaker": "U", 
            "time": "2014-08-26 17:59:54", 
            "turn-index": 7, 
            "utterance": "汗をかいた後は特に注意しないといけませんね。"
        }, 
        {
            "annotations": [
                {
                    "annotator-id": "05_A", 
                    "breakdown": "T", 
                    "comment": "", 
                    "ungrammatical-sentence": "O"
                }, 
                {
                    "annotator-id": "07_A", 
                    "breakdown": "O", 
                    "comment": "", 
                    "ungrammatical-sentence": "O"
                }
            ], 
            "speaker": "S", 
            "time": "2014-08-26 17:59:54", 
            "turn-index": 8, 
            "utterance": "汗は塩分濃度が低いですよねー"
        }, 
        {
            "annotations": [], 
            "speaker": "U", 
            "time": "2014-08-26 18:00:09", 
            "turn-index": 9, 
            "utterance": "そうなんですか？"
        }, 
        {
            "annotations": [
                {
                    "annotator-id": "05_A", 
                    "breakdown": "O", 
                    "comment": "", 
                    "ungrammatical-sentence": "O"
                }, 
                {
                    "annotator-id": "07_A", 
                    "breakdown": "O", 
                    "comment": "", 
                    "ungrammatical-sentence": "O"
                }
            ], 
            "speaker": "S", 
            "time": "2014-08-26 18:00:09", 
            "turn-index": 10, 
            "utterance": "うん"
        }, 
        {
            "annotations": [], 
            "speaker": "U", 
            "time": "2014-08-26 18:00:17", 
            "turn-index": 11, 
            "utterance": "初めて知りました。"
        }, 
        {
            "annotations": [
                {
                    "annotator-id": "05_A", 
                    "breakdown": "T", 
                    "comment": "", 
                    "ungrammatical-sentence": "O"
                }, 
                {
                    "annotator-id": "07_A", 
                    "breakdown": "O", 
                    "comment": "", 
                    "ungrammatical-sentence": "O"
                }
            ], 
            "speaker": "S", 
            "time": "2014-08-26 18:00:17", 
            "turn-index": 12, 
            "utterance": "汗はうまいですね"
        }, 
        {
            "annotations": [], 
            "speaker": "U", 
            "time": "2014-08-26 18:00:26", 
            "turn-index": 13, 
            "utterance": "舐めるんですか？"
        }, 
        {
            "annotations": [
                {
                    "annotator-id": "05_A", 
                    "breakdown": "X", 
                    "comment": "", 
                    "ungrammatical-sentence": "O"
                }, 
                {
                    "annotator-id": "07_A", 
                    "breakdown": "O", 
                    "comment": "", 
                    "ungrammatical-sentence": "O"
                }
            ], 
            "speaker": "S", 
            "time": "2014-08-26 18:00:26", 
            "turn-index": 14, 
            "utterance": "汗は頭にかくのです"
        }, 
        {
            "annotations": [], 
            "speaker": "U", 
            "time": "2014-08-26 18:00:38", 
            "turn-index": 15, 
            "utterance": "私は背中にかきやすいです。"
        }, 
        {
            "annotations": [
                {
                    "annotator-id": "05_A", 
                    "breakdown": "X", 
                    "comment": "", 
                    "ungrammatical-sentence": "O"
                }, 
                {
                    "annotator-id": "07_A", 
                    "breakdown": "O", 
                    "comment": "", 
                    "ungrammatical-sentence": "O"
                }
            ], 
            "speaker": "S", 
            "time": "2014-08-26 18:00:38", 
            "turn-index": 16, 
            "utterance": "半身浴でかくのです"
        }, 
        {
            "annotations": [], 
            "speaker": "U", 
            "time": "2014-08-26 18:00:56", 
            "turn-index": 17, 
            "utterance": "気持ちよさそうですね"
        }, 
        {
            "annotations": [
                {
                    "annotator-id": "05_A", 
                    "breakdown": "O", 
                    "comment": "", 
                    "ungrammatical-sentence": "O"
                }, 
                {
                    "annotator-id": "07_A", 
                    "breakdown": "O", 
                    "comment": "", 
                    "ungrammatical-sentence": "O"
                }
            ], 
            "speaker": "S", 
            "time": "2014-08-26 18:00:56", 
            "turn-index": 18, 
            "utterance": "半身浴は大好きですね"
        }, 
        {
            "annotations": [], 
            "speaker": "U", 
            "time": "2014-08-26 18:01:06", 
            "turn-index": 19, 
            "utterance": "私も嫌いじゃないですよ"
        }, 
        {
            "annotations": [
                {
                    "annotator-id": "05_A", 
                    "breakdown": "X", 
                    "comment": "", 
                    "ungrammatical-sentence": "O"
                }, 
                {
                    "annotator-id": "07_A", 
                    "breakdown": "O", 
                    "comment": "", 
                    "ungrammatical-sentence": "O"
                }
            ], 
            "speaker": "S", 
            "time": "2014-08-26 18:01:06", 
            "turn-index": 20, 
            "utterance": "半身浴が好きですね"
        }
    ]
}