{
    "dialogue-id": "1409216136", 
    "group-id": "subset_e", 
    "speaker-id": "04_07", 
    "turns": [
        {
            "annotations": [
                {
                    "annotator-id": "05_B", 
                    "breakdown": "O", 
                    "comment": "", 
                    "ungrammatical-sentence": "O"
                }, 
                {
                    "annotator-id": "08_B", 
                    "breakdown": "O", 
                    "comment": "", 
                    "ungrammatical-sentence": "O"
                }
            ], 
            "speaker": "S", 
            "time": "2014-08-28 17:52:21", 
            "turn-index": 0, 
            "utterance": "こんばんはー。声かけてくれるのを待ってたんだ。"
        }, 
        {
            "annotations": [], 
            "speaker": "U", 
            "time": "2014-08-28 17:52:30", 
            "turn-index": 1, 
            "utterance": "こんばんは"
        }, 
        {
            "annotations": [
                {
                    "annotator-id": "05_B", 
                    "breakdown": "O", 
                    "comment": "", 
                    "ungrammatical-sentence": "O"
                }, 
                {
                    "annotator-id": "08_B", 
                    "breakdown": "O", 
                    "comment": "", 
                    "ungrammatical-sentence": "O"
                }
            ], 
            "speaker": "S", 
            "time": "2014-08-28 17:52:30", 
            "turn-index": 2, 
            "utterance": "こんばんはありがとう"
        }, 
        {
            "annotations": [], 
            "speaker": "U", 
            "time": "2014-08-28 17:52:48", 
            "turn-index": 3, 
            "utterance": "いえいえどういたしまして"
        }, 
        {
            "annotations": [
                {
                    "annotator-id": "05_B", 
                    "breakdown": "T", 
                    "comment": "報酬は与えられているようで違和感がある", 
                    "ungrammatical-sentence": "O"
                }, 
                {
                    "annotator-id": "08_B", 
                    "breakdown": "O", 
                    "comment": "", 
                    "ungrammatical-sentence": "O"
                }
            ], 
            "speaker": "S", 
            "time": "2014-08-28 17:52:48", 
            "turn-index": 4, 
            "utterance": "なでなで"
        }, 
        {
            "annotations": [], 
            "speaker": "U", 
            "time": "2014-08-28 17:53:12", 
            "turn-index": 5, 
            "utterance": "てれてれ"
        }, 
        {
            "annotations": [
                {
                    "annotator-id": "05_B", 
                    "breakdown": "T", 
                    "comment": "繰り返し同じことを言っている", 
                    "ungrammatical-sentence": "O"
                }, 
                {
                    "annotator-id": "08_B", 
                    "breakdown": "O", 
                    "comment": "", 
                    "ungrammatical-sentence": "O"
                }
            ], 
            "speaker": "S", 
            "time": "2014-08-28 17:53:12", 
            "turn-index": 6, 
            "utterance": "なでなで"
        }, 
        {
            "annotations": [], 
            "speaker": "U", 
            "time": "2014-08-28 17:53:35", 
            "turn-index": 7, 
            "utterance": "なにか面白いニュースはない？"
        }, 
        {
            "annotations": [
                {
                    "annotator-id": "05_B", 
                    "breakdown": "O", 
                    "comment": "", 
                    "ungrammatical-sentence": "O"
                }, 
                {
                    "annotator-id": "08_B", 
                    "breakdown": "T", 
                    "comment": "", 
                    "ungrammatical-sentence": "O"
                }
            ], 
            "speaker": "S", 
            "time": "2014-08-28 17:53:35", 
            "turn-index": 8, 
            "utterance": "どういたしましては韓国語で教えてないですね"
        }, 
        {
            "annotations": [], 
            "speaker": "U", 
            "time": "2014-08-28 17:54:01", 
            "turn-index": 9, 
            "utterance": "そうですか"
        }, 
        {
            "annotations": [
                {
                    "annotator-id": "05_B", 
                    "breakdown": "O", 
                    "comment": "", 
                    "ungrammatical-sentence": "O"
                }, 
                {
                    "annotator-id": "08_B", 
                    "breakdown": "O", 
                    "comment": "", 
                    "ungrammatical-sentence": "O"
                }
            ], 
            "speaker": "S", 
            "time": "2014-08-28 17:54:01", 
            "turn-index": 10, 
            "utterance": "そうですよ"
        }, 
        {
            "annotations": [], 
            "speaker": "U", 
            "time": "2014-08-28 17:54:22", 
            "turn-index": 11, 
            "utterance": "韓国語教えてるの？"
        }, 
        {
            "annotations": [
                {
                    "annotator-id": "05_B", 
                    "breakdown": "O", 
                    "comment": "", 
                    "ungrammatical-sentence": "O"
                }, 
                {
                    "annotator-id": "08_B", 
                    "breakdown": "O", 
                    "comment": "", 
                    "ungrammatical-sentence": "O"
                }
            ], 
            "speaker": "S", 
            "time": "2014-08-28 17:54:22", 
            "turn-index": 12, 
            "utterance": "韓国語は日本人に教えるんです"
        }, 
        {
            "annotations": [], 
            "speaker": "U", 
            "time": "2014-08-28 17:54:33", 
            "turn-index": 13, 
            "utterance": "アメリカ人には教えないの？"
        }, 
        {
            "annotations": [
                {
                    "annotator-id": "05_B", 
                    "breakdown": "O", 
                    "comment": "", 
                    "ungrammatical-sentence": "O"
                }, 
                {
                    "annotator-id": "08_B", 
                    "breakdown": "T", 
                    "comment": "", 
                    "ungrammatical-sentence": "O"
                }
            ], 
            "speaker": "S", 
            "time": "2014-08-28 17:54:33", 
            "turn-index": 14, 
            "utterance": "アメリカ人はいい人が多いらしい"
        }, 
        {
            "annotations": [], 
            "speaker": "U", 
            "time": "2014-08-28 17:54:41", 
            "turn-index": 15, 
            "utterance": "日本人は？"
        }, 
        {
            "annotations": [
                {
                    "annotator-id": "05_B", 
                    "breakdown": "T", 
                    "comment": "助詞の使いかたがおかしい", 
                    "ungrammatical-sentence": "O"
                }, 
                {
                    "annotator-id": "08_B", 
                    "breakdown": "O", 
                    "comment": "", 
                    "ungrammatical-sentence": "O"
                }
            ], 
            "speaker": "S", 
            "time": "2014-08-28 17:54:41", 
            "turn-index": 16, 
            "utterance": "好きが多いらしいですよ"
        }, 
        {
            "annotations": [], 
            "speaker": "U", 
            "time": "2014-08-28 17:54:56", 
            "turn-index": 17, 
            "utterance": "物好きが多いってこと？"
        }, 
        {
            "annotations": [
                {
                    "annotator-id": "05_B", 
                    "breakdown": "X", 
                    "comment": "「人口」について誰も聞いていない", 
                    "ungrammatical-sentence": "O"
                }, 
                {
                    "annotator-id": "08_B", 
                    "breakdown": "O", 
                    "comment": "", 
                    "ungrammatical-sentence": "O"
                }
            ], 
            "speaker": "S", 
            "time": "2014-08-28 17:54:56", 
            "turn-index": 18, 
            "utterance": "日本人は人が多いらしい"
        }, 
        {
            "annotations": [], 
            "speaker": "U", 
            "time": "2014-08-28 17:55:30", 
            "turn-index": 19, 
            "utterance": "インド人や中国人のほうが多いよ！"
        }, 
        {
            "annotations": [
                {
                    "annotator-id": "05_B", 
                    "breakdown": "X", 
                    "comment": "血液型について聞いていない", 
                    "ungrammatical-sentence": "O"
                }, 
                {
                    "annotator-id": "08_B", 
                    "breakdown": "O", 
                    "comment": "", 
                    "ungrammatical-sentence": "O"
                }
            ], 
            "speaker": "S", 
            "time": "2014-08-28 17:55:30", 
            "turn-index": 20, 
            "utterance": "日本人はA型が多いそうです"
        }
    ]
}