{
    "dialogue-id": "1409054004", 
    "group-id": "subset_b", 
    "speaker-id": "11_05", 
    "turns": [
        {
            "annotations": [
                {
                    "annotator-id": "02_A", 
                    "breakdown": "O", 
                    "comment": "", 
                    "ungrammatical-sentence": "O"
                }, 
                {
                    "annotator-id": "03_A", 
                    "breakdown": "O", 
                    "comment": "", 
                    "ungrammatical-sentence": "O"
                }
            ], 
            "speaker": "S", 
            "time": "2014-08-26 20:51:24", 
            "turn-index": 0, 
            "utterance": "こんばんは！夏といえばスイカだね。"
        }, 
        {
            "annotations": [], 
            "speaker": "U", 
            "time": "2014-08-26 20:51:34", 
            "turn-index": 1, 
            "utterance": "もう秋だよ"
        }, 
        {
            "annotations": [
                {
                    "annotator-id": "02_A", 
                    "breakdown": "T", 
                    "comment": "", 
                    "ungrammatical-sentence": "O"
                }, 
                {
                    "annotator-id": "03_A", 
                    "breakdown": "O", 
                    "comment": "", 
                    "ungrammatical-sentence": "O"
                }
            ], 
            "speaker": "S", 
            "time": "2014-08-26 20:51:34", 
            "turn-index": 2, 
            "utterance": "スイカは実が大きいですね"
        }, 
        {
            "annotations": [], 
            "speaker": "U", 
            "time": "2014-08-26 20:51:51", 
            "turn-index": 3, 
            "utterance": "よくあんなに大きくなるよね"
        }, 
        {
            "annotations": [
                {
                    "annotator-id": "02_A", 
                    "breakdown": "T", 
                    "comment": "", 
                    "ungrammatical-sentence": "O"
                }, 
                {
                    "annotator-id": "03_A", 
                    "breakdown": "O", 
                    "comment": "", 
                    "ungrammatical-sentence": "O"
                }
            ], 
            "speaker": "S", 
            "time": "2014-08-26 20:51:51", 
            "turn-index": 4, 
            "utterance": "実がつきますよねえ"
        }, 
        {
            "annotations": [], 
            "speaker": "U", 
            "time": "2014-08-26 20:52:10", 
            "turn-index": 5, 
            "utterance": "地面にね"
        }, 
        {
            "annotations": [
                {
                    "annotator-id": "02_A", 
                    "breakdown": "T", 
                    "comment": "", 
                    "ungrammatical-sentence": "O"
                }, 
                {
                    "annotator-id": "03_A", 
                    "breakdown": "O", 
                    "comment": "", 
                    "ungrammatical-sentence": "O"
                }
            ], 
            "speaker": "S", 
            "time": "2014-08-26 20:52:10", 
            "turn-index": 6, 
            "utterance": "スイカにかぶりつきますよねー"
        }, 
        {
            "annotations": [], 
            "speaker": "U", 
            "time": "2014-08-26 20:52:22", 
            "turn-index": 7, 
            "utterance": "塩かける？"
        }, 
        {
            "annotations": [
                {
                    "annotator-id": "02_A", 
                    "breakdown": "X", 
                    "comment": "", 
                    "ungrammatical-sentence": "O"
                }, 
                {
                    "annotator-id": "03_A", 
                    "breakdown": "X", 
                    "comment": "", 
                    "ungrammatical-sentence": "O"
                }
            ], 
            "speaker": "S", 
            "time": "2014-08-26 20:52:22", 
            "turn-index": 8, 
            "utterance": "塩は揚げたてを食べます"
        }, 
        {
            "annotations": [], 
            "speaker": "U", 
            "time": "2014-08-26 20:52:30", 
            "turn-index": 9, 
            "utterance": "なんだと！？"
        }, 
        {
            "annotations": [
                {
                    "annotator-id": "02_A", 
                    "breakdown": "X", 
                    "comment": "", 
                    "ungrammatical-sentence": "O"
                }, 
                {
                    "annotator-id": "03_A", 
                    "breakdown": "X", 
                    "comment": "", 
                    "ungrammatical-sentence": "O"
                }
            ], 
            "speaker": "S", 
            "time": "2014-08-26 20:52:30", 
            "turn-index": 10, 
            "utterance": "塩がつきます"
        }, 
        {
            "annotations": [], 
            "speaker": "U", 
            "time": "2014-08-26 20:52:45", 
            "turn-index": 11, 
            "utterance": "実は家に塩ないんだよね"
        }, 
        {
            "annotations": [
                {
                    "annotator-id": "02_A", 
                    "breakdown": "T", 
                    "comment": "", 
                    "ungrammatical-sentence": "O"
                }, 
                {
                    "annotator-id": "03_A", 
                    "breakdown": "X", 
                    "comment": "", 
                    "ungrammatical-sentence": "O"
                }
            ], 
            "speaker": "S", 
            "time": "2014-08-26 20:52:45", 
            "turn-index": 12, 
            "utterance": "両面に振ります"
        }, 
        {
            "annotations": [], 
            "speaker": "U", 
            "time": "2014-08-26 20:52:56", 
            "turn-index": 13, 
            "utterance": "何いってんの？"
        }, 
        {
            "annotations": [
                {
                    "annotator-id": "02_A", 
                    "breakdown": "O", 
                    "comment": "", 
                    "ungrammatical-sentence": "O"
                }, 
                {
                    "annotator-id": "03_A", 
                    "breakdown": "O", 
                    "comment": "", 
                    "ungrammatical-sentence": "O"
                }
            ], 
            "speaker": "S", 
            "time": "2014-08-26 20:52:56", 
            "turn-index": 14, 
            "utterance": "ごめんなさい"
        }, 
        {
            "annotations": [], 
            "speaker": "U", 
            "time": "2014-08-26 20:53:05", 
            "turn-index": 15, 
            "utterance": "いやそんなつもりじゃ"
        }, 
        {
            "annotations": [
                {
                    "annotator-id": "02_A", 
                    "breakdown": "X", 
                    "comment": "", 
                    "ungrammatical-sentence": "O"
                }, 
                {
                    "annotator-id": "03_A", 
                    "breakdown": "X", 
                    "comment": "", 
                    "ungrammatical-sentence": "O"
                }
            ], 
            "speaker": "S", 
            "time": "2014-08-26 20:53:05", 
            "turn-index": 16, 
            "utterance": "両面でパンサーが出るのです"
        }, 
        {
            "annotations": [], 
            "speaker": "U", 
            "time": "2014-08-26 20:53:14", 
            "turn-index": 17, 
            "utterance": "だからいみわからんて"
        }, 
        {
            "annotations": [
                {
                    "annotator-id": "02_A", 
                    "breakdown": "O", 
                    "comment": "", 
                    "ungrammatical-sentence": "O"
                }, 
                {
                    "annotator-id": "03_A", 
                    "breakdown": "O", 
                    "comment": "", 
                    "ungrammatical-sentence": "O"
                }
            ], 
            "speaker": "S", 
            "time": "2014-08-26 20:53:14", 
            "turn-index": 18, 
            "utterance": "ごめんなさい…怒らないでください"
        }, 
        {
            "annotations": [], 
            "speaker": "U", 
            "time": "2014-08-26 20:53:22", 
            "turn-index": 19, 
            "utterance": "いや起こってないって"
        }, 
        {
            "annotations": [
                {
                    "annotator-id": "02_A", 
                    "breakdown": "O", 
                    "comment": "", 
                    "ungrammatical-sentence": "O"
                }, 
                {
                    "annotator-id": "03_A", 
                    "breakdown": "O", 
                    "comment": "", 
                    "ungrammatical-sentence": "O"
                }
            ], 
            "speaker": "S", 
            "time": "2014-08-26 20:53:22", 
            "turn-index": 20, 
            "utterance": "よかった"
        }
    ]
}