{
    "dialogue-id": "1409300189", 
    "group-id": "subset_d", 
    "speaker-id": "08_01", 
    "turns": [
        {
            "annotations": [
                {
                    "annotator-id": "05_A", 
                    "breakdown": "O", 
                    "comment": "", 
                    "ungrammatical-sentence": "O"
                }, 
                {
                    "annotator-id": "07_A", 
                    "breakdown": "O", 
                    "comment": "", 
                    "ungrammatical-sentence": "O"
                }
            ], 
            "speaker": "S", 
            "time": "2014-08-29 17:11:12", 
            "turn-index": 0, 
            "utterance": "こんばんは。声かけてくれるのを待ってたんだ。"
        }, 
        {
            "annotations": [], 
            "speaker": "U", 
            "time": "2014-08-29 17:11:38", 
            "turn-index": 1, 
            "utterance": "本当ですか、ありがとうございます。"
        }, 
        {
            "annotations": [
                {
                    "annotator-id": "05_A", 
                    "breakdown": "O", 
                    "comment": "", 
                    "ungrammatical-sentence": "O"
                }, 
                {
                    "annotator-id": "07_A", 
                    "breakdown": "O", 
                    "comment": "", 
                    "ungrammatical-sentence": "O"
                }
            ], 
            "speaker": "S", 
            "time": "2014-08-29 17:11:38", 
            "turn-index": 2, 
            "utterance": "いえいえ"
        }, 
        {
            "annotations": [], 
            "speaker": "U", 
            "time": "2014-08-29 17:11:51", 
            "turn-index": 3, 
            "utterance": "今日はどういった用事なのですか。"
        }, 
        {
            "annotations": [
                {
                    "annotator-id": "05_A", 
                    "breakdown": "O", 
                    "comment": "", 
                    "ungrammatical-sentence": "O"
                }, 
                {
                    "annotator-id": "07_A", 
                    "breakdown": "O", 
                    "comment": "", 
                    "ungrammatical-sentence": "O"
                }
            ], 
            "speaker": "S", 
            "time": "2014-08-29 17:11:51", 
            "turn-index": 4, 
            "utterance": "これからの旅行の予定か、思い出に残っている旅行を教えて下さい！"
        }, 
        {
            "annotations": [], 
            "speaker": "U", 
            "time": "2014-08-29 17:12:39", 
            "turn-index": 5, 
            "utterance": "そうですね、みんなで四国に泊まったのが楽しかったです。"
        }, 
        {
            "annotations": [
                {
                    "annotator-id": "05_A", 
                    "breakdown": "O", 
                    "comment": "", 
                    "ungrammatical-sentence": "O"
                }, 
                {
                    "annotator-id": "07_A", 
                    "breakdown": "O", 
                    "comment": "", 
                    "ungrammatical-sentence": "O"
                }
            ], 
            "speaker": "S", 
            "time": "2014-08-29 17:12:39", 
            "turn-index": 6, 
            "utterance": "四国は日帰りで行きますか？"
        }, 
        {
            "annotations": [], 
            "speaker": "U", 
            "time": "2014-08-29 17:12:53", 
            "turn-index": 7, 
            "utterance": "いいえ、一泊二日で行きました。"
        }, 
        {
            "annotations": [
                {
                    "annotator-id": "05_A", 
                    "breakdown": "O", 
                    "comment": "", 
                    "ungrammatical-sentence": "O"
                }, 
                {
                    "annotator-id": "07_A", 
                    "breakdown": "O", 
                    "comment": "", 
                    "ungrammatical-sentence": "O"
                }
            ], 
            "speaker": "S", 
            "time": "2014-08-29 17:12:53", 
            "turn-index": 8, 
            "utterance": "日帰りがいいですね"
        }, 
        {
            "annotations": [], 
            "speaker": "U", 
            "time": "2014-08-29 17:13:34", 
            "turn-index": 9, 
            "utterance": "そうですね。宿に泊まらなくていいぶん、安くあがりますもんね。"
        }, 
        {
            "annotations": [
                {
                    "annotator-id": "05_A", 
                    "breakdown": "O", 
                    "comment": "", 
                    "ungrammatical-sentence": "O"
                }, 
                {
                    "annotator-id": "07_A", 
                    "breakdown": "O", 
                    "comment": "", 
                    "ungrammatical-sentence": "O"
                }
            ], 
            "speaker": "S", 
            "time": "2014-08-29 17:13:34", 
            "turn-index": 10, 
            "utterance": "日帰りは勿体無いですか"
        }, 
        {
            "annotations": [], 
            "speaker": "U", 
            "time": "2014-08-29 17:14:27", 
            "turn-index": 11, 
            "utterance": "確かに、ゆっくり観光できないので、もったいないですよね。"
        }, 
        {
            "annotations": [
                {
                    "annotator-id": "05_A", 
                    "breakdown": "O", 
                    "comment": "", 
                    "ungrammatical-sentence": "O"
                }, 
                {
                    "annotator-id": "07_A", 
                    "breakdown": "O", 
                    "comment": "", 
                    "ungrammatical-sentence": "O"
                }
            ], 
            "speaker": "S", 
            "time": "2014-08-29 17:14:27", 
            "turn-index": 12, 
            "utterance": "日帰りは勿体無いですよねー"
        }, 
        {
            "annotations": [], 
            "speaker": "U", 
            "time": "2014-08-29 17:14:51", 
            "turn-index": 13, 
            "utterance": "ゆっくり観光しようと思ったら、どこかに宿泊するのがいいと思います。"
        }, 
        {
            "annotations": [
                {
                    "annotator-id": "05_A", 
                    "breakdown": "O", 
                    "comment": "", 
                    "ungrammatical-sentence": "O"
                }, 
                {
                    "annotator-id": "07_A", 
                    "breakdown": "T", 
                    "comment": "", 
                    "ungrammatical-sentence": "O"
                }
            ], 
            "speaker": "S", 
            "time": "2014-08-29 17:14:51", 
            "turn-index": 14, 
            "utterance": "水上コテージなんかがいいですよねえ"
        }, 
        {
            "annotations": [], 
            "speaker": "U", 
            "time": "2014-08-29 17:15:16", 
            "turn-index": 15, 
            "utterance": "確かにロマンチックですよね。そういうのに憧れます。"
        }, 
        {
            "annotations": [
                {
                    "annotator-id": "05_A", 
                    "breakdown": "O", 
                    "comment": "", 
                    "ungrammatical-sentence": "O"
                }, 
                {
                    "annotator-id": "07_A", 
                    "breakdown": "O", 
                    "comment": "", 
                    "ungrammatical-sentence": "O"
                }
            ], 
            "speaker": "S", 
            "time": "2014-08-29 17:15:16", 
            "turn-index": 16, 
            "utterance": "宿泊はいいですね"
        }, 
        {
            "annotations": [], 
            "speaker": "U", 
            "time": "2014-08-29 17:15:48", 
            "turn-index": 17, 
            "utterance": "日常から少し離れることができるので、私は宿泊するのが好きです。"
        }, 
        {
            "annotations": [
                {
                    "annotator-id": "05_A", 
                    "breakdown": "X", 
                    "comment": "さっき聞いた", 
                    "ungrammatical-sentence": "O"
                }, 
                {
                    "annotator-id": "07_A", 
                    "breakdown": "X", 
                    "comment": "同じ発言を繰り返している", 
                    "ungrammatical-sentence": "O"
                }
            ], 
            "speaker": "S", 
            "time": "2014-08-29 17:15:48", 
            "turn-index": 18, 
            "utterance": "水上コテージなんかがいいですね"
        }, 
        {
            "annotations": [], 
            "speaker": "U", 
            "time": "2014-08-29 17:16:24", 
            "turn-index": 19, 
            "utterance": "他にも、趣のある旅館もいいですよね。"
        }, 
        {
            "annotations": [
                {
                    "annotator-id": "05_A", 
                    "breakdown": "X", 
                    "comment": "何の趣？", 
                    "ungrammatical-sentence": "O"
                }, 
                {
                    "annotator-id": "07_A", 
                    "breakdown": "T", 
                    "comment": "", 
                    "ungrammatical-sentence": "O"
                }
            ], 
            "speaker": "S", 
            "time": "2014-08-29 17:16:24", 
            "turn-index": 20, 
            "utterance": "趣は深いですね"
        }
    ]
}