{
    "dialogue-id": "1409128811", 
    "group-id": "subset_c", 
    "speaker-id": "08_10", 
    "turns": [
        {
            "annotations": [
                {
                    "annotator-id": "04_B", 
                    "breakdown": "O", 
                    "comment": "", 
                    "ungrammatical-sentence": "O"
                }, 
                {
                    "annotator-id": "06_A", 
                    "breakdown": "O", 
                    "comment": "", 
                    "ungrammatical-sentence": "O"
                }
            ], 
            "speaker": "S", 
            "time": "2014-08-27 17:38:17", 
            "turn-index": 0, 
            "utterance": "こんばんは。気軽に声かけてね。"
        }, 
        {
            "annotations": [], 
            "speaker": "U", 
            "time": "2014-08-27 17:38:21", 
            "turn-index": 1, 
            "utterance": "こんばんは"
        }, 
        {
            "annotations": [
                {
                    "annotator-id": "04_B", 
                    "breakdown": "O", 
                    "comment": "", 
                    "ungrammatical-sentence": "O"
                }, 
                {
                    "annotator-id": "06_A", 
                    "breakdown": "O", 
                    "comment": "", 
                    "ungrammatical-sentence": "O"
                }
            ], 
            "speaker": "S", 
            "time": "2014-08-27 17:38:21", 
            "turn-index": 2, 
            "utterance": "夜はこれからです。"
        }, 
        {
            "annotations": [], 
            "speaker": "U", 
            "time": "2014-08-27 17:38:27", 
            "turn-index": 3, 
            "utterance": "そうですね"
        }, 
        {
            "annotations": [
                {
                    "annotator-id": "04_B", 
                    "breakdown": "O", 
                    "comment": "", 
                    "ungrammatical-sentence": "O"
                }, 
                {
                    "annotator-id": "06_A", 
                    "breakdown": "O", 
                    "comment": "", 
                    "ungrammatical-sentence": "O"
                }
            ], 
            "speaker": "S", 
            "time": "2014-08-27 17:38:27", 
            "turn-index": 4, 
            "utterance": "そうですね"
        }, 
        {
            "annotations": [], 
            "speaker": "U", 
            "time": "2014-08-27 17:38:36", 
            "turn-index": 5, 
            "utterance": "いいとも終わっちゃいましたね"
        }, 
        {
            "annotations": [
                {
                    "annotator-id": "04_B", 
                    "breakdown": "T", 
                    "comment": "話題転換が急", 
                    "ungrammatical-sentence": "O"
                }, 
                {
                    "annotator-id": "06_A", 
                    "breakdown": "O", 
                    "comment": "", 
                    "ungrammatical-sentence": "O"
                }
            ], 
            "speaker": "S", 
            "time": "2014-08-27 17:38:36", 
            "turn-index": 6, 
            "utterance": "外国に行った事はありますか？"
        }, 
        {
            "annotations": [], 
            "speaker": "U", 
            "time": "2014-08-27 17:38:50", 
            "turn-index": 7, 
            "utterance": "一度だけドイツに行きました"
        }, 
        {
            "annotations": [
                {
                    "annotator-id": "04_B", 
                    "breakdown": "X", 
                    "comment": "「XはYで有名」の「X」が何かわからない", 
                    "ungrammatical-sentence": "O"
                }, 
                {
                    "annotator-id": "06_A", 
                    "breakdown": "O", 
                    "comment": "", 
                    "ungrammatical-sentence": "O"
                }
            ], 
            "speaker": "S", 
            "time": "2014-08-27 17:38:50", 
            "turn-index": 8, 
            "utterance": "ドイツで有名ですね"
        }, 
        {
            "annotations": [], 
            "speaker": "U", 
            "time": "2014-08-27 17:39:02", 
            "turn-index": 9, 
            "utterance": "ビールとかウインナーですか"
        }, 
        {
            "annotations": [
                {
                    "annotator-id": "04_B", 
                    "breakdown": "O", 
                    "comment": "", 
                    "ungrammatical-sentence": "O"
                }, 
                {
                    "annotator-id": "06_A", 
                    "breakdown": "O", 
                    "comment": "", 
                    "ungrammatical-sentence": "O"
                }
            ], 
            "speaker": "S", 
            "time": "2014-08-27 17:39:02", 
            "turn-index": 10, 
            "utterance": "ビールはキリンが好きですね"
        }, 
        {
            "annotations": [], 
            "speaker": "U", 
            "time": "2014-08-27 17:39:12", 
            "turn-index": 11, 
            "utterance": "ドイツにキリンはないですよ"
        }, 
        {
            "annotations": [
                {
                    "annotator-id": "04_B", 
                    "breakdown": "T", 
                    "comment": "急に話題が変わった", 
                    "ungrammatical-sentence": "O"
                }, 
                {
                    "annotator-id": "06_A", 
                    "breakdown": "T", 
                    "comment": "", 
                    "ungrammatical-sentence": "O"
                }
            ], 
            "speaker": "S", 
            "time": "2014-08-27 17:39:12", 
            "turn-index": 12, 
            "utterance": "ドイツは若手が多いですか"
        }, 
        {
            "annotations": [], 
            "speaker": "U", 
            "time": "2014-08-27 17:39:27", 
            "turn-index": 13, 
            "utterance": "いえ、ドイツの食べ物は美味しかったです"
        }, 
        {
            "annotations": [
                {
                    "annotator-id": "04_B", 
                    "breakdown": "X", 
                    "comment": "意味がわからない", 
                    "ungrammatical-sentence": "O"
                }, 
                {
                    "annotator-id": "06_A", 
                    "breakdown": "T", 
                    "comment": "", 
                    "ungrammatical-sentence": "O"
                }
            ], 
            "speaker": "S", 
            "time": "2014-08-27 17:39:27", 
            "turn-index": 14, 
            "utterance": "ドイツは欲しいですね"
        }, 
        {
            "annotations": [], 
            "speaker": "U", 
            "time": "2014-08-27 17:39:46", 
            "turn-index": 15, 
            "utterance": "あなたは海外経験ありますか？"
        }, 
        {
            "annotations": [
                {
                    "annotator-id": "04_B", 
                    "breakdown": "X", 
                    "comment": "Uの質問を無視／「小売価格」が唐突（別に卸売りの話もしていないし、また何の価格の話かもわからない）", 
                    "ungrammatical-sentence": "O"
                }, 
                {
                    "annotator-id": "06_A", 
                    "breakdown": "X", 
                    "comment": "", 
                    "ungrammatical-sentence": "O"
                }
            ], 
            "speaker": "S", 
            "time": "2014-08-27 17:39:46", 
            "turn-index": 16, 
            "utterance": "ドイツは小売価格が高いです"
        }, 
        {
            "annotations": [], 
            "speaker": "U", 
            "time": "2014-08-27 17:39:54", 
            "turn-index": 17, 
            "utterance": "そうなんですか"
        }, 
        {
            "annotations": [
                {
                    "annotator-id": "04_B", 
                    "breakdown": "T", 
                    "comment": "", 
                    "ungrammatical-sentence": "O"
                }, 
                {
                    "annotator-id": "06_A", 
                    "breakdown": "X", 
                    "comment": "", 
                    "ungrammatical-sentence": "O"
                }
            ], 
            "speaker": "S", 
            "time": "2014-08-27 17:39:54", 
            "turn-index": 18, 
            "utterance": "らしいよ"
        }, 
        {
            "annotations": [], 
            "speaker": "U", 
            "time": "2014-08-27 17:40:08", 
            "turn-index": 19, 
            "utterance": "ビールは安かったです"
        }, 
        {
            "annotations": [
                {
                    "annotator-id": "04_B", 
                    "breakdown": "T", 
                    "comment": "多分これはドイツのビールの話ではなく日本のビールの話。だが19Uはドイツのビールの話。", 
                    "ungrammatical-sentence": "O"
                }, 
                {
                    "annotator-id": "06_A", 
                    "breakdown": "O", 
                    "comment": "", 
                    "ungrammatical-sentence": "O"
                }
            ], 
            "speaker": "S", 
            "time": "2014-08-27 17:40:08", 
            "turn-index": 20, 
            "utterance": "ビールは酒税が高いらしい"
        }
    ]
}