{
    "dialogue-id": "1409300494", 
    "group-id": "subset_g", 
    "speaker-id": "08_01", 
    "turns": [
        {
            "annotations": [
                {
                    "annotator-id": "09_B", 
                    "breakdown": "O", 
                    "comment": "", 
                    "ungrammatical-sentence": "O"
                }, 
                {
                    "annotator-id": "12_A", 
                    "breakdown": "O", 
                    "comment": "", 
                    "ungrammatical-sentence": "O"
                }
            ], 
            "speaker": "S", 
            "time": "2014-08-29 17:16:34", 
            "turn-index": 0, 
            "utterance": "こんばんは！気軽に声かけてね。"
        }, 
        {
            "annotations": [], 
            "speaker": "U", 
            "time": "2014-08-29 17:17:02", 
            "turn-index": 1, 
            "utterance": "了解しました！何か好きなものはありますか。"
        }, 
        {
            "annotations": [
                {
                    "annotator-id": "09_B", 
                    "breakdown": "T", 
                    "comment": "相手からの質問に質問で返していておかしい", 
                    "ungrammatical-sentence": "O"
                }, 
                {
                    "annotator-id": "12_A", 
                    "breakdown": "X", 
                    "comment": "", 
                    "ungrammatical-sentence": "O"
                }
            ], 
            "speaker": "S", 
            "time": "2014-08-29 17:17:02", 
            "turn-index": 2, 
            "utterance": "最後に旅行されたのはいつですか？"
        }, 
        {
            "annotations": [], 
            "speaker": "U", 
            "time": "2014-08-29 17:17:46", 
            "turn-index": 3, 
            "utterance": "そうですね・・・、今年の6月に旅行をしました。"
        }, 
        {
            "annotations": [
                {
                    "annotator-id": "09_B", 
                    "breakdown": "T", 
                    "comment": "質問の意味がよく分からない", 
                    "ungrammatical-sentence": "O"
                }, 
                {
                    "annotator-id": "12_A", 
                    "breakdown": "O", 
                    "comment": "", 
                    "ungrammatical-sentence": "O"
                }
            ], 
            "speaker": "S", 
            "time": "2014-08-29 17:17:46", 
            "turn-index": 4, 
            "utterance": "旅行が出来てます？？"
        }, 
        {
            "annotations": [], 
            "speaker": "U", 
            "time": "2014-08-29 17:18:09", 
            "turn-index": 5, 
            "utterance": "他のことで忙しいので、なかなか旅行ができていないです。"
        }, 
        {
            "annotations": [
                {
                    "annotator-id": "09_B", 
                    "breakdown": "O", 
                    "comment": "", 
                    "ungrammatical-sentence": "O"
                }, 
                {
                    "annotator-id": "12_A", 
                    "breakdown": "O", 
                    "comment": "", 
                    "ungrammatical-sentence": "O"
                }
            ], 
            "speaker": "S", 
            "time": "2014-08-29 17:18:09", 
            "turn-index": 6, 
            "utterance": "旅行は友達とがいいですね"
        }, 
        {
            "annotations": [], 
            "speaker": "U", 
            "time": "2014-08-29 17:18:29", 
            "turn-index": 7, 
            "utterance": "そうですね。わいわいと騒げて楽しいですもんね。"
        }, 
        {
            "annotations": [
                {
                    "annotator-id": "09_B", 
                    "breakdown": "O", 
                    "comment": "", 
                    "ungrammatical-sentence": "O"
                }, 
                {
                    "annotator-id": "12_A", 
                    "breakdown": "O", 
                    "comment": "", 
                    "ungrammatical-sentence": "O"
                }
            ], 
            "speaker": "S", 
            "time": "2014-08-29 17:18:29", 
            "turn-index": 8, 
            "utterance": "旅行はいかがか？？"
        }, 
        {
            "annotations": [], 
            "speaker": "U", 
            "time": "2014-08-29 17:18:46", 
            "turn-index": 9, 
            "utterance": "できたら、外国とかに旅行したいです。"
        }, 
        {
            "annotations": [
                {
                    "annotator-id": "09_B", 
                    "breakdown": "O", 
                    "comment": "", 
                    "ungrammatical-sentence": "O"
                }, 
                {
                    "annotator-id": "12_A", 
                    "breakdown": "O", 
                    "comment": "", 
                    "ungrammatical-sentence": "O"
                }
            ], 
            "speaker": "S", 
            "time": "2014-08-29 17:18:46", 
            "turn-index": 10, 
            "utterance": "外国は治安が悪いですね"
        }, 
        {
            "annotations": [], 
            "speaker": "U", 
            "time": "2014-08-29 17:19:11", 
            "turn-index": 11, 
            "utterance": "そうですね。日本と比較すると、どこも治安が良くないですよね。"
        }, 
        {
            "annotations": [
                {
                    "annotator-id": "09_B", 
                    "breakdown": "O", 
                    "comment": "", 
                    "ungrammatical-sentence": "O"
                }, 
                {
                    "annotator-id": "12_A", 
                    "breakdown": "O", 
                    "comment": "", 
                    "ungrammatical-sentence": "O"
                }
            ], 
            "speaker": "S", 
            "time": "2014-08-29 17:19:11", 
            "turn-index": 12, 
            "utterance": "外国はスリが多いですよねえ"
        }, 
        {
            "annotations": [], 
            "speaker": "U", 
            "time": "2014-08-29 17:19:51", 
            "turn-index": 13, 
            "utterance": "確かにそういいます。なので、外国に行くときには貴重品の管理に細心の注意を払います。"
        }, 
        {
            "annotations": [
                {
                    "annotator-id": "09_B", 
                    "breakdown": "T", 
                    "comment": "何の量について言っているのか分からない", 
                    "ungrammatical-sentence": "O"
                }, 
                {
                    "annotator-id": "12_A", 
                    "breakdown": "O", 
                    "comment": "", 
                    "ungrammatical-sentence": "O"
                }
            ], 
            "speaker": "S", 
            "time": "2014-08-29 17:19:51", 
            "turn-index": 14, 
            "utterance": "外国は量が多いですね"
        }, 
        {
            "annotations": [], 
            "speaker": "U", 
            "time": "2014-08-29 17:20:14", 
            "turn-index": 15, 
            "utterance": "そうですね。特に、食べ物の量は日本の倍近くありますよね。"
        }, 
        {
            "annotations": [
                {
                    "annotator-id": "09_B", 
                    "breakdown": "T", 
                    "comment": "何のパーティの話をしているのか分からない", 
                    "ungrammatical-sentence": "O"
                }, 
                {
                    "annotator-id": "12_A", 
                    "breakdown": "O", 
                    "comment": "", 
                    "ungrammatical-sentence": "O"
                }
            ], 
            "speaker": "S", 
            "time": "2014-08-29 17:20:14", 
            "turn-index": 16, 
            "utterance": "パーティなどが多いですか"
        }, 
        {
            "annotations": [], 
            "speaker": "U", 
            "time": "2014-08-29 17:20:47", 
            "turn-index": 17, 
            "utterance": "そうですね。外国ではよくホームパーティが開催されますよね。"
        }, 
        {
            "annotations": [
                {
                    "annotator-id": "09_B", 
                    "breakdown": "O", 
                    "comment": "", 
                    "ungrammatical-sentence": "O"
                }, 
                {
                    "annotator-id": "12_A", 
                    "breakdown": "O", 
                    "comment": "", 
                    "ungrammatical-sentence": "O"
                }
            ], 
            "speaker": "S", 
            "time": "2014-08-29 17:20:47", 
            "turn-index": 18, 
            "utterance": "外国は面白いですね"
        }, 
        {
            "annotations": [], 
            "speaker": "U", 
            "time": "2014-08-29 17:21:08", 
            "turn-index": 19, 
            "utterance": "日本と比較すると異なった"
        }, 
        {
            "annotations": [
                {
                    "annotator-id": "09_B", 
                    "breakdown": "T", 
                    "comment": "何のレベルが高いのか分からない", 
                    "ungrammatical-sentence": "O"
                }, 
                {
                    "annotator-id": "12_A", 
                    "breakdown": "O", 
                    "comment": "", 
                    "ungrammatical-sentence": "O"
                }
            ], 
            "speaker": "S", 
            "time": "2014-08-29 17:21:08", 
            "turn-index": 20, 
            "utterance": "レベルが高いですね"
        }
    ]
}