{
    "dialogue-id": "1409292468", 
    "group-id": "subset_c", 
    "speaker-id": "14_02", 
    "turns": [
        {
            "annotations": [
                {
                    "annotator-id": "04_B", 
                    "breakdown": "O", 
                    "comment": "", 
                    "ungrammatical-sentence": "O"
                }, 
                {
                    "annotator-id": "06_A", 
                    "breakdown": "O", 
                    "comment": "", 
                    "ungrammatical-sentence": "O"
                }
            ], 
            "speaker": "S", 
            "time": "2014-08-29 14:58:57", 
            "turn-index": 0, 
            "utterance": "こんにちはー。声かけてくれるのを待ってたんだ。"
        }, 
        {
            "annotations": [], 
            "speaker": "U", 
            "time": "2014-08-29 15:05:52", 
            "turn-index": 1, 
            "utterance": "これから会議があるからちょっとだけね"
        }, 
        {
            "annotations": [
                {
                    "annotator-id": "04_B", 
                    "breakdown": "O", 
                    "comment": "", 
                    "ungrammatical-sentence": "O"
                }, 
                {
                    "annotator-id": "06_A", 
                    "breakdown": "O", 
                    "comment": "", 
                    "ungrammatical-sentence": "O"
                }
            ], 
            "speaker": "S", 
            "time": "2014-08-29 15:05:52", 
            "turn-index": 2, 
            "utterance": "会議は大好きですね"
        }, 
        {
            "annotations": [], 
            "speaker": "U", 
            "time": "2014-08-29 15:06:09", 
            "turn-index": 3, 
            "utterance": "長い会議は疲れるよ？"
        }, 
        {
            "annotations": [
                {
                    "annotator-id": "04_B", 
                    "breakdown": "O", 
                    "comment": "", 
                    "ungrammatical-sentence": "O"
                }, 
                {
                    "annotator-id": "06_A", 
                    "breakdown": "O", 
                    "comment": "", 
                    "ungrammatical-sentence": "O"
                }
            ], 
            "speaker": "S", 
            "time": "2014-08-29 15:06:09", 
            "turn-index": 4, 
            "utterance": "会議は多いです"
        }, 
        {
            "annotations": [], 
            "speaker": "U", 
            "time": "2014-08-29 15:06:18", 
            "turn-index": 5, 
            "utterance": "多いと余計疲れない？"
        }, 
        {
            "annotations": [
                {
                    "annotator-id": "04_B", 
                    "breakdown": "T", 
                    "comment": "一般的に「会議」はお金を払うものではないので、「会議は高い」という表現は唐突。（お金と密接な関係にある「飛行機代」「ローン」などの言葉と違って。）よく考えてみると、費用がかかるということなのだとわかるが、まだ一度もコストの話をしていないのに「会議は高い」と言うのは相手を戸惑わせる。", 
                    "ungrammatical-sentence": "O"
                }, 
                {
                    "annotator-id": "06_A", 
                    "breakdown": "O", 
                    "comment": "", 
                    "ungrammatical-sentence": "O"
                }
            ], 
            "speaker": "S", 
            "time": "2014-08-29 15:06:18", 
            "turn-index": 6, 
            "utterance": "会議は高いです"
        }, 
        {
            "annotations": [], 
            "speaker": "U", 
            "time": "2014-08-29 15:06:31", 
            "turn-index": 7, 
            "utterance": "コストがかかるっていう意識は大事ですね"
        }, 
        {
            "annotations": [
                {
                    "annotator-id": "04_B", 
                    "breakdown": "X", 
                    "comment": "直前の自分の発話と矛盾", 
                    "ungrammatical-sentence": "O"
                }, 
                {
                    "annotator-id": "06_A", 
                    "breakdown": "O", 
                    "comment": "", 
                    "ungrammatical-sentence": "O"
                }
            ], 
            "speaker": "S", 
            "time": "2014-08-29 15:06:31", 
            "turn-index": 8, 
            "utterance": "コストが下がるのです"
        }, 
        {
            "annotations": [], 
            "speaker": "U", 
            "time": "2014-08-29 15:06:41", 
            "turn-index": 9, 
            "utterance": "そうだね、最適化しないといけないね"
        }, 
        {
            "annotations": [
                {
                    "annotator-id": "04_B", 
                    "breakdown": "X", 
                    "comment": "矛盾したまま", 
                    "ungrammatical-sentence": "O"
                }, 
                {
                    "annotator-id": "06_A", 
                    "breakdown": "O", 
                    "comment": "", 
                    "ungrammatical-sentence": "O"
                }
            ], 
            "speaker": "S", 
            "time": "2014-08-29 15:06:41", 
            "turn-index": 10, 
            "utterance": "コストが大幅に下がりますよねー"
        }, 
        {
            "annotations": [], 
            "speaker": "U", 
            "time": "2014-08-29 15:06:49", 
            "turn-index": 11, 
            "utterance": "人数絞ったりしてね"
        }, 
        {
            "annotations": [
                {
                    "annotator-id": "04_B", 
                    "breakdown": "O", 
                    "comment": "", 
                    "ungrammatical-sentence": "O"
                }, 
                {
                    "annotator-id": "06_A", 
                    "breakdown": "O", 
                    "comment": "", 
                    "ungrammatical-sentence": "O"
                }
            ], 
            "speaker": "S", 
            "time": "2014-08-29 15:06:49", 
            "turn-index": 12, 
            "utterance": "人数を考えますよねー"
        }, 
        {
            "annotations": [], 
            "speaker": "U", 
            "time": "2014-08-29 15:07:01", 
            "turn-index": 13, 
            "utterance": "必要ない人は呼ばなくて良いですよね"
        }, 
        {
            "annotations": [
                {
                    "annotator-id": "04_B", 
                    "breakdown": "X", 
                    "comment": "「大人数で歌う」という表現ならありだが、何の限定もつけずに「人数で～する」とは言いがたい。", 
                    "ungrammatical-sentence": "X"
                }, 
                {
                    "annotator-id": "06_A", 
                    "breakdown": "T", 
                    "comment": "文脈からすると動作が唐突", 
                    "ungrammatical-sentence": "O"
                }
            ], 
            "speaker": "S", 
            "time": "2014-08-29 15:07:01", 
            "turn-index": 14, 
            "utterance": "人数で歌いますよねー"
        }, 
        {
            "annotations": [], 
            "speaker": "U", 
            "time": "2014-08-29 15:07:12", 
            "turn-index": 15, 
            "utterance": "いや、会議で歌は歌わないですよ"
        }, 
        {
            "annotations": [
                {
                    "annotator-id": "04_B", 
                    "breakdown": "X", 
                    "comment": "話がつながらない。「人数に入る」というのは、「積極的に参加しているようには見えないが」というようなニュアンスを含むが、ここではまったくそのような話をしていない。", 
                    "ungrammatical-sentence": "O"
                }, 
                {
                    "annotator-id": "06_A", 
                    "breakdown": "X", 
                    "comment": "話題を転換したはずなのにその前の話題をひきずっている", 
                    "ungrammatical-sentence": "O"
                }
            ], 
            "speaker": "S", 
            "time": "2014-08-29 15:07:12", 
            "turn-index": 16, 
            "utterance": "人数に入ります"
        }, 
        {
            "annotations": [], 
            "speaker": "U", 
            "time": "2014-08-29 15:07:34", 
            "turn-index": 17, 
            "utterance": "時間も最小限にしたいですね"
        }, 
        {
            "annotations": [
                {
                    "annotator-id": "04_B", 
                    "breakdown": "X", 
                    "comment": "「人数がそろう」も慣用句だが、ここまでの話とはまったく合わない。", 
                    "ungrammatical-sentence": "O"
                }, 
                {
                    "annotator-id": "06_A", 
                    "breakdown": "X", 
                    "comment": "意味不明", 
                    "ungrammatical-sentence": "O"
                }
            ], 
            "speaker": "S", 
            "time": "2014-08-29 15:07:34", 
            "turn-index": 18, 
            "utterance": "人数はそろいますよねえ"
        }, 
        {
            "annotations": [], 
            "speaker": "U", 
            "time": "2014-08-29 15:07:47", 
            "turn-index": 19, 
            "utterance": "では会議行ってきますね"
        }, 
        {
            "annotations": [
                {
                    "annotator-id": "04_B", 
                    "breakdown": "O", 
                    "comment": "", 
                    "ungrammatical-sentence": "O"
                }, 
                {
                    "annotator-id": "06_A", 
                    "breakdown": "O", 
                    "comment": "", 
                    "ungrammatical-sentence": "O"
                }
            ], 
            "speaker": "S", 
            "time": "2014-08-29 15:07:47", 
            "turn-index": 20, 
            "utterance": "準備が大切ですね"
        }
    ]
}