{
    "dialogue-id": "1409407506", 
    "group-id": "subset_d", 
    "speaker-id": "14_03", 
    "turns": [
        {
            "annotations": [
                {
                    "annotator-id": "05_A", 
                    "breakdown": "O", 
                    "comment": "", 
                    "ungrammatical-sentence": "O"
                }, 
                {
                    "annotator-id": "07_A", 
                    "breakdown": "O", 
                    "comment": "", 
                    "ungrammatical-sentence": "O"
                }
            ], 
            "speaker": "S", 
            "time": "2014-08-30 22:58:50", 
            "turn-index": 0, 
            "utterance": "こんばんはー。ちょうど退屈してたんだ。"
        }, 
        {
            "annotations": [], 
            "speaker": "U", 
            "time": "2014-08-30 22:59:19", 
            "turn-index": 1, 
            "utterance": "ゲームなんてどうでしょう"
        }, 
        {
            "annotations": [
                {
                    "annotator-id": "05_A", 
                    "breakdown": "O", 
                    "comment": "", 
                    "ungrammatical-sentence": "O"
                }, 
                {
                    "annotator-id": "07_A", 
                    "breakdown": "O", 
                    "comment": "", 
                    "ungrammatical-sentence": "O"
                }
            ], 
            "speaker": "S", 
            "time": "2014-08-30 22:59:19", 
            "turn-index": 2, 
            "utterance": "私も好きです"
        }, 
        {
            "annotations": [], 
            "speaker": "U", 
            "time": "2014-08-30 22:59:42", 
            "turn-index": 3, 
            "utterance": "どんなゲームが好きですか"
        }, 
        {
            "annotations": [
                {
                    "annotator-id": "05_A", 
                    "breakdown": "X", 
                    "comment": "どんなゲームか答えていない", 
                    "ungrammatical-sentence": "O"
                }, 
                {
                    "annotator-id": "07_A", 
                    "breakdown": "X", 
                    "comment": "質問に答えられていない", 
                    "ungrammatical-sentence": "O"
                }
            ], 
            "speaker": "S", 
            "time": "2014-08-30 22:59:42", 
            "turn-index": 4, 
            "utterance": "ゲームは好きですね"
        }, 
        {
            "annotations": [], 
            "speaker": "U", 
            "time": "2014-08-30 22:59:58", 
            "turn-index": 5, 
            "utterance": "楽しいですね"
        }, 
        {
            "annotations": [
                {
                    "annotator-id": "05_A", 
                    "breakdown": "O", 
                    "comment": "", 
                    "ungrammatical-sentence": "O"
                }, 
                {
                    "annotator-id": "07_A", 
                    "breakdown": "O", 
                    "comment": "", 
                    "ungrammatical-sentence": "O"
                }
            ], 
            "speaker": "S", 
            "time": "2014-08-30 22:59:58", 
            "turn-index": 6, 
            "utterance": "楽しかった"
        }, 
        {
            "annotations": [], 
            "speaker": "U", 
            "time": "2014-08-30 23:00:54", 
            "turn-index": 7, 
            "utterance": "簡単なゲームでも夢中になることあります"
        }, 
        {
            "annotations": [
                {
                    "annotator-id": "05_A", 
                    "breakdown": "X", 
                    "comment": "ゲームは食べれない", 
                    "ungrammatical-sentence": "O"
                }, 
                {
                    "annotator-id": "07_A", 
                    "breakdown": "X", 
                    "comment": "話題がずれている", 
                    "ungrammatical-sentence": "O"
                }
            ], 
            "speaker": "S", 
            "time": "2014-08-30 23:00:54", 
            "turn-index": 8, 
            "utterance": "夢中で食べるのに気づきますよねー"
        }, 
        {
            "annotations": [], 
            "speaker": "U", 
            "time": "2014-08-30 23:01:42", 
            "turn-index": 9, 
            "utterance": "おやつ食べながらやったりしますか"
        }, 
        {
            "annotations": [
                {
                    "annotator-id": "05_A", 
                    "breakdown": "X", 
                    "comment": "おやつは見ない", 
                    "ungrammatical-sentence": "O"
                }, 
                {
                    "annotator-id": "07_A", 
                    "breakdown": "X", 
                    "comment": "理解不能", 
                    "ungrammatical-sentence": "X"
                }
            ], 
            "speaker": "S", 
            "time": "2014-08-30 23:01:42", 
            "turn-index": 10, 
            "utterance": "夢中は5時に見てますねぇ"
        }, 
        {
            "annotations": [], 
            "speaker": "U", 
            "time": "2014-08-30 23:02:31", 
            "turn-index": 11, 
            "utterance": "5時はテレビですか"
        }, 
        {
            "annotations": [
                {
                    "annotator-id": "05_A", 
                    "breakdown": "O", 
                    "comment": "", 
                    "ungrammatical-sentence": "O"
                }, 
                {
                    "annotator-id": "07_A", 
                    "breakdown": "O", 
                    "comment": "", 
                    "ungrammatical-sentence": "O"
                }
            ], 
            "speaker": "S", 
            "time": "2014-08-30 23:02:31", 
            "turn-index": 12, 
            "utterance": "テレビで試合を見ます"
        }, 
        {
            "annotations": [], 
            "speaker": "U", 
            "time": "2014-08-30 23:02:50", 
            "turn-index": 13, 
            "utterance": "ほう、スポーツですか"
        }, 
        {
            "annotations": [
                {
                    "annotator-id": "05_A", 
                    "breakdown": "X", 
                    "comment": "スポーツが高いとは？", 
                    "ungrammatical-sentence": "O"
                }, 
                {
                    "annotator-id": "07_A", 
                    "breakdown": "T", 
                    "comment": "「スポーツは高い」の意味がわからない", 
                    "ungrammatical-sentence": "O"
                }
            ], 
            "speaker": "S", 
            "time": "2014-08-30 23:02:50", 
            "turn-index": 14, 
            "utterance": "スポーツは高いです"
        }, 
        {
            "annotations": [], 
            "speaker": "U", 
            "time": "2014-08-30 23:03:12", 
            "turn-index": 15, 
            "utterance": "何が高いのですか"
        }, 
        {
            "annotations": [
                {
                    "annotator-id": "05_A", 
                    "breakdown": "O", 
                    "comment": "", 
                    "ungrammatical-sentence": "O"
                }, 
                {
                    "annotator-id": "07_A", 
                    "breakdown": "O", 
                    "comment": "", 
                    "ungrammatical-sentence": "O"
                }
            ], 
            "speaker": "S", 
            "time": "2014-08-30 23:03:12", 
            "turn-index": 16, 
            "utterance": "お金がかかるのです"
        }, 
        {
            "annotations": [], 
            "speaker": "U", 
            "time": "2014-08-30 23:03:39", 
            "turn-index": 17, 
            "utterance": "用具にお金がかかるスポーツありますね"
        }, 
        {
            "annotations": [
                {
                    "annotator-id": "05_A", 
                    "breakdown": "X", 
                    "comment": "スポーツのお金に触れていない", 
                    "ungrammatical-sentence": "O"
                }, 
                {
                    "annotator-id": "07_A", 
                    "breakdown": "X", 
                    "comment": "文法がおかしく，意味がわからない", 
                    "ungrammatical-sentence": "X"
                }
            ], 
            "speaker": "S", 
            "time": "2014-08-30 23:03:39", 
            "turn-index": 18, 
            "utterance": "スポーツは結果がすべります"
        }, 
        {
            "annotations": [], 
            "speaker": "U", 
            "time": "2014-08-30 23:04:37", 
            "turn-index": 19, 
            "utterance": "お笑いがすべるのなら分かるのですが"
        }, 
        {
            "annotations": [
                {
                    "annotator-id": "05_A", 
                    "breakdown": "O", 
                    "comment": "", 
                    "ungrammatical-sentence": "O"
                }, 
                {
                    "annotator-id": "07_A", 
                    "breakdown": "O", 
                    "comment": "", 
                    "ungrammatical-sentence": "O"
                }
            ], 
            "speaker": "S", 
            "time": "2014-08-30 23:04:37", 
            "turn-index": 20, 
            "utterance": "お笑いはくだらないですね"
        }
    ]
}