{
    "dialogue-id": "1409104699", 
    "group-id": "subset_h", 
    "speaker-id": "15_10", 
    "turns": [
        {
            "annotations": [
                {
                    "annotator-id": "10_A", 
                    "breakdown": "O", 
                    "comment": "", 
                    "ungrammatical-sentence": "O"
                }, 
                {
                    "annotator-id": "13_A", 
                    "breakdown": "O", 
                    "comment": "", 
                    "ungrammatical-sentence": "O"
                }
            ], 
            "speaker": "S", 
            "time": "2014-08-27 10:54:47", 
            "turn-index": 0, 
            "utterance": "おはようございます。ちょうど退屈してたんだ。"
        }, 
        {
            "annotations": [], 
            "speaker": "U", 
            "time": "2014-08-27 10:54:55", 
            "turn-index": 1, 
            "utterance": "僕も"
        }, 
        {
            "annotations": [
                {
                    "annotator-id": "10_A", 
                    "breakdown": "O", 
                    "comment": "", 
                    "ungrammatical-sentence": "O"
                }, 
                {
                    "annotator-id": "13_A", 
                    "breakdown": "O", 
                    "comment": "", 
                    "ungrammatical-sentence": "O"
                }
            ], 
            "speaker": "S", 
            "time": "2014-08-27 10:54:55", 
            "turn-index": 2, 
            "utterance": "だよね"
        }, 
        {
            "annotations": [], 
            "speaker": "U", 
            "time": "2014-08-27 10:55:13", 
            "turn-index": 3, 
            "utterance": "何か面白いこと言ってよ"
        }, 
        {
            "annotations": [
                {
                    "annotator-id": "10_A", 
                    "breakdown": "T", 
                    "comment": "", 
                    "ungrammatical-sentence": "O"
                }, 
                {
                    "annotator-id": "13_A", 
                    "breakdown": "O", 
                    "comment": "", 
                    "ungrammatical-sentence": "O"
                }
            ], 
            "speaker": "S", 
            "time": "2014-08-27 10:55:13", 
            "turn-index": 4, 
            "utterance": "退屈になりがちよねえ"
        }, 
        {
            "annotations": [], 
            "speaker": "U", 
            "time": "2014-08-27 10:55:45", 
            "turn-index": 5, 
            "utterance": "おもしろくない"
        }, 
        {
            "annotations": [
                {
                    "annotator-id": "10_A", 
                    "breakdown": "T", 
                    "comment": "", 
                    "ungrammatical-sentence": "O"
                }, 
                {
                    "annotator-id": "13_A", 
                    "breakdown": "O", 
                    "comment": "", 
                    "ungrammatical-sentence": "O"
                }
            ], 
            "speaker": "S", 
            "time": "2014-08-27 10:55:45", 
            "turn-index": 6, 
            "utterance": "うん"
        }, 
        {
            "annotations": [], 
            "speaker": "U", 
            "time": "2014-08-27 10:55:55", 
            "turn-index": 7, 
            "utterance": "おもしろくない"
        }, 
        {
            "annotations": [
                {
                    "annotator-id": "10_A", 
                    "breakdown": "X", 
                    "comment": "", 
                    "ungrammatical-sentence": "O"
                }, 
                {
                    "annotator-id": "13_A", 
                    "breakdown": "O", 
                    "comment": "", 
                    "ungrammatical-sentence": "O"
                }
            ], 
            "speaker": "S", 
            "time": "2014-08-27 10:55:55", 
            "turn-index": 8, 
            "utterance": "おもしろい"
        }, 
        {
            "annotations": [], 
            "speaker": "U", 
            "time": "2014-08-27 10:56:05", 
            "turn-index": 9, 
            "utterance": "最近雨多いよね"
        }, 
        {
            "annotations": [
                {
                    "annotator-id": "10_A", 
                    "breakdown": "O", 
                    "comment": "", 
                    "ungrammatical-sentence": "O"
                }, 
                {
                    "annotator-id": "13_A", 
                    "breakdown": "O", 
                    "comment": "", 
                    "ungrammatical-sentence": "O"
                }
            ], 
            "speaker": "S", 
            "time": "2014-08-27 10:56:05", 
            "turn-index": 10, 
            "utterance": "雨は心地よいですね"
        }, 
        {
            "annotations": [], 
            "speaker": "U", 
            "time": "2014-08-27 10:56:17", 
            "turn-index": 11, 
            "utterance": "集中豪雨はやだよ"
        }, 
        {
            "annotations": [
                {
                    "annotator-id": "10_A", 
                    "breakdown": "O", 
                    "comment": "", 
                    "ungrammatical-sentence": "O"
                }, 
                {
                    "annotator-id": "13_A", 
                    "breakdown": "O", 
                    "comment": "", 
                    "ungrammatical-sentence": "O"
                }
            ], 
            "speaker": "S", 
            "time": "2014-08-27 10:56:17", 
            "turn-index": 12, 
            "utterance": "大被害を受けますがね"
        }, 
        {
            "annotations": [], 
            "speaker": "U", 
            "time": "2014-08-27 10:57:16", 
            "turn-index": 13, 
            "utterance": "そうそう、大被害、大被害。"
        }, 
        {
            "annotations": [
                {
                    "annotator-id": "10_A", 
                    "breakdown": "O", 
                    "comment": "", 
                    "ungrammatical-sentence": "O"
                }, 
                {
                    "annotator-id": "13_A", 
                    "breakdown": "O", 
                    "comment": "", 
                    "ungrammatical-sentence": "O"
                }
            ], 
            "speaker": "S", 
            "time": "2014-08-27 10:57:16", 
            "turn-index": 14, 
            "utterance": "集中豪雨は被害に遭いますがね"
        }, 
        {
            "annotations": [], 
            "speaker": "U", 
            "time": "2014-08-27 10:57:29", 
            "turn-index": 15, 
            "utterance": "土砂災害とかね"
        }, 
        {
            "annotations": [
                {
                    "annotator-id": "10_A", 
                    "breakdown": "O", 
                    "comment": "", 
                    "ungrammatical-sentence": "O"
                }, 
                {
                    "annotator-id": "13_A", 
                    "breakdown": "O", 
                    "comment": "", 
                    "ungrammatical-sentence": "O"
                }
            ], 
            "speaker": "S", 
            "time": "2014-08-27 10:57:29", 
            "turn-index": 16, 
            "utterance": "集中豪雨の被害が凄くてビックリだよね。"
        }, 
        {
            "annotations": [], 
            "speaker": "U", 
            "time": "2014-08-27 10:57:45", 
            "turn-index": 17, 
            "utterance": "ビックリだね"
        }, 
        {
            "annotations": [
                {
                    "annotator-id": "10_A", 
                    "breakdown": "X", 
                    "comment": "", 
                    "ungrammatical-sentence": "O"
                }, 
                {
                    "annotator-id": "13_A", 
                    "breakdown": "T", 
                    "comment": "「いい」のかな？", 
                    "ungrammatical-sentence": "O"
                }
            ], 
            "speaker": "S", 
            "time": "2014-08-27 10:57:45", 
            "turn-index": 18, 
            "utterance": "ビックリはいいですね"
        }, 
        {
            "annotations": [], 
            "speaker": "U", 
            "time": "2014-08-27 10:58:15", 
            "turn-index": 19, 
            "utterance": "この文脈では良くないことだと思うけど"
        }, 
        {
            "annotations": [
                {
                    "annotator-id": "10_A", 
                    "breakdown": "X", 
                    "comment": "", 
                    "ungrammatical-sentence": "O"
                }, 
                {
                    "annotator-id": "13_A", 
                    "breakdown": "T", 
                    "comment": "ユーザの発言無視", 
                    "ungrammatical-sentence": "O"
                }
            ], 
            "speaker": "S", 
            "time": "2014-08-27 10:58:15", 
            "turn-index": 20, 
            "utterance": "ビックリに行きますよねえ"
        }
    ]
}