{
    "dialogue-id": "1409054787", 
    "group-id": "subset_d", 
    "speaker-id": "11_05", 
    "turns": [
        {
            "annotations": [
                {
                    "annotator-id": "05_A", 
                    "breakdown": "O", 
                    "comment": "", 
                    "ungrammatical-sentence": "O"
                }, 
                {
                    "annotator-id": "07_A", 
                    "breakdown": "O", 
                    "comment": "", 
                    "ungrammatical-sentence": "O"
                }
            ], 
            "speaker": "S", 
            "time": "2014-08-26 21:04:09", 
            "turn-index": 0, 
            "utterance": "こんばんは。海へ行きたいね。"
        }, 
        {
            "annotations": [], 
            "speaker": "U", 
            "time": "2014-08-26 21:04:20", 
            "turn-index": 1, 
            "utterance": "ダイビングしたい"
        }, 
        {
            "annotations": [
                {
                    "annotator-id": "05_A", 
                    "breakdown": "O", 
                    "comment": "", 
                    "ungrammatical-sentence": "O"
                }, 
                {
                    "annotator-id": "07_A", 
                    "breakdown": "O", 
                    "comment": "", 
                    "ungrammatical-sentence": "O"
                }
            ], 
            "speaker": "S", 
            "time": "2014-08-26 21:04:20", 
            "turn-index": 2, 
            "utterance": "ダイビングが安全にできてます？？"
        }, 
        {
            "annotations": [], 
            "speaker": "U", 
            "time": "2014-08-26 21:04:37", 
            "turn-index": 3, 
            "utterance": "インストラクタがついてたら大丈夫でしょ"
        }, 
        {
            "annotations": [
                {
                    "annotator-id": "05_A", 
                    "breakdown": "X", 
                    "comment": "", 
                    "ungrammatical-sentence": "O"
                }, 
                {
                    "annotator-id": "07_A", 
                    "breakdown": "T", 
                    "comment": "", 
                    "ungrammatical-sentence": "O"
                }
            ], 
            "speaker": "S", 
            "time": "2014-08-26 21:04:37", 
            "turn-index": 4, 
            "utterance": "大好きです"
        }, 
        {
            "annotations": [], 
            "speaker": "U", 
            "time": "2014-08-26 21:04:49", 
            "turn-index": 5, 
            "utterance": "ダイビング気持ちいいからね"
        }, 
        {
            "annotations": [
                {
                    "annotator-id": "05_A", 
                    "breakdown": "O", 
                    "comment": "", 
                    "ungrammatical-sentence": "O"
                }, 
                {
                    "annotator-id": "07_A", 
                    "breakdown": "O", 
                    "comment": "", 
                    "ungrammatical-sentence": "O"
                }
            ], 
            "speaker": "S", 
            "time": "2014-08-26 21:04:49", 
            "turn-index": 6, 
            "utterance": "いいですねー！"
        }, 
        {
            "annotations": [], 
            "speaker": "U", 
            "time": "2014-08-26 21:05:09", 
            "turn-index": 7, 
            "utterance": "沖縄とか行ってみたい"
        }, 
        {
            "annotations": [
                {
                    "annotator-id": "05_A", 
                    "breakdown": "O", 
                    "comment": "", 
                    "ungrammatical-sentence": "O"
                }, 
                {
                    "annotator-id": "07_A", 
                    "breakdown": "T", 
                    "comment": "", 
                    "ungrammatical-sentence": "O"
                }
            ], 
            "speaker": "S", 
            "time": "2014-08-26 21:05:09", 
            "turn-index": 8, 
            "utterance": "梅雨が良さそうですね"
        }, 
        {
            "annotations": [], 
            "speaker": "U", 
            "time": "2014-08-26 21:05:24", 
            "turn-index": 9, 
            "utterance": "いや梅雨に行かないでしょ"
        }, 
        {
            "annotations": [
                {
                    "annotator-id": "05_A", 
                    "breakdown": "X", 
                    "comment": "", 
                    "ungrammatical-sentence": "O"
                }, 
                {
                    "annotator-id": "07_A", 
                    "breakdown": "X", 
                    "comment": "意味がわからない", 
                    "ungrammatical-sentence": "X"
                }
            ], 
            "speaker": "S", 
            "time": "2014-08-26 21:05:24", 
            "turn-index": 10, 
            "utterance": "梅雨が上がるのです"
        }, 
        {
            "annotations": [], 
            "speaker": "U", 
            "time": "2014-08-26 21:05:42", 
            "turn-index": 11, 
            "utterance": "梅雨明けってこと？"
        }, 
        {
            "annotations": [
                {
                    "annotator-id": "05_A", 
                    "breakdown": "X", 
                    "comment": "", 
                    "ungrammatical-sentence": "O"
                }, 
                {
                    "annotator-id": "07_A", 
                    "breakdown": "O", 
                    "comment": "", 
                    "ungrammatical-sentence": "O"
                }
            ], 
            "speaker": "S", 
            "time": "2014-08-26 21:05:42", 
            "turn-index": 12, 
            "utterance": "梅雨は気分が下がりますよねえ"
        }, 
        {
            "annotations": [], 
            "speaker": "U", 
            "time": "2014-08-26 21:05:56", 
            "turn-index": 13, 
            "utterance": "陰鬱な気分になるよね"
        }, 
        {
            "annotations": [
                {
                    "annotator-id": "05_A", 
                    "breakdown": "O", 
                    "comment": "", 
                    "ungrammatical-sentence": "O"
                }, 
                {
                    "annotator-id": "07_A", 
                    "breakdown": "O", 
                    "comment": "", 
                    "ungrammatical-sentence": "O"
                }
            ], 
            "speaker": "S", 
            "time": "2014-08-26 21:05:56", 
            "turn-index": 14, 
            "utterance": "梅雨は気分が滅入りますよねー"
        }, 
        {
            "annotations": [], 
            "speaker": "U", 
            "time": "2014-08-26 21:06:06", 
            "turn-index": 15, 
            "utterance": "もの腐るし"
        }, 
        {
            "annotations": [
                {
                    "annotator-id": "05_A", 
                    "breakdown": "X", 
                    "comment": "", 
                    "ungrammatical-sentence": "O"
                }, 
                {
                    "annotator-id": "07_A", 
                    "breakdown": "X", 
                    "comment": "意味がわからないし，文脈に合わない", 
                    "ungrammatical-sentence": "X"
                }
            ], 
            "speaker": "S", 
            "time": "2014-08-26 21:06:06", 
            "turn-index": 16, 
            "utterance": "梅雨はほしいですね"
        }, 
        {
            "annotations": [], 
            "speaker": "U", 
            "time": "2014-08-26 21:06:18", 
            "turn-index": 17, 
            "utterance": "俺はいらない"
        }, 
        {
            "annotations": [
                {
                    "annotator-id": "05_A", 
                    "breakdown": "O", 
                    "comment": "", 
                    "ungrammatical-sentence": "O"
                }, 
                {
                    "annotator-id": "07_A", 
                    "breakdown": "O", 
                    "comment": "", 
                    "ungrammatical-sentence": "O"
                }
            ], 
            "speaker": "S", 
            "time": "2014-08-26 21:06:18", 
            "turn-index": 18, 
            "utterance": "気持ちが悪いですね"
        }, 
        {
            "annotations": [], 
            "speaker": "U", 
            "time": "2014-08-26 21:06:24", 
            "turn-index": 19, 
            "utterance": "どっちなんだ"
        }, 
        {
            "annotations": [
                {
                    "annotator-id": "05_A", 
                    "breakdown": "X", 
                    "comment": "", 
                    "ungrammatical-sentence": "O"
                }, 
                {
                    "annotator-id": "07_A", 
                    "breakdown": "X", 
                    "comment": "意味がわからない", 
                    "ungrammatical-sentence": "X"
                }
            ], 
            "speaker": "S", 
            "time": "2014-08-26 21:06:24", 
            "turn-index": 20, 
            "utterance": "ブラック"
        }
    ]
}