{
    "dialogue-id": "1409058508", 
    "group-id": "subset_c", 
    "speaker-id": "07_04", 
    "turns": [
        {
            "annotations": [
                {
                    "annotator-id": "04_B", 
                    "breakdown": "O", 
                    "comment": "", 
                    "ungrammatical-sentence": "O"
                }, 
                {
                    "annotator-id": "06_A", 
                    "breakdown": "O", 
                    "comment": "", 
                    "ungrammatical-sentence": "O"
                }
            ], 
            "speaker": "S", 
            "time": "2014-08-26 22:07:07", 
            "turn-index": 0, 
            "utterance": "こんばんはー。熱中症に気をつけて。"
        }, 
        {
            "annotations": [], 
            "speaker": "U", 
            "time": "2014-08-26 22:07:17", 
            "turn-index": 1, 
            "utterance": "大丈夫！"
        }, 
        {
            "annotations": [
                {
                    "annotator-id": "04_B", 
                    "breakdown": "O", 
                    "comment": "", 
                    "ungrammatical-sentence": "O"
                }, 
                {
                    "annotator-id": "06_A", 
                    "breakdown": "O", 
                    "comment": "", 
                    "ungrammatical-sentence": "O"
                }
            ], 
            "speaker": "S", 
            "time": "2014-08-26 22:07:17", 
            "turn-index": 2, 
            "utterance": "だいじょぶー"
        }, 
        {
            "annotations": [], 
            "speaker": "U", 
            "time": "2014-08-26 22:07:25", 
            "turn-index": 3, 
            "utterance": "かんぱーい！"
        }, 
        {
            "annotations": [
                {
                    "annotator-id": "04_B", 
                    "breakdown": "O", 
                    "comment": "", 
                    "ungrammatical-sentence": "O"
                }, 
                {
                    "annotator-id": "06_A", 
                    "breakdown": "O", 
                    "comment": "", 
                    "ungrammatical-sentence": "O"
                }
            ], 
            "speaker": "S", 
            "time": "2014-08-26 22:07:25", 
            "turn-index": 4, 
            "utterance": "うぇーい"
        }, 
        {
            "annotations": [], 
            "speaker": "U", 
            "time": "2014-08-26 22:07:38", 
            "turn-index": 5, 
            "utterance": "何呑んでるの？"
        }, 
        {
            "annotations": [
                {
                    "annotator-id": "04_B", 
                    "breakdown": "X", 
                    "comment": "", 
                    "ungrammatical-sentence": "O"
                }, 
                {
                    "annotator-id": "06_A", 
                    "breakdown": "T", 
                    "comment": "", 
                    "ungrammatical-sentence": "O"
                }
            ], 
            "speaker": "S", 
            "time": "2014-08-26 22:07:38", 
            "turn-index": 6, 
            "utterance": "私もです。。"
        }, 
        {
            "annotations": [], 
            "speaker": "U", 
            "time": "2014-08-26 22:07:47", 
            "turn-index": 7, 
            "utterance": "ビールってこと？"
        }, 
        {
            "annotations": [
                {
                    "annotator-id": "04_B", 
                    "breakdown": "O", 
                    "comment": "", 
                    "ungrammatical-sentence": "O"
                }, 
                {
                    "annotator-id": "06_A", 
                    "breakdown": "O", 
                    "comment": "", 
                    "ungrammatical-sentence": "O"
                }
            ], 
            "speaker": "S", 
            "time": "2014-08-26 22:07:47", 
            "turn-index": 8, 
            "utterance": "ビールは一人で飲みますよねー"
        }, 
        {
            "annotations": [], 
            "speaker": "U", 
            "time": "2014-08-26 22:07:53", 
            "turn-index": 9, 
            "utterance": "ワインってこと？"
        }, 
        {
            "annotations": [
                {
                    "annotator-id": "04_B", 
                    "breakdown": "T", 
                    "comment": "", 
                    "ungrammatical-sentence": "O"
                }, 
                {
                    "annotator-id": "06_A", 
                    "breakdown": "O", 
                    "comment": "", 
                    "ungrammatical-sentence": "O"
                }
            ], 
            "speaker": "S", 
            "time": "2014-08-26 22:07:53", 
            "turn-index": 10, 
            "utterance": "昼からワインを飲みますよねえ"
        }, 
        {
            "annotations": [], 
            "speaker": "U", 
            "time": "2014-08-26 22:08:00", 
            "turn-index": 11, 
            "utterance": "あはは。酒豪だ。"
        }, 
        {
            "annotations": [
                {
                    "annotator-id": "04_B", 
                    "breakdown": "O", 
                    "comment": "", 
                    "ungrammatical-sentence": "O"
                }, 
                {
                    "annotator-id": "06_A", 
                    "breakdown": "O", 
                    "comment": "", 
                    "ungrammatical-sentence": "O"
                }
            ], 
            "speaker": "S", 
            "time": "2014-08-26 22:08:00", 
            "turn-index": 12, 
            "utterance": "ワインを飲みに行きます"
        }, 
        {
            "annotations": [], 
            "speaker": "U", 
            "time": "2014-08-26 22:08:05", 
            "turn-index": 13, 
            "utterance": "行ってらっしゃい。"
        }, 
        {
            "annotations": [
                {
                    "annotator-id": "04_B", 
                    "breakdown": "O", 
                    "comment": "", 
                    "ungrammatical-sentence": "O"
                }, 
                {
                    "annotator-id": "06_A", 
                    "breakdown": "O", 
                    "comment": "", 
                    "ungrammatical-sentence": "O"
                }
            ], 
            "speaker": "S", 
            "time": "2014-08-26 22:08:05", 
            "turn-index": 14, 
            "utterance": "ただいま"
        }, 
        {
            "annotations": [], 
            "speaker": "U", 
            "time": "2014-08-26 22:08:10", 
            "turn-index": 15, 
            "utterance": "お帰り"
        }, 
        {
            "annotations": [
                {
                    "annotator-id": "04_B", 
                    "breakdown": "T", 
                    "comment": "", 
                    "ungrammatical-sentence": "O"
                }, 
                {
                    "annotator-id": "06_A", 
                    "breakdown": "O", 
                    "comment": "", 
                    "ungrammatical-sentence": "O"
                }
            ], 
            "speaker": "S", 
            "time": "2014-08-26 22:08:10", 
            "turn-index": 16, 
            "utterance": "ありがとー"
        }, 
        {
            "annotations": [], 
            "speaker": "U", 
            "time": "2014-08-26 22:08:17", 
            "turn-index": 17, 
            "utterance": "どういたしまして"
        }, 
        {
            "annotations": [
                {
                    "annotator-id": "04_B", 
                    "breakdown": "O", 
                    "comment": "", 
                    "ungrammatical-sentence": "O"
                }, 
                {
                    "annotator-id": "06_A", 
                    "breakdown": "O", 
                    "comment": "", 
                    "ungrammatical-sentence": "O"
                }
            ], 
            "speaker": "S", 
            "time": "2014-08-26 22:08:17", 
            "turn-index": 18, 
            "utterance": "ぎゅっ"
        }, 
        {
            "annotations": [], 
            "speaker": "U", 
            "time": "2014-08-26 22:08:24", 
            "turn-index": 19, 
            "utterance": "きゃっ！"
        }, 
        {
            "annotations": [
                {
                    "annotator-id": "04_B", 
                    "breakdown": "O", 
                    "comment": "", 
                    "ungrammatical-sentence": "O"
                }, 
                {
                    "annotator-id": "06_A", 
                    "breakdown": "O", 
                    "comment": "", 
                    "ungrammatical-sentence": "O"
                }
            ], 
            "speaker": "S", 
            "time": "2014-08-26 22:08:24", 
            "turn-index": 20, 
            "utterance": "えっ"
        }
    ]
}