{
    "dialogue-id": "1409398310", 
    "group-id": "subset_i", 
    "speaker-id": "08_02", 
    "turns": [
        {
            "annotations": [
                {
                    "annotator-id": "04_C", 
                    "breakdown": "O", 
                    "comment": "", 
                    "ungrammatical-sentence": "O"
                }, 
                {
                    "annotator-id": "11_A", 
                    "breakdown": "O", 
                    "comment": "", 
                    "ungrammatical-sentence": "O"
                }, 
                {
                    "annotator-id": "15_A", 
                    "breakdown": "O", 
                    "comment": "", 
                    "ungrammatical-sentence": "O"
                }
            ], 
            "speaker": "S", 
            "time": "2014-08-30 20:19:13", 
            "turn-index": 0, 
            "utterance": "こんばんは！夏といえばスイカだね。"
        }, 
        {
            "annotations": [], 
            "speaker": "U", 
            "time": "2014-08-30 20:23:19", 
            "turn-index": 1, 
            "utterance": "スイカ美味しいよね"
        }, 
        {
            "annotations": [
                {
                    "annotator-id": "04_C", 
                    "breakdown": "O", 
                    "comment": "", 
                    "ungrammatical-sentence": "O"
                }, 
                {
                    "annotator-id": "11_A", 
                    "breakdown": "O", 
                    "comment": "", 
                    "ungrammatical-sentence": "O"
                }, 
                {
                    "annotator-id": "15_A", 
                    "breakdown": "O", 
                    "comment": "", 
                    "ungrammatical-sentence": "O"
                }
            ], 
            "speaker": "S", 
            "time": "2014-08-30 20:23:19", 
            "turn-index": 2, 
            "utterance": "スイカは実が大きいですね"
        }, 
        {
            "annotations": [], 
            "speaker": "U", 
            "time": "2014-08-30 20:24:24", 
            "turn-index": 3, 
            "utterance": "赤ちゃんサイズくらいあるね"
        }, 
        {
            "annotations": [
                {
                    "annotator-id": "04_C", 
                    "breakdown": "O", 
                    "comment": "", 
                    "ungrammatical-sentence": "O"
                }, 
                {
                    "annotator-id": "11_A", 
                    "breakdown": "O", 
                    "comment": "", 
                    "ungrammatical-sentence": "O"
                }, 
                {
                    "annotator-id": "15_A", 
                    "breakdown": "O", 
                    "comment": "", 
                    "ungrammatical-sentence": "O"
                }
            ], 
            "speaker": "S", 
            "time": "2014-08-30 20:24:24", 
            "turn-index": 4, 
            "utterance": "スイカはうまいですね"
        }, 
        {
            "annotations": [], 
            "speaker": "U", 
            "time": "2014-08-30 20:24:48", 
            "turn-index": 5, 
            "utterance": "確かに"
        }, 
        {
            "annotations": [
                {
                    "annotator-id": "04_C", 
                    "breakdown": "O", 
                    "comment": "", 
                    "ungrammatical-sentence": "O"
                }, 
                {
                    "annotator-id": "11_A", 
                    "breakdown": "O", 
                    "comment": "", 
                    "ungrammatical-sentence": "O"
                }, 
                {
                    "annotator-id": "15_A", 
                    "breakdown": "O", 
                    "comment": "", 
                    "ungrammatical-sentence": "O"
                }
            ], 
            "speaker": "S", 
            "time": "2014-08-30 20:24:48", 
            "turn-index": 6, 
            "utterance": "でしょう"
        }, 
        {
            "annotations": [], 
            "speaker": "U", 
            "time": "2014-08-30 20:25:02", 
            "turn-index": 7, 
            "utterance": "塩をかけて食べるのもいいね"
        }, 
        {
            "annotations": [
                {
                    "annotator-id": "04_C", 
                    "breakdown": "O", 
                    "comment": "", 
                    "ungrammatical-sentence": "O"
                }, 
                {
                    "annotator-id": "11_A", 
                    "breakdown": "T", 
                    "comment": "文脈的におかしい応答", 
                    "ungrammatical-sentence": "X"
                }, 
                {
                    "annotator-id": "15_A", 
                    "breakdown": "O", 
                    "comment": "", 
                    "ungrammatical-sentence": "O"
                }
            ], 
            "speaker": "S", 
            "time": "2014-08-30 20:25:02", 
            "turn-index": 8, 
            "utterance": "スイカは面白いですね"
        }, 
        {
            "annotations": [], 
            "speaker": "U", 
            "time": "2014-08-30 20:27:27", 
            "turn-index": 9, 
            "utterance": "正方形の品種とかもあるしね"
        }, 
        {
            "annotations": [
                {
                    "annotator-id": "04_C", 
                    "breakdown": "O", 
                    "comment": "", 
                    "ungrammatical-sentence": "O"
                }, 
                {
                    "annotator-id": "11_A", 
                    "breakdown": "O", 
                    "comment": "", 
                    "ungrammatical-sentence": "O"
                }, 
                {
                    "annotator-id": "15_A", 
                    "breakdown": "T", 
                    "comment": "何が「スイカで有名」なのかわからない", 
                    "ungrammatical-sentence": "O"
                }
            ], 
            "speaker": "S", 
            "time": "2014-08-30 20:27:27", 
            "turn-index": 10, 
            "utterance": "スイカで有名ですね"
        }, 
        {
            "annotations": [], 
            "speaker": "U", 
            "time": "2014-08-30 20:27:52", 
            "turn-index": 11, 
            "utterance": "値段が高いところが難点だけどね"
        }, 
        {
            "annotations": [
                {
                    "annotator-id": "04_C", 
                    "breakdown": "O", 
                    "comment": "", 
                    "ungrammatical-sentence": "O"
                }, 
                {
                    "annotator-id": "11_A", 
                    "breakdown": "O", 
                    "comment": "", 
                    "ungrammatical-sentence": "O"
                }, 
                {
                    "annotator-id": "15_A", 
                    "breakdown": "O", 
                    "comment": "", 
                    "ungrammatical-sentence": "O"
                }
            ], 
            "speaker": "S", 
            "time": "2014-08-30 20:27:52", 
            "turn-index": 12, 
            "utterance": "育てるのが難しいです"
        }, 
        {
            "annotations": [], 
            "speaker": "U", 
            "time": "2014-08-30 20:28:32", 
            "turn-index": 13, 
            "utterance": "家庭菜園では難しいのは確か"
        }, 
        {
            "annotations": [
                {
                    "annotator-id": "04_C", 
                    "breakdown": "T", 
                    "comment": "スイカは家庭菜園するのはマズいということか、スイカもものによってはマズいということなのか微妙", 
                    "ungrammatical-sentence": "O"
                }, 
                {
                    "annotator-id": "11_A", 
                    "breakdown": "X", 
                    "comment": "文脈的におかしい応答", 
                    "ungrammatical-sentence": "X"
                }, 
                {
                    "annotator-id": "15_A", 
                    "breakdown": "T", 
                    "comment": "それまでの意見を翻す", 
                    "ungrammatical-sentence": "O"
                }
            ], 
            "speaker": "S", 
            "time": "2014-08-30 20:28:32", 
            "turn-index": 14, 
            "utterance": "スイカはマズいです"
        }, 
        {
            "annotations": [], 
            "speaker": "U", 
            "time": "2014-08-30 20:30:37", 
            "turn-index": 15, 
            "utterance": "まぁ、売れすぎたスイカは美味しくないね"
        }, 
        {
            "annotations": [
                {
                    "annotator-id": "04_C", 
                    "breakdown": "O", 
                    "comment": "", 
                    "ungrammatical-sentence": "O"
                }, 
                {
                    "annotator-id": "11_A", 
                    "breakdown": "O", 
                    "comment": "", 
                    "ungrammatical-sentence": "O"
                }, 
                {
                    "annotator-id": "15_A", 
                    "breakdown": "O", 
                    "comment": "", 
                    "ungrammatical-sentence": "O"
                }
            ], 
            "speaker": "S", 
            "time": "2014-08-30 20:30:37", 
            "turn-index": 16, 
            "utterance": "食べるのがおいしいですよねー"
        }, 
        {
            "annotations": [], 
            "speaker": "U", 
            "time": "2014-08-30 20:31:37", 
            "turn-index": 17, 
            "utterance": "見るのも面白いけどね"
        }, 
        {
            "annotations": [
                {
                    "annotator-id": "04_C", 
                    "breakdown": "O", 
                    "comment": "", 
                    "ungrammatical-sentence": "O"
                }, 
                {
                    "annotator-id": "11_A", 
                    "breakdown": "O", 
                    "comment": "", 
                    "ungrammatical-sentence": "O"
                }, 
                {
                    "annotator-id": "15_A", 
                    "breakdown": "O", 
                    "comment": "", 
                    "ungrammatical-sentence": "O"
                }
            ], 
            "speaker": "S", 
            "time": "2014-08-30 20:31:37", 
            "turn-index": 18, 
            "utterance": "スイカは大好きですね"
        }, 
        {
            "annotations": [], 
            "speaker": "U", 
            "time": "2014-08-30 20:31:47", 
            "turn-index": 19, 
            "utterance": "はい"
        }, 
        {
            "annotations": [
                {
                    "annotator-id": "04_C", 
                    "breakdown": "O", 
                    "comment": "", 
                    "ungrammatical-sentence": "O"
                }, 
                {
                    "annotator-id": "11_A", 
                    "breakdown": "O", 
                    "comment": "", 
                    "ungrammatical-sentence": "O"
                }, 
                {
                    "annotator-id": "15_A", 
                    "breakdown": "O", 
                    "comment": "", 
                    "ungrammatical-sentence": "O"
                }
            ], 
            "speaker": "S", 
            "time": "2014-08-30 20:31:47", 
            "turn-index": 20, 
            "utterance": "そうか"
        }
    ]
}