{
    "dialogue-id": "1409122744", 
    "group-id": "subset_g", 
    "speaker-id": "08_11", 
    "turns": [
        {
            "annotations": [
                {
                    "annotator-id": "09_B", 
                    "breakdown": "O", 
                    "comment": "", 
                    "ungrammatical-sentence": "O"
                }, 
                {
                    "annotator-id": "12_A", 
                    "breakdown": "O", 
                    "comment": "", 
                    "ungrammatical-sentence": "O"
                }
            ], 
            "speaker": "S", 
            "time": "2014-08-27 15:55:09", 
            "turn-index": 0, 
            "utterance": "こんにちは。熱中症に気をつけて。"
        }, 
        {
            "annotations": [], 
            "speaker": "U", 
            "time": "2014-08-27 15:55:45", 
            "turn-index": 1, 
            "utterance": "こんにちは。冷房を使っているので大丈夫です。"
        }, 
        {
            "annotations": [
                {
                    "annotator-id": "09_B", 
                    "breakdown": "T", 
                    "comment": "", 
                    "ungrammatical-sentence": "O"
                }, 
                {
                    "annotator-id": "12_A", 
                    "breakdown": "O", 
                    "comment": "", 
                    "ungrammatical-sentence": "O"
                }
            ], 
            "speaker": "S", 
            "time": "2014-08-27 15:55:45", 
            "turn-index": 2, 
            "utterance": "冷房は暑いですか"
        }, 
        {
            "annotations": [], 
            "speaker": "U", 
            "time": "2014-08-27 15:55:53", 
            "turn-index": 3, 
            "utterance": "冷房は涼しいです。"
        }, 
        {
            "annotations": [
                {
                    "annotator-id": "09_B", 
                    "breakdown": "O", 
                    "comment": "", 
                    "ungrammatical-sentence": "O"
                }, 
                {
                    "annotator-id": "12_A", 
                    "breakdown": "O", 
                    "comment": "", 
                    "ungrammatical-sentence": "O"
                }
            ], 
            "speaker": "S", 
            "time": "2014-08-27 15:55:53", 
            "turn-index": 4, 
            "utterance": "冷房が寒いくらいに効きますか？"
        }, 
        {
            "annotations": [], 
            "speaker": "U", 
            "time": "2014-08-27 15:56:04", 
            "turn-index": 5, 
            "utterance": "たまに寒い時もあります"
        }, 
        {
            "annotations": [
                {
                    "annotator-id": "09_B", 
                    "breakdown": "O", 
                    "comment": "", 
                    "ungrammatical-sentence": "O"
                }, 
                {
                    "annotator-id": "12_A", 
                    "breakdown": "O", 
                    "comment": "", 
                    "ungrammatical-sentence": "O"
                }
            ], 
            "speaker": "S", 
            "time": "2014-08-27 15:56:04", 
            "turn-index": 6, 
            "utterance": "冷房が適度に効いてますか？"
        }, 
        {
            "annotations": [], 
            "speaker": "U", 
            "time": "2014-08-27 15:56:22", 
            "turn-index": 7, 
            "utterance": "冷蔵庫より暑いです。"
        }, 
        {
            "annotations": [
                {
                    "annotator-id": "09_B", 
                    "breakdown": "T", 
                    "comment": "", 
                    "ungrammatical-sentence": "O"
                }, 
                {
                    "annotator-id": "12_A", 
                    "breakdown": "O", 
                    "comment": "", 
                    "ungrammatical-sentence": "O"
                }
            ], 
            "speaker": "S", 
            "time": "2014-08-27 15:56:22", 
            "turn-index": 8, 
            "utterance": "冷蔵庫で寝ます？？"
        }, 
        {
            "annotations": [], 
            "speaker": "U", 
            "time": "2014-08-27 15:56:42", 
            "turn-index": 9, 
            "utterance": "冷蔵庫で寝ると炎上します。"
        }, 
        {
            "annotations": [
                {
                    "annotator-id": "09_B", 
                    "breakdown": "X", 
                    "comment": "", 
                    "ungrammatical-sentence": "O"
                }, 
                {
                    "annotator-id": "12_A", 
                    "breakdown": "X", 
                    "comment": "", 
                    "ungrammatical-sentence": "O"
                }
            ], 
            "speaker": "S", 
            "time": "2014-08-27 15:56:42", 
            "turn-index": 10, 
            "utterance": "見通しがいいですね"
        }, 
        {
            "annotations": [], 
            "speaker": "U", 
            "time": "2014-08-27 15:57:03", 
            "turn-index": 11, 
            "utterance": "前例がありますからね。"
        }, 
        {
            "annotations": [
                {
                    "annotator-id": "09_B", 
                    "breakdown": "T", 
                    "comment": "", 
                    "ungrammatical-sentence": "O"
                }, 
                {
                    "annotator-id": "12_A", 
                    "breakdown": "X", 
                    "comment": "", 
                    "ungrammatical-sentence": "O"
                }
            ], 
            "speaker": "S", 
            "time": "2014-08-27 15:57:03", 
            "turn-index": 12, 
            "utterance": "前例をみないんですよねえ"
        }, 
        {
            "annotations": [], 
            "speaker": "U", 
            "time": "2014-08-27 15:57:38", 
            "turn-index": 13, 
            "utterance": "少し前に流行した話題ですよ"
        }, 
        {
            "annotations": [
                {
                    "annotator-id": "09_B", 
                    "breakdown": "T", 
                    "comment": "", 
                    "ungrammatical-sentence": "O"
                }, 
                {
                    "annotator-id": "12_A", 
                    "breakdown": "O", 
                    "comment": "", 
                    "ungrammatical-sentence": "O"
                }
            ], 
            "speaker": "S", 
            "time": "2014-08-27 15:57:38", 
            "turn-index": 14, 
            "utterance": "前例を踏襲すれば何でも間違いない"
        }, 
        {
            "annotations": [], 
            "speaker": "U", 
            "time": "2014-08-27 15:58:27", 
            "turn-index": 15, 
            "utterance": "先ほどの前例は間違っているので踏襲しない方がいいと思います。"
        }, 
        {
            "annotations": [
                {
                    "annotator-id": "09_B", 
                    "breakdown": "X", 
                    "comment": "", 
                    "ungrammatical-sentence": "O"
                }, 
                {
                    "annotator-id": "12_A", 
                    "breakdown": "O", 
                    "comment": "", 
                    "ungrammatical-sentence": "O"
                }
            ], 
            "speaker": "S", 
            "time": "2014-08-27 15:58:27", 
            "turn-index": 16, 
            "utterance": "前例は先例ですね"
        }, 
        {
            "annotations": [], 
            "speaker": "U", 
            "time": "2014-08-27 15:58:37", 
            "turn-index": 17, 
            "utterance": "同じ意味ですね。"
        }, 
        {
            "annotations": [
                {
                    "annotator-id": "09_B", 
                    "breakdown": "T", 
                    "comment": "", 
                    "ungrammatical-sentence": "O"
                }, 
                {
                    "annotator-id": "12_A", 
                    "breakdown": "O", 
                    "comment": "", 
                    "ungrammatical-sentence": "O"
                }
            ], 
            "speaker": "S", 
            "time": "2014-08-27 15:58:37", 
            "turn-index": 18, 
            "utterance": "前例を覆しますか"
        }, 
        {
            "annotations": [], 
            "speaker": "U", 
            "time": "2014-08-27 15:58:55", 
            "turn-index": 19, 
            "utterance": "前例を覆せたらかっこいいですね。"
        }, 
        {
            "annotations": [
                {
                    "annotator-id": "09_B", 
                    "breakdown": "T", 
                    "comment": "", 
                    "ungrammatical-sentence": "O"
                }, 
                {
                    "annotator-id": "12_A", 
                    "breakdown": "O", 
                    "comment": "", 
                    "ungrammatical-sentence": "O"
                }
            ], 
            "speaker": "S", 
            "time": "2014-08-27 15:58:55", 
            "turn-index": 20, 
            "utterance": "前例ができます"
        }
    ]
}