{
    "dialogue-id": "1409103538", 
    "group-id": "subset_e", 
    "speaker-id": "15_10", 
    "turns": [
        {
            "annotations": [
                {
                    "annotator-id": "05_B", 
                    "breakdown": "O", 
                    "comment": "", 
                    "ungrammatical-sentence": "O"
                }, 
                {
                    "annotator-id": "08_B", 
                    "breakdown": "O", 
                    "comment": "", 
                    "ungrammatical-sentence": "O"
                }
            ], 
            "speaker": "S", 
            "time": "2014-08-27 10:25:56", 
            "turn-index": 0, 
            "utterance": "おはようございます。気軽に声かけてね。"
        }, 
        {
            "annotations": [], 
            "speaker": "U", 
            "time": "2014-08-27 10:36:29", 
            "turn-index": 1, 
            "utterance": "おはようございまぁす。"
        }, 
        {
            "annotations": [
                {
                    "annotator-id": "05_B", 
                    "breakdown": "O", 
                    "comment": "", 
                    "ungrammatical-sentence": "O"
                }, 
                {
                    "annotator-id": "08_B", 
                    "breakdown": "O", 
                    "comment": "", 
                    "ungrammatical-sentence": "O"
                }
            ], 
            "speaker": "S", 
            "time": "2014-08-27 10:36:29", 
            "turn-index": 2, 
            "utterance": "おはよーさん"
        }, 
        {
            "annotations": [], 
            "speaker": "U", 
            "time": "2014-08-27 10:36:45", 
            "turn-index": 3, 
            "utterance": "おはよん。"
        }, 
        {
            "annotations": [
                {
                    "annotator-id": "05_B", 
                    "breakdown": "O", 
                    "comment": "", 
                    "ungrammatical-sentence": "O"
                }, 
                {
                    "annotator-id": "08_B", 
                    "breakdown": "O", 
                    "comment": "", 
                    "ungrammatical-sentence": "O"
                }
            ], 
            "speaker": "S", 
            "time": "2014-08-27 10:36:45", 
            "turn-index": 4, 
            "utterance": "おはよーありがとー"
        }, 
        {
            "annotations": [], 
            "speaker": "U", 
            "time": "2014-08-27 10:36:51", 
            "turn-index": 5, 
            "utterance": "ありがとー"
        }, 
        {
            "annotations": [
                {
                    "annotator-id": "05_B", 
                    "breakdown": "T", 
                    "comment": "ビックリするべきではない", 
                    "ungrammatical-sentence": "O"
                }, 
                {
                    "annotator-id": "08_B", 
                    "breakdown": "O", 
                    "comment": "", 
                    "ungrammatical-sentence": "O"
                }
            ], 
            "speaker": "S", 
            "time": "2014-08-27 10:36:51", 
            "turn-index": 6, 
            "utterance": "えっ"
        }, 
        {
            "annotations": [], 
            "speaker": "U", 
            "time": "2014-08-27 10:36:56", 
            "turn-index": 7, 
            "utterance": "ありがとー"
        }, 
        {
            "annotations": [
                {
                    "annotator-id": "05_B", 
                    "breakdown": "O", 
                    "comment": "", 
                    "ungrammatical-sentence": "O"
                }, 
                {
                    "annotator-id": "08_B", 
                    "breakdown": "O", 
                    "comment": "", 
                    "ungrammatical-sentence": "O"
                }
            ], 
            "speaker": "S", 
            "time": "2014-08-27 10:36:56", 
            "turn-index": 8, 
            "utterance": "いいってことよ"
        }, 
        {
            "annotations": [], 
            "speaker": "U", 
            "time": "2014-08-27 10:37:09", 
            "turn-index": 9, 
            "utterance": "いや、そんなことは・・・"
        }, 
        {
            "annotations": [
                {
                    "annotator-id": "05_B", 
                    "breakdown": "X", 
                    "comment": "番組のことに急に話題が変わっている", 
                    "ungrammatical-sentence": "O"
                }, 
                {
                    "annotator-id": "08_B", 
                    "breakdown": "O", 
                    "comment": "", 
                    "ungrammatical-sentence": "O"
                }
            ], 
            "speaker": "S", 
            "time": "2014-08-27 10:37:09", 
            "turn-index": 10, 
            "utterance": "おはよんを見ますか？"
        }, 
        {
            "annotations": [], 
            "speaker": "U", 
            "time": "2014-08-27 10:38:07", 
            "turn-index": 11, 
            "utterance": "見ないよ"
        }, 
        {
            "annotations": [
                {
                    "annotator-id": "05_B", 
                    "breakdown": "T", 
                    "comment": "意味がわからない", 
                    "ungrammatical-sentence": "O"
                }, 
                {
                    "annotator-id": "08_B", 
                    "breakdown": "T", 
                    "comment": "", 
                    "ungrammatical-sentence": "X"
                }
            ], 
            "speaker": "S", 
            "time": "2014-08-27 10:38:07", 
            "turn-index": 12, 
            "utterance": "みんっ"
        }, 
        {
            "annotations": [], 
            "speaker": "U", 
            "time": "2014-08-27 10:38:15", 
            "turn-index": 13, 
            "utterance": "どういう意味？"
        }, 
        {
            "annotations": [
                {
                    "annotator-id": "05_B", 
                    "breakdown": "X", 
                    "comment": "一度聞いたことをしつこく聞いている", 
                    "ungrammatical-sentence": "O"
                }, 
                {
                    "annotator-id": "08_B", 
                    "breakdown": "O", 
                    "comment": "", 
                    "ungrammatical-sentence": "O"
                }
            ], 
            "speaker": "S", 
            "time": "2014-08-27 10:38:15", 
            "turn-index": 14, 
            "utterance": "おはよんを見ますよねえ"
        }, 
        {
            "annotations": [], 
            "speaker": "U", 
            "time": "2014-08-27 10:38:25", 
            "turn-index": 15, 
            "utterance": "いやいや。見ません。"
        }, 
        {
            "annotations": [
                {
                    "annotator-id": "05_B", 
                    "breakdown": "X", 
                    "comment": "見るかどうかをユーザは聞いていない", 
                    "ungrammatical-sentence": "O"
                }, 
                {
                    "annotator-id": "08_B", 
                    "breakdown": "O", 
                    "comment": "", 
                    "ungrammatical-sentence": "O"
                }
            ], 
            "speaker": "S", 
            "time": "2014-08-27 10:38:25", 
            "turn-index": 16, 
            "utterance": "おはよんを見ます"
        }, 
        {
            "annotations": [], 
            "speaker": "U", 
            "time": "2014-08-27 10:38:37", 
            "turn-index": 17, 
            "utterance": "私は見ないよ"
        }, 
        {
            "annotations": [
                {
                    "annotator-id": "05_B", 
                    "breakdown": "T", 
                    "comment": "真逆のことを言っている", 
                    "ungrammatical-sentence": "O"
                }, 
                {
                    "annotator-id": "08_B", 
                    "breakdown": "O", 
                    "comment": "", 
                    "ungrammatical-sentence": "O"
                }
            ], 
            "speaker": "S", 
            "time": "2014-08-27 10:38:37", 
            "turn-index": 18, 
            "utterance": "いいですね"
        }, 
        {
            "annotations": [], 
            "speaker": "U", 
            "time": "2014-08-27 10:38:49", 
            "turn-index": 19, 
            "utterance": "そう？"
        }, 
        {
            "annotations": [
                {
                    "annotator-id": "05_B", 
                    "breakdown": "O", 
                    "comment": "", 
                    "ungrammatical-sentence": "O"
                }, 
                {
                    "annotator-id": "08_B", 
                    "breakdown": "O", 
                    "comment": "", 
                    "ungrammatical-sentence": "O"
                }
            ], 
            "speaker": "S", 
            "time": "2014-08-27 10:38:49", 
            "turn-index": 20, 
            "utterance": "うん"
        }
    ]
}