{
    "dialogue-id": "1409440127", 
    "group-id": "subset_d", 
    "speaker-id": "14_03", 
    "turns": [
        {
            "annotations": [
                {
                    "annotator-id": "05_A", 
                    "breakdown": "O", 
                    "comment": "", 
                    "ungrammatical-sentence": "O"
                }, 
                {
                    "annotator-id": "07_A", 
                    "breakdown": "O", 
                    "comment": "", 
                    "ungrammatical-sentence": "O"
                }
            ], 
            "speaker": "S", 
            "time": "2014-08-31 08:00:02", 
            "turn-index": 0, 
            "utterance": "おはようございます。夏といえばスイカだね。"
        }, 
        {
            "annotations": [], 
            "speaker": "U", 
            "time": "2014-08-31 08:00:40", 
            "turn-index": 1, 
            "utterance": "あんまり食べなかったな"
        }, 
        {
            "annotations": [
                {
                    "annotator-id": "05_A", 
                    "breakdown": "X", 
                    "comment": "食べたかどうかの話", 
                    "ungrammatical-sentence": "O"
                }, 
                {
                    "annotator-id": "07_A", 
                    "breakdown": "T", 
                    "comment": "話題の切り替え方としては不適切", 
                    "ungrammatical-sentence": "O"
                }
            ], 
            "speaker": "S", 
            "time": "2014-08-31 08:00:40", 
            "turn-index": 2, 
            "utterance": "スイカで買い物できてるのですか？"
        }, 
        {
            "annotations": [], 
            "speaker": "U", 
            "time": "2014-08-31 08:01:20", 
            "turn-index": 3, 
            "utterance": "食べるほうじゃないの？"
        }, 
        {
            "annotations": [
                {
                    "annotator-id": "05_A", 
                    "breakdown": "X", 
                    "comment": "どうして？", 
                    "ungrammatical-sentence": "O"
                }, 
                {
                    "annotator-id": "07_A", 
                    "breakdown": "O", 
                    "comment": "", 
                    "ungrammatical-sentence": "O"
                }
            ], 
            "speaker": "S", 
            "time": "2014-08-31 08:01:20", 
            "turn-index": 4, 
            "utterance": "買い物が上手にできます"
        }, 
        {
            "annotations": [], 
            "speaker": "U", 
            "time": "2014-08-31 08:01:47", 
            "turn-index": 5, 
            "utterance": "普及してますものね"
        }, 
        {
            "annotations": [
                {
                    "annotator-id": "05_A", 
                    "breakdown": "O", 
                    "comment": "", 
                    "ungrammatical-sentence": "O"
                }, 
                {
                    "annotator-id": "07_A", 
                    "breakdown": "O", 
                    "comment": "", 
                    "ungrammatical-sentence": "O"
                }
            ], 
            "speaker": "S", 
            "time": "2014-08-31 08:01:47", 
            "turn-index": 6, 
            "utterance": "国内で普及が進みます"
        }, 
        {
            "annotations": [], 
            "speaker": "U", 
            "time": "2014-08-31 08:02:15", 
            "turn-index": 7, 
            "utterance": "海外はまだだめですか"
        }, 
        {
            "annotations": [
                {
                    "annotator-id": "05_A", 
                    "breakdown": "X", 
                    "comment": "行くかどうかはきいてない", 
                    "ungrammatical-sentence": "O"
                }, 
                {
                    "annotator-id": "07_A", 
                    "breakdown": "T", 
                    "comment": "話題が切り替わっている", 
                    "ungrammatical-sentence": "O"
                }
            ], 
            "speaker": "S", 
            "time": "2014-08-31 08:02:15", 
            "turn-index": 8, 
            "utterance": "海外は一人で行きます"
        }, 
        {
            "annotations": [], 
            "speaker": "U", 
            "time": "2014-08-31 08:03:49", 
            "turn-index": 9, 
            "utterance": "よく行くんですか"
        }, 
        {
            "annotations": [
                {
                    "annotator-id": "05_A", 
                    "breakdown": "X", 
                    "comment": "一人で行くのでは?", 
                    "ungrammatical-sentence": "O"
                }, 
                {
                    "annotator-id": "07_A", 
                    "breakdown": "O", 
                    "comment": "", 
                    "ungrammatical-sentence": "O"
                }
            ], 
            "speaker": "S", 
            "time": "2014-08-31 08:03:49", 
            "turn-index": 10, 
            "utterance": "海外に行ってないです"
        }, 
        {
            "annotations": [], 
            "speaker": "U", 
            "time": "2014-08-31 08:04:15", 
            "turn-index": 11, 
            "utterance": "今年は行ってないと"
        }, 
        {
            "annotations": [
                {
                    "annotator-id": "05_A", 
                    "breakdown": "X", 
                    "comment": "日本人ではなく「あなた」について聞いている", 
                    "ungrammatical-sentence": "O"
                }, 
                {
                    "annotator-id": "07_A", 
                    "breakdown": "T", 
                    "comment": "自分の話から，世間一般の話に突然切り替わり，つながりが無い", 
                    "ungrammatical-sentence": "O"
                }
            ], 
            "speaker": "S", 
            "time": "2014-08-31 08:04:15", 
            "turn-index": 12, 
            "utterance": "日本人が海外に行くのです"
        }, 
        {
            "annotations": [], 
            "speaker": "U", 
            "time": "2014-08-31 08:05:05", 
            "turn-index": 13, 
            "utterance": "たくさんの人が行きますね"
        }, 
        {
            "annotations": [
                {
                    "annotator-id": "05_A", 
                    "breakdown": "X", 
                    "comment": "前発話の繰り返し", 
                    "ungrammatical-sentence": "O"
                }, 
                {
                    "annotator-id": "07_A", 
                    "breakdown": "O", 
                    "comment": "", 
                    "ungrammatical-sentence": "O"
                }
            ], 
            "speaker": "S", 
            "time": "2014-08-31 08:05:05", 
            "turn-index": 14, 
            "utterance": "日本人が海外旅行に行くのです"
        }, 
        {
            "annotations": [], 
            "speaker": "U", 
            "time": "2014-08-31 08:05:41", 
            "turn-index": 15, 
            "utterance": "そこを強調したいですか"
        }, 
        {
            "annotations": [
                {
                    "annotator-id": "05_A", 
                    "breakdown": "X", 
                    "comment": "強調したいかの答えになっていない", 
                    "ungrammatical-sentence": "O"
                }, 
                {
                    "annotator-id": "07_A", 
                    "breakdown": "T", 
                    "comment": "話題の切り替えが突然すぎる", 
                    "ungrammatical-sentence": "O"
                }
            ], 
            "speaker": "S", 
            "time": "2014-08-31 08:05:41", 
            "turn-index": 16, 
            "utterance": "日本人は奥ゆかしいですね"
        }, 
        {
            "annotations": [], 
            "speaker": "U", 
            "time": "2014-08-31 08:06:40", 
            "turn-index": 17, 
            "utterance": "そう言われることもあります"
        }, 
        {
            "annotations": [
                {
                    "annotator-id": "05_A", 
                    "breakdown": "O", 
                    "comment": "", 
                    "ungrammatical-sentence": "O"
                }, 
                {
                    "annotator-id": "07_A", 
                    "breakdown": "O", 
                    "comment": "", 
                    "ungrammatical-sentence": "O"
                }
            ], 
            "speaker": "S", 
            "time": "2014-08-31 08:06:40", 
            "turn-index": 18, 
            "utterance": "日本人は誇らしいですね"
        }, 
        {
            "annotations": [], 
            "speaker": "U", 
            "time": "2014-08-31 08:08:11", 
            "turn-index": 19, 
            "utterance": "どういう点で"
        }, 
        {
            "annotations": [
                {
                    "annotator-id": "05_A", 
                    "breakdown": "X", 
                    "comment": "どういう点で誇らしいかを答えていない", 
                    "ungrammatical-sentence": "O"
                }, 
                {
                    "annotator-id": "07_A", 
                    "breakdown": "X", 
                    "comment": "質問に答えられていない", 
                    "ungrammatical-sentence": "O"
                }
            ], 
            "speaker": "S", 
            "time": "2014-08-31 08:08:11", 
            "turn-index": 20, 
            "utterance": "点は心強いですね"
        }
    ]
}