{
    "dialogue-id": "1409469837", 
    "group-id": "subset_e", 
    "speaker-id": "14_03", 
    "turns": [
        {
            "annotations": [
                {
                    "annotator-id": "05_B", 
                    "breakdown": "O", 
                    "comment": "", 
                    "ungrammatical-sentence": "O"
                }, 
                {
                    "annotator-id": "08_B", 
                    "breakdown": "O", 
                    "comment": "", 
                    "ungrammatical-sentence": "O"
                }
            ], 
            "speaker": "S", 
            "time": "2014-08-31 16:10:27", 
            "turn-index": 0, 
            "utterance": "こんにちはー。ちょうど退屈してたんだ。"
        }, 
        {
            "annotations": [], 
            "speaker": "U", 
            "time": "2014-08-31 16:16:39", 
            "turn-index": 1, 
            "utterance": "暇なときはおしゃべりもいいですね"
        }, 
        {
            "annotations": [
                {
                    "annotator-id": "05_B", 
                    "breakdown": "O", 
                    "comment": "", 
                    "ungrammatical-sentence": "O"
                }, 
                {
                    "annotator-id": "08_B", 
                    "breakdown": "O", 
                    "comment": "", 
                    "ungrammatical-sentence": "O"
                }
            ], 
            "speaker": "S", 
            "time": "2014-08-31 16:16:39", 
            "turn-index": 2, 
            "utterance": "退屈は心ですね"
        }, 
        {
            "annotations": [], 
            "speaker": "U", 
            "time": "2014-08-31 16:17:13", 
            "turn-index": 3, 
            "utterance": "心の問題ですか"
        }, 
        {
            "annotations": [
                {
                    "annotator-id": "05_B", 
                    "breakdown": "O", 
                    "comment": "", 
                    "ungrammatical-sentence": "O"
                }, 
                {
                    "annotator-id": "08_B", 
                    "breakdown": "O", 
                    "comment": "", 
                    "ungrammatical-sentence": "O"
                }
            ], 
            "speaker": "S", 
            "time": "2014-08-31 16:17:13", 
            "turn-index": 4, 
            "utterance": "退屈を紛らわせますよねえ"
        }, 
        {
            "annotations": [], 
            "speaker": "U", 
            "time": "2014-08-31 16:17:49", 
            "turn-index": 5, 
            "utterance": "人と話すのは気分が変わります"
        }, 
        {
            "annotations": [
                {
                    "annotator-id": "05_B", 
                    "breakdown": "T", 
                    "comment": "引きずるはネガティブなフレーズのため少し違う", 
                    "ungrammatical-sentence": "O"
                }, 
                {
                    "annotator-id": "08_B", 
                    "breakdown": "T", 
                    "comment": "変わりますと言っているのに引きずりますよねえと同意を求めるような言い方をしている", 
                    "ungrammatical-sentence": "O"
                }
            ], 
            "speaker": "S", 
            "time": "2014-08-31 16:17:49", 
            "turn-index": 6, 
            "utterance": "気分を引きずりますよねえ"
        }, 
        {
            "annotations": [], 
            "speaker": "U", 
            "time": "2014-08-31 16:18:12", 
            "turn-index": 7, 
            "utterance": "変わらないときもあるでしょう"
        }, 
        {
            "annotations": [
                {
                    "annotator-id": "05_B", 
                    "breakdown": "X", 
                    "comment": "どんな気分に浸るのかが分からない", 
                    "ungrammatical-sentence": "O"
                }, 
                {
                    "annotator-id": "08_B", 
                    "breakdown": "O", 
                    "comment": "", 
                    "ungrammatical-sentence": "O"
                }
            ], 
            "speaker": "S", 
            "time": "2014-08-31 16:18:12", 
            "turn-index": 8, 
            "utterance": "気分に浸りますよねえ"
        }, 
        {
            "annotations": [], 
            "speaker": "U", 
            "time": "2014-08-31 16:19:37", 
            "turn-index": 9, 
            "utterance": "体を動かすのがいいかも"
        }, 
        {
            "annotations": [
                {
                    "annotator-id": "05_B", 
                    "breakdown": "X", 
                    "comment": "夏が終わる気分は関係ない。さらに文章ではない", 
                    "ungrammatical-sentence": "X"
                }, 
                {
                    "annotator-id": "08_B", 
                    "breakdown": "X", 
                    "comment": "急に夏が終わる話になった+少し文法が変", 
                    "ungrammatical-sentence": "O"
                }
            ], 
            "speaker": "S", 
            "time": "2014-08-31 16:19:37", 
            "turn-index": 10, 
            "utterance": "気分は夏が終わりますよねえ"
        }, 
        {
            "annotations": [], 
            "speaker": "U", 
            "time": "2014-08-31 16:20:10", 
            "turn-index": 11, 
            "utterance": "秋も近いですね"
        }, 
        {
            "annotations": [
                {
                    "annotator-id": "05_B", 
                    "breakdown": "O", 
                    "comment": "", 
                    "ungrammatical-sentence": "O"
                }, 
                {
                    "annotator-id": "08_B", 
                    "breakdown": "O", 
                    "comment": "", 
                    "ungrammatical-sentence": "O"
                }
            ], 
            "speaker": "S", 
            "time": "2014-08-31 16:20:10", 
            "turn-index": 12, 
            "utterance": "気分は穏やかですね"
        }, 
        {
            "annotations": [], 
            "speaker": "U", 
            "time": "2014-08-31 16:21:42", 
            "turn-index": 13, 
            "utterance": "行楽シーズンになります"
        }, 
        {
            "annotations": [
                {
                    "annotator-id": "05_B", 
                    "breakdown": "O", 
                    "comment": "", 
                    "ungrammatical-sentence": "O"
                }, 
                {
                    "annotator-id": "08_B", 
                    "breakdown": "O", 
                    "comment": "", 
                    "ungrammatical-sentence": "O"
                }
            ], 
            "speaker": "S", 
            "time": "2014-08-31 16:21:42", 
            "turn-index": 14, 
            "utterance": "行楽シーズンに入りますか？"
        }, 
        {
            "annotations": [], 
            "speaker": "U", 
            "time": "2014-08-31 16:22:04", 
            "turn-index": 15, 
            "utterance": "ええ"
        }, 
        {
            "annotations": [
                {
                    "annotator-id": "05_B", 
                    "breakdown": "X", 
                    "comment": "突然意味のないことを言っている", 
                    "ungrammatical-sentence": "O"
                }, 
                {
                    "annotator-id": "08_B", 
                    "breakdown": "T", 
                    "comment": "同意の「ええ」を驚きの「ええ」に取り違えた？", 
                    "ungrammatical-sentence": "O"
                }
            ], 
            "speaker": "S", 
            "time": "2014-08-31 16:22:04", 
            "turn-index": 16, 
            "utterance": "どうした"
        }, 
        {
            "annotations": [], 
            "speaker": "U", 
            "time": "2014-08-31 16:22:40", 
            "turn-index": 17, 
            "utterance": "いえ、どうもしませんよ"
        }, 
        {
            "annotations": [
                {
                    "annotator-id": "05_B", 
                    "breakdown": "T", 
                    "comment": "この文章ではどこにいくのかが必要である", 
                    "ungrammatical-sentence": "O"
                }, 
                {
                    "annotator-id": "08_B", 
                    "breakdown": "O", 
                    "comment": "", 
                    "ungrammatical-sentence": "O"
                }
            ], 
            "speaker": "S", 
            "time": "2014-08-31 16:22:40", 
            "turn-index": 18, 
            "utterance": "行楽シーズンに行きます"
        }, 
        {
            "annotations": [], 
            "speaker": "U", 
            "time": "2014-08-31 16:23:50", 
            "turn-index": 19, 
            "utterance": "紅葉なんかどうですか"
        }, 
        {
            "annotations": [
                {
                    "annotator-id": "05_B", 
                    "breakdown": "O", 
                    "comment": "", 
                    "ungrammatical-sentence": "O"
                }, 
                {
                    "annotator-id": "08_B", 
                    "breakdown": "O", 
                    "comment": "", 
                    "ungrammatical-sentence": "O"
                }
            ], 
            "speaker": "S", 
            "time": "2014-08-31 16:23:50", 
            "turn-index": 20, 
            "utterance": "紅葉は京都がいいですね"
        }
    ]
}