{
    "dialogue-id": "1409054642", 
    "group-id": "subset_g", 
    "speaker-id": "11_05", 
    "turns": [
        {
            "annotations": [
                {
                    "annotator-id": "09_B", 
                    "breakdown": "O", 
                    "comment": "", 
                    "ungrammatical-sentence": "O"
                }, 
                {
                    "annotator-id": "12_A", 
                    "breakdown": "O", 
                    "comment": "", 
                    "ungrammatical-sentence": "O"
                }
            ], 
            "speaker": "S", 
            "time": "2014-08-26 21:01:52", 
            "turn-index": 0, 
            "utterance": "こんばんは！海へ行きたいね。"
        }, 
        {
            "annotations": [], 
            "speaker": "U", 
            "time": "2014-08-26 21:02:01", 
            "turn-index": 1, 
            "utterance": "海いいねー"
        }, 
        {
            "annotations": [
                {
                    "annotator-id": "09_B", 
                    "breakdown": "O", 
                    "comment": "", 
                    "ungrammatical-sentence": "O"
                }, 
                {
                    "annotator-id": "12_A", 
                    "breakdown": "O", 
                    "comment": "", 
                    "ungrammatical-sentence": "O"
                }
            ], 
            "speaker": "S", 
            "time": "2014-08-26 21:02:01", 
            "turn-index": 2, 
            "utterance": "気持ちがいいですね"
        }, 
        {
            "annotations": [], 
            "speaker": "U", 
            "time": "2014-08-26 21:02:20", 
            "turn-index": 3, 
            "utterance": "海風が気持ちいいよね"
        }, 
        {
            "annotations": [
                {
                    "annotator-id": "09_B", 
                    "breakdown": "X", 
                    "comment": "", 
                    "ungrammatical-sentence": "X"
                }, 
                {
                    "annotator-id": "12_A", 
                    "breakdown": "T", 
                    "comment": "", 
                    "ungrammatical-sentence": "O"
                }
            ], 
            "speaker": "S", 
            "time": "2014-08-26 21:02:20", 
            "turn-index": 4, 
            "utterance": "気持ちがえいですけどねぇ"
        }, 
        {
            "annotations": [], 
            "speaker": "U", 
            "time": "2014-08-26 21:02:30", 
            "turn-index": 5, 
            "utterance": "何弁？"
        }, 
        {
            "annotations": [
                {
                    "annotator-id": "09_B", 
                    "breakdown": "X", 
                    "comment": "", 
                    "ungrammatical-sentence": "X"
                }, 
                {
                    "annotator-id": "12_A", 
                    "breakdown": "T", 
                    "comment": "", 
                    "ungrammatical-sentence": "O"
                }
            ], 
            "speaker": "S", 
            "time": "2014-08-26 21:02:30", 
            "turn-index": 6, 
            "utterance": "海は気持ちがえいです"
        }, 
        {
            "annotations": [], 
            "speaker": "U", 
            "time": "2014-08-26 21:02:38", 
            "turn-index": 7, 
            "utterance": "なぜそこにこだわる"
        }, 
        {
            "annotations": [
                {
                    "annotator-id": "09_B", 
                    "breakdown": "O", 
                    "comment": "", 
                    "ungrammatical-sentence": "O"
                }, 
                {
                    "annotator-id": "12_A", 
                    "breakdown": "O", 
                    "comment": "", 
                    "ungrammatical-sentence": "O"
                }
            ], 
            "speaker": "S", 
            "time": "2014-08-26 21:02:38", 
            "turn-index": 8, 
            "utterance": "気持ちが落ち着くのです"
        }, 
        {
            "annotations": [], 
            "speaker": "U", 
            "time": "2014-08-26 21:02:48", 
            "turn-index": 9, 
            "utterance": "まあそれは否めない"
        }, 
        {
            "annotations": [
                {
                    "annotator-id": "09_B", 
                    "breakdown": "T", 
                    "comment": "", 
                    "ungrammatical-sentence": "O"
                }, 
                {
                    "annotator-id": "12_A", 
                    "breakdown": "O", 
                    "comment": "", 
                    "ungrammatical-sentence": "O"
                }
            ], 
            "speaker": "S", 
            "time": "2014-08-26 21:02:48", 
            "turn-index": 10, 
            "utterance": "海は荒いです"
        }, 
        {
            "annotations": [], 
            "speaker": "U", 
            "time": "2014-08-26 21:02:58", 
            "turn-index": 11, 
            "utterance": "荒れると怖いよね"
        }, 
        {
            "annotations": [
                {
                    "annotator-id": "09_B", 
                    "breakdown": "T", 
                    "comment": "", 
                    "ungrammatical-sentence": "O"
                }, 
                {
                    "annotator-id": "12_A", 
                    "breakdown": "O", 
                    "comment": "", 
                    "ungrammatical-sentence": "O"
                }
            ], 
            "speaker": "S", 
            "time": "2014-08-26 21:02:58", 
            "turn-index": 12, 
            "utterance": "海は怖いです"
        }, 
        {
            "annotations": [], 
            "speaker": "U", 
            "time": "2014-08-26 21:03:14", 
            "turn-index": 13, 
            "utterance": "一回そういう海で泳いでみたい"
        }, 
        {
            "annotations": [
                {
                    "annotator-id": "09_B", 
                    "breakdown": "T", 
                    "comment": "", 
                    "ungrammatical-sentence": "O"
                }, 
                {
                    "annotator-id": "12_A", 
                    "breakdown": "O", 
                    "comment": "", 
                    "ungrammatical-sentence": "O"
                }
            ], 
            "speaker": "S", 
            "time": "2014-08-26 21:03:14", 
            "turn-index": 14, 
            "utterance": "海は危ないです"
        }, 
        {
            "annotations": [], 
            "speaker": "U", 
            "time": "2014-08-26 21:03:35", 
            "turn-index": 15, 
            "utterance": "危ないことも出し家に多い"
        }, 
        {
            "annotations": [
                {
                    "annotator-id": "09_B", 
                    "breakdown": "T", 
                    "comment": "", 
                    "ungrammatical-sentence": "O"
                }, 
                {
                    "annotator-id": "12_A", 
                    "breakdown": "O", 
                    "comment": "", 
                    "ungrammatical-sentence": "O"
                }
            ], 
            "speaker": "S", 
            "time": "2014-08-26 21:03:35", 
            "turn-index": 16, 
            "utterance": "海は危険です"
        }, 
        {
            "annotations": [], 
            "speaker": "U", 
            "time": "2014-08-26 21:03:45", 
            "turn-index": 17, 
            "utterance": "サメとかね"
        }, 
        {
            "annotations": [
                {
                    "annotator-id": "09_B", 
                    "breakdown": "O", 
                    "comment": "", 
                    "ungrammatical-sentence": "O"
                }, 
                {
                    "annotator-id": "12_A", 
                    "breakdown": "O", 
                    "comment": "", 
                    "ungrammatical-sentence": "O"
                }
            ], 
            "speaker": "S", 
            "time": "2014-08-26 21:03:45", 
            "turn-index": 18, 
            "utterance": "サメは怖いです"
        }, 
        {
            "annotations": [], 
            "speaker": "U", 
            "time": "2014-08-26 21:04:00", 
            "turn-index": 19, 
            "utterance": "でも鮫肌触ってみたい"
        }, 
        {
            "annotations": [
                {
                    "annotator-id": "09_B", 
                    "breakdown": "T", 
                    "comment": "", 
                    "ungrammatical-sentence": "O"
                }, 
                {
                    "annotator-id": "12_A", 
                    "breakdown": "O", 
                    "comment": "", 
                    "ungrammatical-sentence": "O"
                }
            ], 
            "speaker": "S", 
            "time": "2014-08-26 21:04:00", 
            "turn-index": 20, 
            "utterance": "鮫肌は可愛いですね"
        }
    ]
}