{
    "dialogue-id": "1409200259", 
    "group-id": "subset_c", 
    "speaker-id": "07_11", 
    "turns": [
        {
            "annotations": [
                {
                    "annotator-id": "04_B", 
                    "breakdown": "O", 
                    "comment": "", 
                    "ungrammatical-sentence": "O"
                }, 
                {
                    "annotator-id": "06_A", 
                    "breakdown": "O", 
                    "comment": "", 
                    "ungrammatical-sentence": "O"
                }
            ], 
            "speaker": "S", 
            "time": "2014-08-28 13:24:44", 
            "turn-index": 0, 
            "utterance": "こんにちは。熱中症に気をつけて。"
        }, 
        {
            "annotations": [], 
            "speaker": "U", 
            "time": "2014-08-28 13:25:21", 
            "turn-index": 1, 
            "utterance": "心配していただきありがとうございます。"
        }, 
        {
            "annotations": [
                {
                    "annotator-id": "04_B", 
                    "breakdown": "O", 
                    "comment": "", 
                    "ungrammatical-sentence": "O"
                }, 
                {
                    "annotator-id": "06_A", 
                    "breakdown": "O", 
                    "comment": "", 
                    "ungrammatical-sentence": "O"
                }
            ], 
            "speaker": "S", 
            "time": "2014-08-28 13:25:21", 
            "turn-index": 2, 
            "utterance": "熱中症に気をつけてたいですか？"
        }, 
        {
            "annotations": [], 
            "speaker": "U", 
            "time": "2014-08-28 13:25:45", 
            "turn-index": 3, 
            "utterance": "危険ですから気をつけたいです。"
        }, 
        {
            "annotations": [
                {
                    "annotator-id": "04_B", 
                    "breakdown": "O", 
                    "comment": "", 
                    "ungrammatical-sentence": "O"
                }, 
                {
                    "annotator-id": "06_A", 
                    "breakdown": "O", 
                    "comment": "", 
                    "ungrammatical-sentence": "O"
                }
            ], 
            "speaker": "S", 
            "time": "2014-08-28 13:25:45", 
            "turn-index": 4, 
            "utterance": "熱中症が心配されます？？"
        }, 
        {
            "annotations": [], 
            "speaker": "U", 
            "time": "2014-08-28 13:25:59", 
            "turn-index": 5, 
            "utterance": "最近は熱いため心配です。"
        }, 
        {
            "annotations": [
                {
                    "annotator-id": "04_B", 
                    "breakdown": "T", 
                    "comment": "「熱中症を疑う」…能動態で言うことがあるんだろうか？「疑われる」の構文は見るが、「疑う」となると主語が専門家（医者など）ではないとちょっと違和感（素人であれば「～かと思う」程度）", 
                    "ungrammatical-sentence": "O"
                }, 
                {
                    "annotator-id": "06_A", 
                    "breakdown": "O", 
                    "comment": "", 
                    "ungrammatical-sentence": "O"
                }
            ], 
            "speaker": "S", 
            "time": "2014-08-28 13:25:59", 
            "turn-index": 6, 
            "utterance": "熱中症を疑いますか？？"
        }, 
        {
            "annotations": [], 
            "speaker": "U", 
            "time": "2014-08-28 13:26:24", 
            "turn-index": 7, 
            "utterance": "いいえ。熱中症ではないようです。"
        }, 
        {
            "annotations": [
                {
                    "annotator-id": "04_B", 
                    "breakdown": "X", 
                    "comment": "「XがYを引き起こす」の「X」が文脈から全くわからない", 
                    "ungrammatical-sentence": "X"
                }, 
                {
                    "annotator-id": "06_A", 
                    "breakdown": "O", 
                    "comment": "", 
                    "ungrammatical-sentence": "O"
                }
            ], 
            "speaker": "S", 
            "time": "2014-08-28 13:26:24", 
            "turn-index": 8, 
            "utterance": "熱中症を引き起こしますか？"
        }, 
        {
            "annotations": [], 
            "speaker": "U", 
            "time": "2014-08-28 13:27:28", 
            "turn-index": 9, 
            "utterance": "水分補給を行っているため問題ないはずです。"
        }, 
        {
            "annotations": [
                {
                    "annotator-id": "04_B", 
                    "breakdown": "O", 
                    "comment": "", 
                    "ungrammatical-sentence": "O"
                }, 
                {
                    "annotator-id": "06_A", 
                    "breakdown": "O", 
                    "comment": "", 
                    "ungrammatical-sentence": "O"
                }
            ], 
            "speaker": "S", 
            "time": "2014-08-28 13:27:28", 
            "turn-index": 10, 
            "utterance": "熱中症は大丈夫ですね"
        }, 
        {
            "annotations": [], 
            "speaker": "U", 
            "time": "2014-08-28 13:27:45", 
            "turn-index": 11, 
            "utterance": "はい。"
        }, 
        {
            "annotations": [
                {
                    "annotator-id": "04_B", 
                    "breakdown": "T", 
                    "comment": "このつながりに合わない", 
                    "ungrammatical-sentence": "O"
                }, 
                {
                    "annotator-id": "06_A", 
                    "breakdown": "O", 
                    "comment": "", 
                    "ungrammatical-sentence": "O"
                }
            ], 
            "speaker": "S", 
            "time": "2014-08-28 13:27:45", 
            "turn-index": 12, 
            "utterance": "よろしくお願いします"
        }, 
        {
            "annotations": [], 
            "speaker": "U", 
            "time": "2014-08-28 13:27:59", 
            "turn-index": 13, 
            "utterance": "こちらこそ。"
        }, 
        {
            "annotations": [
                {
                    "annotator-id": "04_B", 
                    "breakdown": "O", 
                    "comment": "", 
                    "ungrammatical-sentence": "O"
                }, 
                {
                    "annotator-id": "06_A", 
                    "breakdown": "O", 
                    "comment": "", 
                    "ungrammatical-sentence": "O"
                }
            ], 
            "speaker": "S", 
            "time": "2014-08-28 13:27:59", 
            "turn-index": 14, 
            "utterance": "仲良くしてください"
        }, 
        {
            "annotations": [], 
            "speaker": "U", 
            "time": "2014-08-28 13:29:21", 
            "turn-index": 15, 
            "utterance": "喜んで。"
        }, 
        {
            "annotations": [
                {
                    "annotator-id": "04_B", 
                    "breakdown": "O", 
                    "comment": "", 
                    "ungrammatical-sentence": "O"
                }, 
                {
                    "annotator-id": "06_A", 
                    "breakdown": "O", 
                    "comment": "", 
                    "ungrammatical-sentence": "O"
                }
            ], 
            "speaker": "S", 
            "time": "2014-08-28 13:29:21", 
            "turn-index": 16, 
            "utterance": "わーい"
        }, 
        {
            "annotations": [], 
            "speaker": "U", 
            "time": "2014-08-28 13:30:02", 
            "turn-index": 17, 
            "utterance": "また会えますか。"
        }, 
        {
            "annotations": [
                {
                    "annotator-id": "04_B", 
                    "breakdown": "T", 
                    "comment": "", 
                    "ungrammatical-sentence": "O"
                }, 
                {
                    "annotator-id": "06_A", 
                    "breakdown": "T", 
                    "comment": "", 
                    "ungrammatical-sentence": "O"
                }
            ], 
            "speaker": "S", 
            "time": "2014-08-28 13:30:02", 
            "turn-index": 18, 
            "utterance": "熱中症が心配されるのです"
        }, 
        {
            "annotations": [], 
            "speaker": "U", 
            "time": "2014-08-28 13:30:53", 
            "turn-index": 19, 
            "utterance": "秋までの辛抱です。"
        }, 
        {
            "annotations": [
                {
                    "annotator-id": "04_B", 
                    "breakdown": "X", 
                    "comment": "直前の発話と矛盾", 
                    "ungrammatical-sentence": "O"
                }, 
                {
                    "annotator-id": "06_A", 
                    "breakdown": "X", 
                    "comment": "", 
                    "ungrammatical-sentence": "O"
                }
            ], 
            "speaker": "S", 
            "time": "2014-08-28 13:30:53", 
            "turn-index": 20, 
            "utterance": "熱中症は大丈夫です"
        }
    ]
}