{
    "dialogue-id": "1409144605", 
    "group-id": "subset_k", 
    "speaker-id": "15_12", 
    "turns": [
        {
            "annotations": [
                {
                    "annotator-id": "04_C", 
                    "breakdown": "O", 
                    "comment": "", 
                    "ungrammatical-sentence": "O"
                }, 
                {
                    "annotator-id": "09_B", 
                    "breakdown": "O", 
                    "comment": "", 
                    "ungrammatical-sentence": "O"
                }
            ], 
            "speaker": "S", 
            "time": "2014-08-27 22:00:40", 
            "turn-index": 0, 
            "utterance": "こんばんは。海へ行きたいね。"
        }, 
        {
            "annotations": [], 
            "speaker": "U", 
            "time": "2014-08-27 22:01:13", 
            "turn-index": 1, 
            "utterance": "なんで海いきたいの？"
        }, 
        {
            "annotations": [
                {
                    "annotator-id": "04_C", 
                    "breakdown": "O", 
                    "comment": "", 
                    "ungrammatical-sentence": "O"
                }, 
                {
                    "annotator-id": "09_B", 
                    "breakdown": "T", 
                    "comment": "質問の答えになっていない", 
                    "ungrammatical-sentence": "O"
                }
            ], 
            "speaker": "S", 
            "time": "2014-08-27 22:01:13", 
            "turn-index": 2, 
            "utterance": "海に行かないなあ"
        }, 
        {
            "annotations": [], 
            "speaker": "U", 
            "time": "2014-08-27 22:01:25", 
            "turn-index": 3, 
            "utterance": "知らない。"
        }, 
        {
            "annotations": [
                {
                    "annotator-id": "04_C", 
                    "breakdown": "O", 
                    "comment": "", 
                    "ungrammatical-sentence": "O"
                }, 
                {
                    "annotator-id": "09_B", 
                    "breakdown": "O", 
                    "comment": "", 
                    "ungrammatical-sentence": "O"
                }
            ], 
            "speaker": "S", 
            "time": "2014-08-27 22:01:25", 
            "turn-index": 4, 
            "utterance": "えー"
        }, 
        {
            "annotations": [], 
            "speaker": "U", 
            "time": "2014-08-27 22:01:38", 
            "turn-index": 5, 
            "utterance": "なにが、えーなの？"
        }, 
        {
            "annotations": [
                {
                    "annotator-id": "04_C", 
                    "breakdown": "O", 
                    "comment": "", 
                    "ungrammatical-sentence": "O"
                }, 
                {
                    "annotator-id": "09_B", 
                    "breakdown": "T", 
                    "comment": "意味がよく分からない", 
                    "ungrammatical-sentence": "O"
                }
            ], 
            "speaker": "S", 
            "time": "2014-08-27 22:01:38", 
            "turn-index": 6, 
            "utterance": "海を知りますよねえ"
        }, 
        {
            "annotations": [], 
            "speaker": "U", 
            "time": "2014-08-27 22:02:02", 
            "turn-index": 7, 
            "utterance": "どういう意味？"
        }, 
        {
            "annotations": [
                {
                    "annotator-id": "04_C", 
                    "breakdown": "T", 
                    "comment": "", 
                    "ungrammatical-sentence": "O"
                }, 
                {
                    "annotator-id": "09_B", 
                    "breakdown": "T", 
                    "comment": "誰の話をしているのか分からない", 
                    "ungrammatical-sentence": "O"
                }
            ], 
            "speaker": "S", 
            "time": "2014-08-27 22:02:02", 
            "turn-index": 8, 
            "utterance": "海にいってるようです"
        }, 
        {
            "annotations": [], 
            "speaker": "U", 
            "time": "2014-08-27 22:02:13", 
            "turn-index": 9, 
            "utterance": "誰が？"
        }, 
        {
            "annotations": [
                {
                    "annotator-id": "04_C", 
                    "breakdown": "O", 
                    "comment": "", 
                    "ungrammatical-sentence": "O"
                }, 
                {
                    "annotator-id": "09_B", 
                    "breakdown": "O", 
                    "comment": "", 
                    "ungrammatical-sentence": "O"
                }
            ], 
            "speaker": "S", 
            "time": "2014-08-27 22:02:13", 
            "turn-index": 10, 
            "utterance": "ないしょ"
        }, 
        {
            "annotations": [], 
            "speaker": "U", 
            "time": "2014-08-27 22:02:23", 
            "turn-index": 11, 
            "utterance": "ずる！"
        }, 
        {
            "annotations": [
                {
                    "annotator-id": "04_C", 
                    "breakdown": "T", 
                    "comment": "", 
                    "ungrammatical-sentence": "O"
                }, 
                {
                    "annotator-id": "09_B", 
                    "breakdown": "T", 
                    "comment": "どの歌のことを言っているのか分からない", 
                    "ungrammatical-sentence": "O"
                }
            ], 
            "speaker": "S", 
            "time": "2014-08-27 22:02:23", 
            "turn-index": 12, 
            "utterance": "ないしょの話が歌えない"
        }, 
        {
            "annotations": [], 
            "speaker": "U", 
            "time": "2014-08-27 22:02:37", 
            "turn-index": 13, 
            "utterance": "意味わかんない。"
        }, 
        {
            "annotations": [
                {
                    "annotator-id": "04_C", 
                    "breakdown": "O", 
                    "comment": "", 
                    "ungrammatical-sentence": "O"
                }, 
                {
                    "annotator-id": "09_B", 
                    "breakdown": "O", 
                    "comment": "", 
                    "ungrammatical-sentence": "O"
                }
            ], 
            "speaker": "S", 
            "time": "2014-08-27 22:02:37", 
            "turn-index": 14, 
            "utterance": "話が通じないんですね。"
        }, 
        {
            "annotations": [], 
            "speaker": "U", 
            "time": "2014-08-27 22:02:48", 
            "turn-index": 15, 
            "utterance": "あーそうですか。"
        }, 
        {
            "annotations": [
                {
                    "annotator-id": "04_C", 
                    "breakdown": "O", 
                    "comment": "", 
                    "ungrammatical-sentence": "O"
                }, 
                {
                    "annotator-id": "09_B", 
                    "breakdown": "X", 
                    "comment": "意味が分からない", 
                    "ungrammatical-sentence": "O"
                }
            ], 
            "speaker": "S", 
            "time": "2014-08-27 22:02:48", 
            "turn-index": 16, 
            "utterance": "ないしょの話よすぎる"
        }, 
        {
            "annotations": [], 
            "speaker": "U", 
            "time": "2014-08-27 22:03:02", 
            "turn-index": 17, 
            "utterance": "意味わかんない。"
        }, 
        {
            "annotations": [
                {
                    "annotator-id": "04_C", 
                    "breakdown": "O", 
                    "comment": "", 
                    "ungrammatical-sentence": "O"
                }, 
                {
                    "annotator-id": "09_B", 
                    "breakdown": "X", 
                    "comment": "さっきとまったく同じことを言っていておかしい", 
                    "ungrammatical-sentence": "O"
                }
            ], 
            "speaker": "S", 
            "time": "2014-08-27 22:03:02", 
            "turn-index": 18, 
            "utterance": "話が通じないんですね。"
        }, 
        {
            "annotations": [], 
            "speaker": "U", 
            "time": "2014-08-27 22:03:22", 
            "turn-index": 19, 
            "utterance": "何回おんなじこと言うの？"
        }, 
        {
            "annotations": [
                {
                    "annotator-id": "04_C", 
                    "breakdown": "O", 
                    "comment": "", 
                    "ungrammatical-sentence": "O"
                }, 
                {
                    "annotator-id": "09_B", 
                    "breakdown": "X", 
                    "comment": "何度も同じことを言っていておかしい", 
                    "ungrammatical-sentence": "O"
                }
            ], 
            "speaker": "S", 
            "time": "2014-08-27 22:03:22", 
            "turn-index": 20, 
            "utterance": "ないしょのはなしがあるの。"
        }
    ]
}