{
    "dialogue-id": "1409403135", 
    "group-id": "subset_e", 
    "speaker-id": "08_04", 
    "turns": [
        {
            "annotations": [
                {
                    "annotator-id": "05_B", 
                    "breakdown": "O", 
                    "comment": "", 
                    "ungrammatical-sentence": "O"
                }, 
                {
                    "annotator-id": "08_B", 
                    "breakdown": "O", 
                    "comment": "", 
                    "ungrammatical-sentence": "O"
                }
            ], 
            "speaker": "S", 
            "time": "2014-08-30 21:49:06", 
            "turn-index": 0, 
            "utterance": "こんばんはー。ちょうど退屈してたんだ。"
        }, 
        {
            "annotations": [], 
            "speaker": "U", 
            "time": "2014-08-30 21:49:18", 
            "turn-index": 1, 
            "utterance": "退屈は無味無臭の劇薬ですね"
        }, 
        {
            "annotations": [
                {
                    "annotator-id": "05_B", 
                    "breakdown": "O", 
                    "comment": "", 
                    "ungrammatical-sentence": "O"
                }, 
                {
                    "annotator-id": "08_B", 
                    "breakdown": "O", 
                    "comment": "", 
                    "ungrammatical-sentence": "O"
                }
            ], 
            "speaker": "S", 
            "time": "2014-08-30 21:49:18", 
            "turn-index": 2, 
            "utterance": "退屈は心ですね"
        }, 
        {
            "annotations": [], 
            "speaker": "U", 
            "time": "2014-08-30 21:49:24", 
            "turn-index": 3, 
            "utterance": "心か"
        }, 
        {
            "annotations": [
                {
                    "annotator-id": "05_B", 
                    "breakdown": "O", 
                    "comment": "", 
                    "ungrammatical-sentence": "O"
                }, 
                {
                    "annotator-id": "08_B", 
                    "breakdown": "O", 
                    "comment": "", 
                    "ungrammatical-sentence": "O"
                }
            ], 
            "speaker": "S", 
            "time": "2014-08-30 21:49:24", 
            "turn-index": 4, 
            "utterance": "退屈を紛らわすのです"
        }, 
        {
            "annotations": [], 
            "speaker": "U", 
            "time": "2014-08-30 21:49:29", 
            "turn-index": 5, 
            "utterance": "あなたは詩人ですね"
        }, 
        {
            "annotations": [
                {
                    "annotator-id": "05_B", 
                    "breakdown": "O", 
                    "comment": "", 
                    "ungrammatical-sentence": "O"
                }, 
                {
                    "annotator-id": "08_B", 
                    "breakdown": "O", 
                    "comment": "", 
                    "ungrammatical-sentence": "O"
                }
            ], 
            "speaker": "S", 
            "time": "2014-08-30 21:49:29", 
            "turn-index": 6, 
            "utterance": "詩人は辛いです"
        }, 
        {
            "annotations": [], 
            "speaker": "U", 
            "time": "2014-08-30 21:49:40", 
            "turn-index": 7, 
            "utterance": "辛いものほど美しいものです"
        }, 
        {
            "annotations": [
                {
                    "annotator-id": "05_B", 
                    "breakdown": "T", 
                    "comment": "褒められていることに気づかず繰り替えしている", 
                    "ungrammatical-sentence": "O"
                }, 
                {
                    "annotator-id": "08_B", 
                    "breakdown": "O", 
                    "comment": "", 
                    "ungrammatical-sentence": "O"
                }
            ], 
            "speaker": "S", 
            "time": "2014-08-30 21:49:40", 
            "turn-index": 8, 
            "utterance": "詩人は辛いですよねー"
        }, 
        {
            "annotations": [], 
            "speaker": "U", 
            "time": "2014-08-30 21:50:23", 
            "turn-index": 9, 
            "utterance": "ところで、斉藤 緑雨を知っていますか？"
        }, 
        {
            "annotations": [
                {
                    "annotator-id": "05_B", 
                    "breakdown": "X", 
                    "comment": "知っているかどうかを答えていない", 
                    "ungrammatical-sentence": "O"
                }, 
                {
                    "annotator-id": "08_B", 
                    "breakdown": "O", 
                    "comment": "", 
                    "ungrammatical-sentence": "O"
                }
            ], 
            "speaker": "S", 
            "time": "2014-08-30 21:50:23", 
            "turn-index": 10, 
            "utterance": "斉藤が言うのです"
        }, 
        {
            "annotations": [], 
            "speaker": "U", 
            "time": "2014-08-30 21:51:01", 
            "turn-index": 11, 
            "utterance": "斉藤は「鳥の血に悲しめど、魚の血に悲しまず、声あるものは幸福也」と謳った詩人ですよ"
        }, 
        {
            "annotations": [
                {
                    "annotator-id": "05_B", 
                    "breakdown": "X", 
                    "comment": "何に出るのかが分からない", 
                    "ungrammatical-sentence": "O"
                }, 
                {
                    "annotator-id": "08_B", 
                    "breakdown": "X", 
                    "comment": "意味が分かりませんでした", 
                    "ungrammatical-sentence": "O"
                }
            ], 
            "speaker": "S", 
            "time": "2014-08-30 21:51:01", 
            "turn-index": 12, 
            "utterance": "斉藤が出るかもしれない"
        }, 
        {
            "annotations": [], 
            "speaker": "U", 
            "time": "2014-08-30 21:51:44", 
            "turn-index": 13, 
            "utterance": "出ると言えば、この夏はお化けは出ましたか？"
        }, 
        {
            "annotations": [
                {
                    "annotator-id": "05_B", 
                    "breakdown": "T", 
                    "comment": "出ていないとストレートに答えるべき", 
                    "ungrammatical-sentence": "O"
                }, 
                {
                    "annotator-id": "08_B", 
                    "breakdown": "O", 
                    "comment": "", 
                    "ungrammatical-sentence": "O"
                }
            ], 
            "speaker": "S", 
            "time": "2014-08-30 21:51:44", 
            "turn-index": 14, 
            "utterance": "お化けが部屋に出るかもしれない"
        }, 
        {
            "annotations": [], 
            "speaker": "U", 
            "time": "2014-08-30 21:51:50", 
            "turn-index": 15, 
            "utterance": "それは怖いですね"
        }, 
        {
            "annotations": [
                {
                    "annotator-id": "05_B", 
                    "breakdown": "X", 
                    "comment": "出てきているならば以前の「出るかも」は適切でない", 
                    "ungrammatical-sentence": "O"
                }, 
                {
                    "annotator-id": "08_B", 
                    "breakdown": "O", 
                    "comment": "", 
                    "ungrammatical-sentence": "O"
                }
            ], 
            "speaker": "S", 
            "time": "2014-08-30 21:51:50", 
            "turn-index": 16, 
            "utterance": "お化けが家に出るのです"
        }, 
        {
            "annotations": [], 
            "speaker": "U", 
            "time": "2014-08-30 21:52:00", 
            "turn-index": 17, 
            "utterance": "一度おはらいをしてもらった方がいいのではないですか？"
        }, 
        {
            "annotations": [
                {
                    "annotator-id": "05_B", 
                    "breakdown": "T", 
                    "comment": "否定すべき問いかけではない", 
                    "ungrammatical-sentence": "O"
                }, 
                {
                    "annotator-id": "08_B", 
                    "breakdown": "O", 
                    "comment": "", 
                    "ungrammatical-sentence": "O"
                }
            ], 
            "speaker": "S", 
            "time": "2014-08-30 21:52:00", 
            "turn-index": 18, 
            "utterance": "おはらいに行かないかも"
        }, 
        {
            "annotations": [], 
            "speaker": "U", 
            "time": "2014-08-30 21:52:13", 
            "turn-index": 19, 
            "utterance": "ちゃんと行った方がいいですよ"
        }, 
        {
            "annotations": [
                {
                    "annotator-id": "05_B", 
                    "breakdown": "O", 
                    "comment": "", 
                    "ungrammatical-sentence": "O"
                }, 
                {
                    "annotator-id": "08_B", 
                    "breakdown": "O", 
                    "comment": "", 
                    "ungrammatical-sentence": "O"
                }
            ], 
            "speaker": "S", 
            "time": "2014-08-30 21:52:14", 
            "turn-index": 20, 
            "utterance": "おはらいに行きます"
        }
    ]
}