{
    "dialogue-id": "1409443397", 
    "group-id": "subset_h", 
    "speaker-id": "14_03", 
    "turns": [
        {
            "annotations": [
                {
                    "annotator-id": "10_A", 
                    "breakdown": "O", 
                    "comment": "", 
                    "ungrammatical-sentence": "O"
                }, 
                {
                    "annotator-id": "13_A", 
                    "breakdown": "O", 
                    "comment": "", 
                    "ungrammatical-sentence": "O"
                }
            ], 
            "speaker": "S", 
            "time": "2014-08-31 08:53:24", 
            "turn-index": 0, 
            "utterance": "おはよう。気軽に声かけてね。"
        }, 
        {
            "annotations": [], 
            "speaker": "U", 
            "time": "2014-08-31 08:53:55", 
            "turn-index": 1, 
            "utterance": "朝天気がいいと気持ちいいですね"
        }, 
        {
            "annotations": [
                {
                    "annotator-id": "10_A", 
                    "breakdown": "O", 
                    "comment": "", 
                    "ungrammatical-sentence": "O"
                }, 
                {
                    "annotator-id": "13_A", 
                    "breakdown": "O", 
                    "comment": "", 
                    "ungrammatical-sentence": "O"
                }
            ], 
            "speaker": "S", 
            "time": "2014-08-31 08:53:55", 
            "turn-index": 2, 
            "utterance": "いいなあ！"
        }, 
        {
            "annotations": [], 
            "speaker": "U", 
            "time": "2014-08-31 08:55:36", 
            "turn-index": 3, 
            "utterance": "晴れやかな気分になります"
        }, 
        {
            "annotations": [
                {
                    "annotator-id": "10_A", 
                    "breakdown": "T", 
                    "comment": "何が楽しみなのかわからない", 
                    "ungrammatical-sentence": "O"
                }, 
                {
                    "annotator-id": "13_A", 
                    "breakdown": "O", 
                    "comment": "", 
                    "ungrammatical-sentence": "O"
                }
            ], 
            "speaker": "S", 
            "time": "2014-08-31 08:55:36", 
            "turn-index": 4, 
            "utterance": "楽しみです"
        }, 
        {
            "annotations": [], 
            "speaker": "U", 
            "time": "2014-08-31 08:56:06", 
            "turn-index": 5, 
            "utterance": "どこかに出かけたりします？"
        }, 
        {
            "annotations": [
                {
                    "annotator-id": "10_A", 
                    "breakdown": "X", 
                    "comment": "質問に答えていない", 
                    "ungrammatical-sentence": "O"
                }, 
                {
                    "annotator-id": "13_A", 
                    "breakdown": "T", 
                    "comment": "質問に答えない", 
                    "ungrammatical-sentence": "O"
                }
            ], 
            "speaker": "S", 
            "time": "2014-08-31 08:56:06", 
            "turn-index": 6, 
            "utterance": "楽しみが増します"
        }, 
        {
            "annotations": [], 
            "speaker": "U", 
            "time": "2014-08-31 08:57:50", 
            "turn-index": 7, 
            "utterance": "予定があるんですね"
        }, 
        {
            "annotations": [
                {
                    "annotator-id": "10_A", 
                    "breakdown": "X", 
                    "comment": "非文．何が楽しみなのか依然わからない", 
                    "ungrammatical-sentence": "X"
                }, 
                {
                    "annotator-id": "13_A", 
                    "breakdown": "O", 
                    "comment": "", 
                    "ungrammatical-sentence": "O"
                }
            ], 
            "speaker": "S", 
            "time": "2014-08-31 08:57:50", 
            "turn-index": 8, 
            "utterance": "楽しみを待ちます"
        }, 
        {
            "annotations": [], 
            "speaker": "U", 
            "time": "2014-08-31 08:58:31", 
            "turn-index": 9, 
            "utterance": "余程楽しみなんですね"
        }, 
        {
            "annotations": [
                {
                    "annotator-id": "10_A", 
                    "breakdown": "X", 
                    "comment": "唐突に「発売」とか言われてもわからない", 
                    "ungrammatical-sentence": "O"
                }, 
                {
                    "annotator-id": "13_A", 
                    "breakdown": "O", 
                    "comment": "", 
                    "ungrammatical-sentence": "O"
                }
            ], 
            "speaker": "S", 
            "time": "2014-08-31 08:58:31", 
            "turn-index": 10, 
            "utterance": "楽しみに発売を待つようですよ"
        }, 
        {
            "annotations": [], 
            "speaker": "U", 
            "time": "2014-08-31 08:59:17", 
            "turn-index": 11, 
            "utterance": "何の発売ですか"
        }, 
        {
            "annotations": [
                {
                    "annotator-id": "10_A", 
                    "breakdown": "X", 
                    "comment": "質問に答えていない．完成って何？", 
                    "ungrammatical-sentence": "O"
                }, 
                {
                    "annotator-id": "13_A", 
                    "breakdown": "T", 
                    "comment": "発言が矛盾している？", 
                    "ungrammatical-sentence": "O"
                }
            ], 
            "speaker": "S", 
            "time": "2014-08-31 08:59:17", 
            "turn-index": 12, 
            "utterance": "楽しみに完成を待つそうですよ"
        }, 
        {
            "annotations": [], 
            "speaker": "U", 
            "time": "2014-08-31 08:59:59", 
            "turn-index": 13, 
            "utterance": "プラモデルか何かですか"
        }, 
        {
            "annotations": [
                {
                    "annotator-id": "10_A", 
                    "breakdown": "T", 
                    "comment": "表層的には噛み合っているが，展開が唐突", 
                    "ungrammatical-sentence": "O"
                }, 
                {
                    "annotator-id": "13_A", 
                    "breakdown": "T", 
                    "comment": "質問に答えない", 
                    "ungrammatical-sentence": "O"
                }
            ], 
            "speaker": "S", 
            "time": "2014-08-31 08:59:59", 
            "turn-index": 14, 
            "utterance": "プラモデルは夢中で作ります"
        }, 
        {
            "annotations": [], 
            "speaker": "U", 
            "time": "2014-08-31 09:00:43", 
            "turn-index": 15, 
            "utterance": "休日はプラモデル作りですか"
        }, 
        {
            "annotations": [
                {
                    "annotator-id": "10_A", 
                    "breakdown": "T", 
                    "comment": "展開が強引．文脈を読み取るのが困難", 
                    "ungrammatical-sentence": "O"
                }, 
                {
                    "annotator-id": "13_A", 
                    "breakdown": "O", 
                    "comment": "", 
                    "ungrammatical-sentence": "O"
                }
            ], 
            "speaker": "S", 
            "time": "2014-08-31 09:00:43", 
            "turn-index": 16, 
            "utterance": "友人が作ります"
        }, 
        {
            "annotations": [], 
            "speaker": "U", 
            "time": "2014-08-31 09:02:19", 
            "turn-index": 17, 
            "utterance": "珍しいですね"
        }, 
        {
            "annotations": [
                {
                    "annotator-id": "10_A", 
                    "breakdown": "O", 
                    "comment": "", 
                    "ungrammatical-sentence": "O"
                }, 
                {
                    "annotator-id": "13_A", 
                    "breakdown": "O", 
                    "comment": "", 
                    "ungrammatical-sentence": "O"
                }
            ], 
            "speaker": "S", 
            "time": "2014-08-31 09:02:19", 
            "turn-index": 18, 
            "utterance": "でしょ"
        }, 
        {
            "annotations": [], 
            "speaker": "U", 
            "time": "2014-08-31 09:02:50", 
            "turn-index": 19, 
            "utterance": "普通は自分で作るでしょう"
        }, 
        {
            "annotations": [
                {
                    "annotator-id": "10_A", 
                    "breakdown": "T", 
                    "comment": "表層的には噛み合っていないが，2発話前があるので△", 
                    "ungrammatical-sentence": "O"
                }, 
                {
                    "annotator-id": "13_A", 
                    "breakdown": "T", 
                    "comment": "意味が分からない", 
                    "ungrammatical-sentence": "O"
                }
            ], 
            "speaker": "S", 
            "time": "2014-08-31 09:02:50", 
            "turn-index": 20, 
            "utterance": "知り合いがプラモデルを持つのです"
        }
    ]
}