{
    "dialogue-id": "1409290355", 
    "group-id": "subset_g", 
    "speaker-id": "14_02", 
    "turns": [
        {
            "annotations": [
                {
                    "annotator-id": "09_B", 
                    "breakdown": "O", 
                    "comment": "", 
                    "ungrammatical-sentence": "O"
                }, 
                {
                    "annotator-id": "12_A", 
                    "breakdown": "O", 
                    "comment": "", 
                    "ungrammatical-sentence": "O"
                }
            ], 
            "speaker": "S", 
            "time": "2014-08-29 14:28:28", 
            "turn-index": 0, 
            "utterance": "こんにちは。ちょうど退屈してたんだ。"
        }, 
        {
            "annotations": [], 
            "speaker": "U", 
            "time": "2014-08-29 14:28:49", 
            "turn-index": 1, 
            "utterance": "暇な時なにやりますか、将棋？"
        }, 
        {
            "annotations": [
                {
                    "annotator-id": "09_B", 
                    "breakdown": "T", 
                    "comment": "", 
                    "ungrammatical-sentence": "O"
                }, 
                {
                    "annotator-id": "12_A", 
                    "breakdown": "O", 
                    "comment": "", 
                    "ungrammatical-sentence": "O"
                }
            ], 
            "speaker": "S", 
            "time": "2014-08-29 14:28:49", 
            "turn-index": 2, 
            "utterance": "退屈は嫌です"
        }, 
        {
            "annotations": [], 
            "speaker": "U", 
            "time": "2014-08-29 14:29:09", 
            "turn-index": 3, 
            "utterance": "しりとりでもします？"
        }, 
        {
            "annotations": [
                {
                    "annotator-id": "09_B", 
                    "breakdown": "T", 
                    "comment": "", 
                    "ungrammatical-sentence": "O"
                }, 
                {
                    "annotator-id": "12_A", 
                    "breakdown": "O", 
                    "comment": "", 
                    "ungrammatical-sentence": "O"
                }
            ], 
            "speaker": "S", 
            "time": "2014-08-29 14:29:09", 
            "turn-index": 4, 
            "utterance": "しりとりを楽しんでるんです"
        }, 
        {
            "annotations": [], 
            "speaker": "U", 
            "time": "2014-08-29 14:29:55", 
            "turn-index": 5, 
            "utterance": "大抵しりとりの、りから始めますよね"
        }, 
        {
            "annotations": [
                {
                    "annotator-id": "09_B", 
                    "breakdown": "O", 
                    "comment": "", 
                    "ungrammatical-sentence": "O"
                }, 
                {
                    "annotator-id": "12_A", 
                    "breakdown": "O", 
                    "comment": "", 
                    "ungrammatical-sentence": "O"
                }
            ], 
            "speaker": "S", 
            "time": "2014-08-29 14:29:55", 
            "turn-index": 6, 
            "utterance": "しりとりは一緒に盛り上がります"
        }, 
        {
            "annotations": [], 
            "speaker": "U", 
            "time": "2014-08-29 14:30:10", 
            "turn-index": 7, 
            "utterance": "一人ではできないですからね"
        }, 
        {
            "annotations": [
                {
                    "annotator-id": "09_B", 
                    "breakdown": "O", 
                    "comment": "", 
                    "ungrammatical-sentence": "O"
                }, 
                {
                    "annotator-id": "12_A", 
                    "breakdown": "O", 
                    "comment": "", 
                    "ungrammatical-sentence": "O"
                }
            ], 
            "speaker": "S", 
            "time": "2014-08-29 14:30:10", 
            "turn-index": 8, 
            "utterance": "しりとりは一緒に続けますよねえ"
        }, 
        {
            "annotations": [], 
            "speaker": "U", 
            "time": "2014-08-29 14:30:50", 
            "turn-index": 9, 
            "utterance": "大体りんご、ゴリラ、ラッパと続けますよね"
        }, 
        {
            "annotations": [
                {
                    "annotator-id": "09_B", 
                    "breakdown": "T", 
                    "comment": "", 
                    "ungrammatical-sentence": "O"
                }, 
                {
                    "annotator-id": "12_A", 
                    "breakdown": "O", 
                    "comment": "", 
                    "ungrammatical-sentence": "O"
                }
            ], 
            "speaker": "S", 
            "time": "2014-08-29 14:30:50", 
            "turn-index": 10, 
            "utterance": "一緒に盛り上がりますよねえ"
        }, 
        {
            "annotations": [], 
            "speaker": "U", 
            "time": "2014-08-29 14:31:18", 
            "turn-index": 11, 
            "utterance": "ラッパってあんまりしりとり以外で言わないですよね"
        }, 
        {
            "annotations": [
                {
                    "annotator-id": "09_B", 
                    "breakdown": "T", 
                    "comment": "", 
                    "ungrammatical-sentence": "O"
                }, 
                {
                    "annotator-id": "12_A", 
                    "breakdown": "T", 
                    "comment": "", 
                    "ungrammatical-sentence": "O"
                }
            ], 
            "speaker": "S", 
            "time": "2014-08-29 14:31:18", 
            "turn-index": 12, 
            "utterance": "ラッパに行きますよねえ"
        }, 
        {
            "annotations": [], 
            "speaker": "U", 
            "time": "2014-08-29 14:31:38", 
            "turn-index": 13, 
            "utterance": "ラッパは楽器でしょう"
        }, 
        {
            "annotations": [
                {
                    "annotator-id": "09_B", 
                    "breakdown": "X", 
                    "comment": "", 
                    "ungrammatical-sentence": "O"
                }, 
                {
                    "annotator-id": "12_A", 
                    "breakdown": "X", 
                    "comment": "", 
                    "ungrammatical-sentence": "O"
                }
            ], 
            "speaker": "S", 
            "time": "2014-08-29 14:31:38", 
            "turn-index": 14, 
            "utterance": "ラッパに行くのです"
        }, 
        {
            "annotations": [], 
            "speaker": "U", 
            "time": "2014-08-29 14:31:51", 
            "turn-index": 15, 
            "utterance": "そんな場所があるんですか？"
        }, 
        {
            "annotations": [
                {
                    "annotator-id": "09_B", 
                    "breakdown": "X", 
                    "comment": "", 
                    "ungrammatical-sentence": "O"
                }, 
                {
                    "annotator-id": "12_A", 
                    "breakdown": "X", 
                    "comment": "", 
                    "ungrammatical-sentence": "O"
                }
            ], 
            "speaker": "S", 
            "time": "2014-08-29 14:31:51", 
            "turn-index": 16, 
            "utterance": "ラッパに行くそうですよ"
        }, 
        {
            "annotations": [], 
            "speaker": "U", 
            "time": "2014-08-29 14:32:11", 
            "turn-index": 17, 
            "utterance": "私が言ってるのはトランペットのことですよ？"
        }, 
        {
            "annotations": [
                {
                    "annotator-id": "09_B", 
                    "breakdown": "T", 
                    "comment": "", 
                    "ungrammatical-sentence": "O"
                }, 
                {
                    "annotator-id": "12_A", 
                    "breakdown": "T", 
                    "comment": "", 
                    "ungrammatical-sentence": "X"
                }
            ], 
            "speaker": "S", 
            "time": "2014-08-29 14:32:11", 
            "turn-index": 18, 
            "utterance": "トランペットが吹くんですよ"
        }, 
        {
            "annotations": [], 
            "speaker": "U", 
            "time": "2014-08-29 14:32:33", 
            "turn-index": 19, 
            "utterance": "トランペット吹けるんですか"
        }, 
        {
            "annotations": [
                {
                    "annotator-id": "09_B", 
                    "breakdown": "T", 
                    "comment": "", 
                    "ungrammatical-sentence": "O"
                }, 
                {
                    "annotator-id": "12_A", 
                    "breakdown": "X", 
                    "comment": "", 
                    "ungrammatical-sentence": "X"
                }
            ], 
            "speaker": "S", 
            "time": "2014-08-29 14:32:33", 
            "turn-index": 20, 
            "utterance": "トランペットが吹きます"
        }
    ]
}