{
    "dialogue-id": "1409217329", 
    "group-id": "subset_g", 
    "speaker-id": "04_07", 
    "turns": [
        {
            "annotations": [
                {
                    "annotator-id": "09_B", 
                    "breakdown": "O", 
                    "comment": "", 
                    "ungrammatical-sentence": "O"
                }, 
                {
                    "annotator-id": "12_A", 
                    "breakdown": "O", 
                    "comment": "", 
                    "ungrammatical-sentence": "O"
                }
            ], 
            "speaker": "S", 
            "time": "2014-08-28 18:12:34", 
            "turn-index": 0, 
            "utterance": "こんばんはー。気軽に声かけてね。"
        }, 
        {
            "annotations": [], 
            "speaker": "U", 
            "time": "2014-08-28 18:12:54", 
            "turn-index": 1, 
            "utterance": "こんばんは"
        }, 
        {
            "annotations": [
                {
                    "annotator-id": "09_B", 
                    "breakdown": "O", 
                    "comment": "", 
                    "ungrammatical-sentence": "O"
                }, 
                {
                    "annotator-id": "12_A", 
                    "breakdown": "O", 
                    "comment": "", 
                    "ungrammatical-sentence": "O"
                }
            ], 
            "speaker": "S", 
            "time": "2014-08-28 18:12:54", 
            "turn-index": 2, 
            "utterance": "夜はこれからです。"
        }, 
        {
            "annotations": [], 
            "speaker": "U", 
            "time": "2014-08-28 18:13:07", 
            "turn-index": 3, 
            "utterance": "おなかがすいたよ．なにか食べるものないですか？"
        }, 
        {
            "annotations": [
                {
                    "annotator-id": "09_B", 
                    "breakdown": "T", 
                    "comment": "", 
                    "ungrammatical-sentence": "O"
                }, 
                {
                    "annotator-id": "12_A", 
                    "breakdown": "T", 
                    "comment": "", 
                    "ungrammatical-sentence": "O"
                }
            ], 
            "speaker": "S", 
            "time": "2014-08-28 18:13:07", 
            "turn-index": 4, 
            "utterance": "おなかから声を出すのです"
        }, 
        {
            "annotations": [], 
            "speaker": "U", 
            "time": "2014-08-28 18:13:25", 
            "turn-index": 5, 
            "utterance": "声を出してもおなかはふくれないなよ"
        }, 
        {
            "annotations": [
                {
                    "annotator-id": "09_B", 
                    "breakdown": "T", 
                    "comment": "", 
                    "ungrammatical-sentence": "O"
                }, 
                {
                    "annotator-id": "12_A", 
                    "breakdown": "T", 
                    "comment": "", 
                    "ungrammatical-sentence": "O"
                }
            ], 
            "speaker": "S", 
            "time": "2014-08-28 18:13:25", 
            "turn-index": 6, 
            "utterance": "おなかをへこませるのです"
        }, 
        {
            "annotations": [], 
            "speaker": "U", 
            "time": "2014-08-28 18:13:35", 
            "turn-index": 7, 
            "utterance": "胃を小さくしろと？"
        }, 
        {
            "annotations": [
                {
                    "annotator-id": "09_B", 
                    "breakdown": "T", 
                    "comment": "", 
                    "ungrammatical-sentence": "O"
                }, 
                {
                    "annotator-id": "12_A", 
                    "breakdown": "T", 
                    "comment": "", 
                    "ungrammatical-sentence": "O"
                }
            ], 
            "speaker": "S", 
            "time": "2014-08-28 18:13:35", 
            "turn-index": 8, 
            "utterance": "おなかを引っ込めますよねー"
        }, 
        {
            "annotations": [], 
            "speaker": "U", 
            "time": "2014-08-28 18:13:54", 
            "turn-index": 9, 
            "utterance": "引っ込めても空腹は紛れないよ"
        }, 
        {
            "annotations": [
                {
                    "annotator-id": "09_B", 
                    "breakdown": "O", 
                    "comment": "", 
                    "ungrammatical-sentence": "O"
                }, 
                {
                    "annotator-id": "12_A", 
                    "breakdown": "O", 
                    "comment": "", 
                    "ungrammatical-sentence": "O"
                }
            ], 
            "speaker": "S", 
            "time": "2014-08-28 18:13:54", 
            "turn-index": 10, 
            "utterance": "おなかは大事ですね"
        }, 
        {
            "annotations": [], 
            "speaker": "U", 
            "time": "2014-08-28 18:14:13", 
            "turn-index": 11, 
            "utterance": "そうだね．腹切りしたら死んじゃうからね"
        }, 
        {
            "annotations": [
                {
                    "annotator-id": "09_B", 
                    "breakdown": "T", 
                    "comment": "", 
                    "ungrammatical-sentence": "O"
                }, 
                {
                    "annotator-id": "12_A", 
                    "breakdown": "T", 
                    "comment": "", 
                    "ungrammatical-sentence": "O"
                }
            ], 
            "speaker": "S", 
            "time": "2014-08-28 18:14:13", 
            "turn-index": 12, 
            "utterance": "おなかは大事か"
        }, 
        {
            "annotations": [], 
            "speaker": "U", 
            "time": "2014-08-28 18:14:23", 
            "turn-index": 13, 
            "utterance": "そうだよ"
        }, 
        {
            "annotations": [
                {
                    "annotator-id": "09_B", 
                    "breakdown": "O", 
                    "comment": "", 
                    "ungrammatical-sentence": "O"
                }, 
                {
                    "annotator-id": "12_A", 
                    "breakdown": "O", 
                    "comment": "", 
                    "ungrammatical-sentence": "O"
                }
            ], 
            "speaker": "S", 
            "time": "2014-08-28 18:14:23", 
            "turn-index": 14, 
            "utterance": "さんきゅ"
        }, 
        {
            "annotations": [], 
            "speaker": "U", 
            "time": "2014-08-28 18:14:51", 
            "turn-index": 15, 
            "utterance": "何か食べに行こうよ．"
        }, 
        {
            "annotations": [
                {
                    "annotator-id": "09_B", 
                    "breakdown": "O", 
                    "comment": "", 
                    "ungrammatical-sentence": "O"
                }, 
                {
                    "annotator-id": "12_A", 
                    "breakdown": "O", 
                    "comment": "", 
                    "ungrammatical-sentence": "O"
                }
            ], 
            "speaker": "S", 
            "time": "2014-08-28 18:14:51", 
            "turn-index": 16, 
            "utterance": "楽しそうですね"
        }, 
        {
            "annotations": [], 
            "speaker": "U", 
            "time": "2014-08-28 18:14:56", 
            "turn-index": 17, 
            "utterance": "何が好き？"
        }, 
        {
            "annotations": [
                {
                    "annotator-id": "09_B", 
                    "breakdown": "T", 
                    "comment": "", 
                    "ungrammatical-sentence": "O"
                }, 
                {
                    "annotator-id": "12_A", 
                    "breakdown": "X", 
                    "comment": "", 
                    "ungrammatical-sentence": "O"
                }
            ], 
            "speaker": "S", 
            "time": "2014-08-28 18:14:56", 
            "turn-index": 18, 
            "utterance": "いいですね！"
        }, 
        {
            "annotations": [], 
            "speaker": "U", 
            "time": "2014-08-28 18:15:09", 
            "turn-index": 19, 
            "utterance": "うん．何を食べに行きたい？"
        }, 
        {
            "annotations": [
                {
                    "annotator-id": "09_B", 
                    "breakdown": "T", 
                    "comment": "", 
                    "ungrammatical-sentence": "O"
                }, 
                {
                    "annotator-id": "12_A", 
                    "breakdown": "X", 
                    "comment": "", 
                    "ungrammatical-sentence": "O"
                }
            ], 
            "speaker": "S", 
            "time": "2014-08-28 18:15:09", 
            "turn-index": 20, 
            "utterance": "いいな"
        }
    ]
}